;FLAVOR:Marlin
;TIME:3015
;Filament used: 1.20662m
;Layer height: 0.12
;MINX:89.811
;MINY:89.81
;MINZ:0.12
;MAXX:145.19
;MAXY:145.19
;MAXZ:5.04
;TARGET_MACHINE.NAME:Creality Ender-3
;Generated with Cura_SteamEngine 5.10.2
M140 S50
M105
M190 S50
M104 S200
M105
M109 S200
; Ender 3 Custom Start G-code
G92 E0 ; Reset Extruder
G28 ; Home all axes
G1 Z2.0 F3000 ; Move Z Axis up little to prevent scratching of Heat Bed
G1 X0.1 Y20 Z0.3 F5000.0 ; Move to start position
G1 X0.1 Y200.0 Z0.3 F1500.0 E15 ; Draw the first line
G1 X0.4 Y200.0 Z0.3 F5000.0 ; Move to side a little
G1 X0.4 Y20 Z0.3 F1500.0 E30 ; Draw the second line
G92 E0 ; Reset Extruder
G1 Z2.0 F3000 ; Move Z Axis up little to prevent scratching of Heat Bed
G1 X5 Y20 Z0.3 F5000.0 ; Move over to prevent blob squish
M82 ;absolute extrusion mode
G92 E0
G92 E0
G1 F2700 E-5
;LAYER_COUNT:42
;LAYER:0
M107
G0 F6000 X93.429 Y93.661 Z0.12
;TYPE:SKIRT
G1 F2700 E0
G1 F1200 X93.97 Y93.138 E0.01502
G1 X94.72 Y92.5 E0.03467
G1 X95.716 Y91.811 E0.05883
G1 X96.228 Y91.499 E0.0708
G1 X97.081 Y91.03 E0.09023
G1 X97.973 Y90.638 E0.10967
G1 X98.895 Y90.327 E0.12909
G1 X99.757 Y90.116 E0.1468
G1 X100.541 Y89.982 E0.16267
G1 X101.148 Y89.905 E0.17488
G1 X101.945 Y89.855 E0.19082
G1 X102.11 Y89.828 E0.19415
G1 X103.054 Y89.811 E0.213
G1 X131.932 Y89.81 E0.78929
G1 X132.752 Y89.822 E0.80565
G1 X133.724 Y89.881 E0.82509
G1 X134.657 Y90.02 E0.84391
G1 X135.129 Y90.113 E0.85351
G1 X136.048 Y90.336 E0.87238
G1 X137.242 Y90.757 E0.89765
G1 X137.612 Y90.913 E0.90566
G1 X138.465 Y91.321 E0.92453
G1 X139.567 Y91.993 E0.95029
G1 X139.988 Y92.286 E0.96052
G1 X140.775 Y92.89 E0.98032
G1 X141.492 Y93.549 E0.99976
G1 X142.138 Y94.257 E1.01888
G1 X142.512 Y94.727 E1.03087
G1 X142.918 Y95.287 E1.04467
G1 X143.452 Y96.127 E1.06454
G1 X143.869 Y96.924 E1.08249
G1 X144.053 Y97.318 E1.09116
G1 X144.429 Y98.229 E1.11083
G1 X144.8 Y99.47 E1.13668
G1 X144.884 Y99.838 E1.14421
G1 X145.062 Y100.809 E1.16391
G1 X145.163 Y102.073 E1.18922
G1 X145.187 Y103.224 E1.21219
G1 X145.19 Y131.932 E1.78509
G1 X145.178 Y132.752 E1.80146
G1 X145.119 Y133.724 E1.82089
G1 X144.98 Y134.657 E1.83972
G1 X144.887 Y135.129 E1.84932
G1 X144.664 Y136.048 E1.86819
G1 X144.243 Y137.242 E1.89345
G1 X144.087 Y137.612 E1.90147
G1 X143.679 Y138.465 E1.92034
G1 X143.007 Y139.567 E1.94609
G1 X142.714 Y139.988 E1.95633
G1 X142.11 Y140.775 E1.97613
G1 X141.451 Y141.492 E1.99556
G1 X140.743 Y142.138 E2.01469
G1 X140.273 Y142.512 E2.02667
G1 X139.713 Y142.918 E2.04048
G1 X138.873 Y143.452 E2.06034
G1 X138.076 Y143.869 E2.07829
G1 X137.682 Y144.053 E2.08697
G1 X136.771 Y144.429 E2.10664
G1 X135.53 Y144.8 E2.13249
G1 X135.162 Y144.884 E2.14002
G1 X134.191 Y145.062 E2.15972
G1 X132.927 Y145.163 E2.18502
G1 X131.776 Y145.187 E2.208
G1 X103.068 Y145.19 E2.7809
G1 X102.248 Y145.178 E2.79726
G1 X101.276 Y145.119 E2.8167
G1 X100.343 Y144.98 E2.83552
G1 X99.871 Y144.887 E2.84512
G1 X98.952 Y144.664 E2.86399
G1 X97.758 Y144.243 E2.88926
G1 X97.388 Y144.087 E2.89727
G1 X96.535 Y143.679 E2.91614
G1 X95.433 Y143.007 E2.9419
G1 X95.012 Y142.714 E2.95213
G1 X94.225 Y142.11 E2.97193
G1 X93.508 Y141.451 E2.99137
G1 X92.862 Y140.743 E3.01049
G1 X92.488 Y140.273 E3.02248
G1 X92.082 Y139.713 E3.03628
G1 X91.548 Y138.873 E3.05615
G1 X91.131 Y138.076 E3.0741
G1 X90.947 Y137.682 E3.08277
G1 X90.571 Y136.771 E3.10244
G1 X90.2 Y135.53 E3.12829
G1 X90.116 Y135.162 E3.13582
G1 X89.938 Y134.191 E3.15552
G1 X89.837 Y132.927 E3.18083
G1 X89.813 Y131.776 E3.2038
G1 X89.811 Y103.02 E3.77766
G1 X89.823 Y102.309 E3.79185
G1 X89.906 Y101.155 E3.81494
G1 X90.047 Y100.151 E3.83517
G1 X90.239 Y99.232 E3.85391
G1 X90.531 Y98.266 E3.87405
G1 X90.882 Y97.394 E3.89281
G1 X91.398 Y96.392 E3.9153
G1 X91.86 Y95.618 E3.93329
G1 X92.309 Y94.96 E3.94918
G1 X92.914 Y94.207 E3.96846
G1 X93.429 Y93.661 E3.98344
G0 F6000 X93.707 Y93.948
G1 F1200 X94.23 Y93.442 E3.99796
G1 X94.948 Y92.829 E4.0168
G1 X95.925 Y92.152 E4.04052
G1 X96.421 Y91.849 E4.05212
G1 X97.243 Y91.396 E4.07085
G1 X98.101 Y91.017 E4.08957
G1 X98.99 Y90.716 E4.1083
G1 X99.852 Y90.505 E4.12601
G1 X100.591 Y90.379 E4.14097
G1 X101.198 Y90.302 E4.15318
G1 X101.996 Y90.252 E4.16913
G1 X102.117 Y90.228 E4.1716
G1 X103.054 Y90.211 E4.1903
G1 X131.927 Y90.21 E4.76649
G1 X132.728 Y90.221 E4.78248
G1 X133.665 Y90.277 E4.80121
G1 X134.58 Y90.413 E4.81967
G1 X135.035 Y90.502 E4.82892
G1 X135.954 Y90.725 E4.84779
G1 X137.108 Y91.134 E4.87223
G1 X137.439 Y91.274 E4.8794
G1 X138.292 Y91.682 E4.89827
G1 X139.339 Y92.322 E4.92276
G1 X139.745 Y92.604 E4.93262
G1 X140.505 Y93.185 E4.95171
G1 X141.197 Y93.819 E4.97044
G1 X141.825 Y94.506 E4.98902
G1 X142.188 Y94.962 E5.00065
G1 X142.594 Y95.522 E5.01445
G1 X143.098 Y96.313 E5.03317
G1 X143.507 Y97.094 E5.05076
G1 X143.684 Y97.471 E5.05907
G1 X144.046 Y98.344 E5.07793
G1 X144.41 Y99.56 E5.10326
G1 X144.491 Y99.911 E5.11045
G1 X144.663 Y100.841 E5.12933
G1 X144.763 Y102.081 E5.15415
G1 X144.787 Y103.224 E5.17697
G1 X144.79 Y131.927 E5.74977
G1 X144.779 Y132.728 E5.76575
G1 X144.723 Y133.665 E5.78448
G1 X144.587 Y134.58 E5.80294
G1 X144.498 Y135.035 E5.8122
G1 X144.275 Y135.954 E5.83107
G1 X143.866 Y137.108 E5.8555
G1 X143.726 Y137.439 E5.86267
G1 X143.318 Y138.292 E5.88154
G1 X142.678 Y139.339 E5.90603
G1 X142.396 Y139.745 E5.9159
G1 X141.815 Y140.505 E5.93499
G1 X141.181 Y141.197 E5.95372
G1 X140.494 Y141.825 E5.97229
G1 X140.038 Y142.188 E5.98392
G1 X139.478 Y142.594 E5.99773
G1 X138.687 Y143.098 E6.01644
G1 X137.906 Y143.507 E6.03404
G1 X137.529 Y143.684 E6.04235
G1 X136.656 Y144.046 E6.06121
G1 X135.44 Y144.41 E6.08654
G1 X135.089 Y144.491 E6.09373
G1 X134.159 Y144.663 E6.1126
G1 X132.919 Y144.763 E6.13743
G1 X131.776 Y144.787 E6.16024
G1 X103.073 Y144.79 E6.73304
G1 X102.272 Y144.779 E6.74903
G1 X101.335 Y144.723 E6.76776
G1 X100.42 Y144.587 E6.78622
G1 X99.965 Y144.498 E6.79547
G1 X99.046 Y144.275 E6.81434
G1 X97.892 Y143.866 E6.83878
G1 X97.561 Y143.726 E6.84595
G1 X96.708 Y143.318 E6.86482
G1 X95.661 Y142.678 E6.88931
G1 X95.255 Y142.396 E6.89917
G1 X94.495 Y141.815 E6.91826
G1 X93.803 Y141.181 E6.93699
G1 X93.175 Y140.494 E6.95557
G1 X92.812 Y140.038 E6.9672
G1 X92.406 Y139.478 E6.981
G1 X91.902 Y138.687 E6.99972
G1 X91.493 Y137.906 E7.01731
G1 X91.316 Y137.529 E7.02562
G1 X90.954 Y136.656 E7.04448
G1 X90.59 Y135.44 E7.06981
G1 X90.509 Y135.089 E7.077
G1 X90.337 Y134.159 E7.09588
G1 X90.237 Y132.919 E7.1207
G1 X90.213 Y131.776 E7.14352
G1 X90.211 Y103.026 E7.71725
G1 X90.222 Y102.338 E7.73099
G1 X90.305 Y101.184 E7.75407
G1 X90.439 Y100.233 E7.77324
G1 X90.631 Y99.314 E7.79198
G1 X90.902 Y98.415 E7.81071
G1 X91.238 Y97.577 E7.82873
G1 X91.754 Y96.575 E7.85122
G1 X92.191 Y95.843 E7.86824
G1 X92.621 Y95.211 E7.88349
G1 X93.226 Y94.458 E7.90277
G1 X93.707 Y93.948 E7.91676
G0 F6000 X93.985 Y94.235
G1 F1200 X94.49 Y93.746 E7.93079
G1 X95.176 Y93.158 E7.94882
G1 X96.134 Y92.493 E7.97209
G1 X96.614 Y92.199 E7.98332
G1 X97.405 Y91.762 E8.00136
G1 X98.23 Y91.396 E8.01937
G1 X99.085 Y91.105 E8.03739
G1 X99.947 Y90.894 E8.0551
G1 X100.641 Y90.776 E8.06915
G1 X101.248 Y90.699 E8.08136
G1 X102.125 Y90.645 E8.09889
G1 X102.124 Y90.628 E8.09923
G1 X103.054 Y90.611 E8.1178
G1 X131.922 Y90.61 E8.69389
G1 X132.705 Y90.62 E8.70951
G1 X133.606 Y90.673 E8.72753
G1 X134.504 Y90.806 E8.74564
G1 X134.942 Y90.891 E8.75455
G1 X135.82 Y91.102 E8.77257
G1 X136.974 Y91.511 E8.797
G1 X137.267 Y91.635 E8.80335
G1 X138.083 Y92.023 E8.82138
G1 X139.111 Y92.651 E8.84542
G1 X139.517 Y92.933 E8.85528
G1 X140.235 Y93.48 E8.8733
G1 X140.902 Y94.089 E8.89132
G1 X141.512 Y94.755 E8.90934
G1 X141.864 Y95.197 E8.92062
G1 X142.257 Y95.738 E8.93396
G1 X142.744 Y96.499 E8.95199
G1 X143.145 Y97.264 E8.96923
G1 X143.315 Y97.625 E8.97719
G1 X143.663 Y98.459 E8.99523
G1 X144.02 Y99.651 E9.02006
G1 X144.098 Y99.985 E9.0269
G1 X144.264 Y100.873 E9.04493
G1 X144.363 Y102.089 E9.06928
G1 X144.387 Y103.224 E9.09193
G1 X144.39 Y131.922 E9.66463
G1 X144.38 Y132.705 E9.68026
G1 X144.327 Y133.606 E9.69827
G1 X144.194 Y134.504 E9.71639
G1 X144.109 Y134.942 E9.72529
G1 X143.898 Y135.82 E9.74331
G1 X143.489 Y136.974 E9.76775
G1 X143.365 Y137.267 E9.7741
G1 X142.977 Y138.083 E9.79213
G1 X142.349 Y139.111 E9.81617
G1 X142.067 Y139.517 E9.82603
G1 X141.52 Y140.235 E9.84404
G1 X140.911 Y140.902 E9.86207
G1 X140.245 Y141.512 E9.88009
G1 X139.803 Y141.864 E9.89137
G1 X139.262 Y142.257 E9.90471
G1 X138.501 Y142.744 E9.92274
G1 X137.736 Y143.145 E9.93998
G1 X137.375 Y143.315 E9.94794
G1 X136.541 Y143.663 E9.96598
G1 X135.349 Y144.02 E9.99081
G1 X135.015 Y144.098 E9.99765
G1 X134.127 Y144.264 E10.01568
G1 X132.911 Y144.363 E10.04003
G1 X131.776 Y144.387 E10.06268
G1 X103.078 Y144.39 E10.63538
G1 X102.295 Y144.38 E10.65101
G1 X101.394 Y144.327 E10.66902
G1 X100.496 Y144.194 E10.68714
G1 X100.058 Y144.109 E10.69604
G1 X99.18 Y143.898 E10.71406
G1 X98.026 Y143.489 E10.73849
G1 X97.733 Y143.365 E10.74484
G1 X96.917 Y142.977 E10.76287
G1 X95.889 Y142.349 E10.78691
G1 X95.483 Y142.067 E10.79678
G1 X94.765 Y141.52 E10.81479
G1 X94.098 Y140.911 E10.83282
G1 X93.488 Y140.245 E10.85084
G1 X93.136 Y139.803 E10.86211
G1 X92.743 Y139.262 E10.87546
G1 X92.256 Y138.501 E10.89349
G1 X91.855 Y137.736 E10.91073
G1 X91.685 Y137.375 E10.91869
G1 X91.337 Y136.541 E10.93672
G1 X90.98 Y135.349 E10.96155
G1 X90.902 Y135.015 E10.9684
G1 X90.736 Y134.127 E10.98643
G1 X90.637 Y132.911 E11.01077
G1 X90.613 Y131.776 E11.03343
G1 X90.611 Y103.032 E11.60705
G1 X90.621 Y102.367 E11.62032
G1 X90.704 Y101.213 E11.64341
G1 X90.831 Y100.314 E11.66153
G1 X91.014 Y99.429 E11.67956
G1 X91.273 Y98.564 E11.69758
G1 X91.609 Y97.726 E11.7156
G1 X92.097 Y96.78 E11.73684
G1 X92.522 Y96.068 E11.75339
G1 X92.952 Y95.436 E11.76864
G1 X93.517 Y94.732 E11.78666
G1 X93.985 Y94.235 E11.80028
G1 F2700 E6.80028
;MESH:robotface-cover.stl
G0 F6000 X101.163 Y102.218
G0 X102.197 Y102.572
G0 X102.884 Y105.5
;TYPE:WALL-INNER
G1 F2700 E11.80028
G1 F759.5 X102.884 Y109.5 E11.9264
G1 F748.8 X102.892 Y109.694 E11.93261
G0 F6000 X103.158 Y110.159
G0 X106.662 Y110.33
G0 X117.5 Y110.41
G0 X117.5 Y110.1
G1 F1200 X104 Y110.1 E12.20202
G1 X103.769 Y110.054 E12.20672
G1 X103.519 Y109.86 E12.21303
G1 X103.4 Y109.583 E12.21905
G1 X103.4 Y105.5 E12.30053
G1 X103.575 Y105.075 E12.3097
G1 X103.911 Y104.9 E12.31726
G1 X131.091 Y104.9 E12.85967
G1 X131.425 Y105.074 E12.86719
G1 X131.6 Y105.5 E12.87638
G1 X131.6 Y109.586 E12.95792
G1 X131.481 Y109.86 E12.96388
G1 X131.232 Y110.055 E12.97019
G1 X131 Y110.1 E12.97491
G1 X117.5 Y110.1 E13.24431
G0 F6000 X117.5 Y110.41
G0 X128.34 Y110.33
G0 X131.838 Y110.338
G0 X132.104 Y109.693
G1 F759.5 X132.112 Y109.5 E13.2504
G1 F769.2 X132.112 Y105.5 E13.37493
G1 F845.1 X132.168 Y105.038 E13.38812
G1 F1052.6 X132.224 Y104.575 E13.39873
G1 F1200 X132.224 Y102.772 E13.43471
G1 X102.769 Y102.769 E14.02251
G1 X102.768 Y104.575 E14.05855
G1 F1048 X102.826 Y105.038 E14.06922
G1 F836.2 X102.884 Y105.5 E14.08255
G1 F930.2 X103.292 Y104.792 E14.10359
G1 F1200 X103.846 Y104.5 E14.11608
G1 X131.15 Y104.5 E14.66097
G1 X131.707 Y104.79 E14.6735
G1 F937.5 X132.112 Y105.5 E14.69438
G1 F2700 E9.69438
G0 F6000 X131.836 Y109.113
G0 X131.838 Y110.338
G0 X129.462 Y110.346
G0 X131.447 Y110.573
G0 X131.93 Y110.196
G0 X132.052 Y132.055
G0 X117.5 Y132.226
G1 F2700 E14.69438
G1 F1200 X132.224 Y132.227 E14.98821
G1 X132.224 Y110.241 E15.42696
G1 F923.1 X132.104 Y109.693 E15.44152
G1 X131.801 Y110.1 E15.45468
G1 F1200 X131.386 Y110.424 E15.46519
G1 X131 Y110.5 E15.47304
G1 X104 Y110.5 E16.01185
G1 X103.615 Y110.424 E16.01968
G1 X103.199 Y110.1 E16.03021
G1 F914.3 X102.892 Y109.694 E16.04354
G1 X102.768 Y110.243 E16.05828
G1 F1200 X102.772 Y132.224 E16.49694
G1 X117.5 Y132.226 E16.79085
G0 F6000 X117.5 Y132.626
G1 F1200 X132.495 Y132.628 E17.09009
G1 X132.624 Y132.549 E17.09311
G1 X132.621 Y102.479 E17.69319
G1 X132.569 Y102.399 E17.69509
G1 X132.49 Y102.372 E17.69676
G1 X102.596 Y102.369 E18.29333
G1 X102.429 Y102.426 E18.29685
G1 X102.369 Y102.6 E18.30052
G1 X102.375 Y132.52 E18.89761
G1 X102.453 Y132.624 E18.9002
G1 X117.5 Y132.626 E19.20048
G0 F6000 X117.5 Y133.026
;TYPE:WALL-OUTER
G1 F1200 X132.48 Y133.028 E19.49942
G1 X132.653 Y133 E19.50292
G1 X132.88 Y132.862 E19.50822
G1 X132.969 Y132.736 E19.5113
G1 X133.024 Y132.547 E19.51523
G1 X133.024 Y102.444 E20.11596
G1 X132.993 Y102.317 E20.11857
G1 X132.861 Y102.117 E20.12336
G1 X132.735 Y102.027 E20.12645
G1 X132.547 Y101.972 E20.13035
G1 X102.53 Y101.969 E20.72938
G1 X102.114 Y102.11 E20.73814
G1 X101.969 Y102.534 E20.74708
G1 X101.972 Y132.552 E21.34613
G1 X102.003 Y132.682 E21.34879
G1 X102.134 Y132.878 E21.3535
G1 X102.261 Y132.969 E21.35662
G1 X102.449 Y133.024 E21.36052
G1 X117.5 Y133.026 E21.66088
G1 F2700 E16.66088
G0 F6000 X117.501 Y132.32
G0 X132.306 Y132.309
G0 X132.104 Y109.684
G0 X131.93 Y110.196
G0 X131.656 Y110.41
G0 X117.5 Y110.41
G0 X117.5 Y109.7
G1 F2700 E21.66088
G1 F1200 X103.942 Y109.7 E21.93145
G1 X103.839 Y109.62 E21.93405
G1 X103.803 Y109.535 E21.93589
G1 X103.8 Y105.5 E22.01642
G1 X103.858 Y105.358 E22.01948
G1 X103.965 Y105.302 E22.02189
G1 X131.037 Y105.303 E22.56214
G1 X131.142 Y105.358 E22.5645
G1 X131.2 Y105.5 E22.56756
G1 X131.198 Y109.535 E22.64809
G1 X131.161 Y109.62 E22.64994
G1 X131.059 Y109.7 E22.65252
G1 X117.5 Y109.7 E22.92311
G1 F2700 E17.92311
G0 F6000 X117.5 Y110.41
G0 X131.447 Y110.573
G0 X131.93 Y110.196
G0 X132.104 Y109.684
G0 X132.306 Y132.309
G0 X117.499 Y132.125
G0 X117.5 Y131.864
;TYPE:SKIN
G1 F2700 E22.92311
G1 F1200 X103.132 Y131.864 E23.20984
G1 X103.124 Y110.488 E23.63642
G1 X103.468 Y110.754 E23.6451
G1 X103.963 Y110.856 E23.65518
G1 X130.992 Y110.86 E24.19458
G1 X131.527 Y110.757 E24.20545
G1 X131.864 Y110.496 E24.21395
G1 X131.864 Y131.864 E24.64038
G1 X117.5 Y131.864 E24.92702
G0 F6000 X117.499 Y132.125
G0 X103.944 Y132.124
G0 X103.945 Y131.664
G1 F1200 X103.331 Y131.05 E24.94435
G0 F6000 X103.331 Y130.484
G1 F1200 X104.511 Y131.664 E24.97766
G0 F6000 X105.077 Y131.664
G1 F1200 X103.331 Y129.918 E25.02693
G0 F6000 X103.33 Y129.352
G1 F1200 X105.642 Y131.664 E25.09218
G0 F6000 X106.208 Y131.664
G1 F1200 X103.33 Y128.786 E25.1734
G0 F6000 X103.33 Y128.22
G1 F1200 X106.774 Y131.664 E25.2706
G0 F6000 X107.34 Y131.664
G1 F1200 X103.33 Y127.654 E25.38377
G0 F6000 X103.33 Y127.088
G1 F1200 X107.905 Y131.664 E25.5129
G0 F6000 X108.471 Y131.664
G1 F1200 X103.33 Y126.523 E25.65799
G0 F6000 X103.329 Y125.956
G1 F1200 X109.037 Y131.664 E25.81908
G0 F6000 X109.602 Y131.664
G1 F1200 X103.329 Y125.391 E25.99612
G0 F6000 X103.329 Y124.825
G1 F1200 X110.168 Y131.664 E26.18913
G0 F6000 X110.734 Y131.664
G1 F1200 X103.329 Y124.259 E26.39812
G0 F6000 X103.328 Y123.693
G1 F1200 X111.299 Y131.664 E26.62308
G0 F6000 X111.865 Y131.664
G1 F1200 X103.328 Y123.127 E26.86401
G0 F6000 X103.328 Y122.561
G1 F1200 X112.431 Y131.664 E27.12092
G0 F6000 X112.996 Y131.664
G1 F1200 X103.327 Y121.995 E27.3938
G0 F6000 X103.327 Y121.429
G1 F1200 X113.562 Y131.664 E27.68265
G0 F6000 X114.128 Y131.664
G1 F1200 X103.327 Y120.864 E27.98746
G0 F6000 X103.327 Y120.297
G1 F1200 X114.693 Y131.664 E28.30825
G0 F6000 X115.259 Y131.664
G1 F1200 X103.327 Y119.732 E28.645
G0 F6000 X103.327 Y119.166
G1 F1200 X115.825 Y131.664 E28.99772
G0 F6000 X116.39 Y131.664
G1 F1200 X103.327 Y118.6 E29.3664
G0 F6000 X103.326 Y118.034
G1 F1200 X116.956 Y131.664 E29.75107
G0 F6000 X117.522 Y131.664
G1 F1200 X103.326 Y117.468 E30.15171
G0 F6000 X103.326 Y116.902
G1 F1200 X118.088 Y131.664 E30.56832
G0 F6000 X118.653 Y131.664
G1 F1200 X103.325 Y116.336 E31.00091
G0 F6000 X103.325 Y115.77
G1 F1200 X119.219 Y131.664 E31.44948
G0 F6000 X119.785 Y131.664
G1 F1200 X103.325 Y115.205 E31.914
G0 F6000 X103.325 Y114.638
G1 F1200 X120.35 Y131.664 E32.3945
G0 F6000 X120.916 Y131.664
G1 F1200 X103.325 Y114.073 E32.89095
G0 F6000 X103.325 Y113.507
G1 F1200 X121.482 Y131.664 E33.40338
G0 F6000 X122.047 Y131.664
G1 F1200 X103.325 Y112.941 E33.93177
G0 F6000 X103.324 Y112.375
G1 F1200 X122.613 Y131.664 E34.47615
G0 F6000 X123.179 Y131.664
G1 F1200 X103.324 Y111.809 E35.0365
G0 F6000 X103.324 Y111.243
G1 F1200 X123.744 Y131.664 E35.61281
G0 F6000 X124.31 Y131.664
G1 F1200 X103.641 Y110.995 E36.19613
G0 F6000 X104.272 Y111.06
G1 F1200 X124.876 Y131.664 E36.77762
G0 F6000 X125.441 Y131.664
G1 F1200 X104.838 Y111.06 E37.3591
G0 F6000 X105.403 Y111.06
G1 F1200 X126.007 Y131.664 E37.94059
G0 F6000 X126.573 Y131.664
G1 F1200 X105.969 Y111.06 E38.52208
G0 F6000 X106.535 Y111.06
G1 F1200 X127.139 Y131.664 E39.10357
G0 F6000 X127.704 Y131.664
G1 F1200 X107.101 Y111.06 E39.68504
G0 F6000 X107.666 Y111.06
G1 F1200 X128.27 Y131.664 E40.26653
G0 F6000 X128.836 Y131.664
G1 F1200 X108.232 Y111.06 E40.84802
G0 F6000 X108.798 Y111.06
G1 F1200 X129.401 Y131.664 E41.4295
G0 F6000 X129.967 Y131.664
G1 F1200 X109.363 Y111.06 E42.01099
G0 F6000 X109.929 Y111.06
G1 F1200 X130.533 Y131.664 E42.59247
G0 F6000 X131.098 Y131.664
G1 F1200 X110.495 Y111.06 E43.17395
G0 F6000 X111.06 Y111.06
G1 F1200 X131.664 Y131.664 E43.75544
G0 F6000 X131.664 Y131.098
G1 F1200 X111.626 Y111.06 E44.32095
G0 F6000 X112.192 Y111.06
G1 F1200 X131.664 Y130.533 E44.87051
G0 F6000 X131.664 Y129.967
G1 F1200 X112.757 Y111.06 E45.40411
G0 F6000 X113.323 Y111.06
G1 F1200 X131.664 Y129.401 E45.92173
G0 F6000 X131.664 Y128.836
G1 F1200 X113.889 Y111.06 E46.42339
G0 F6000 X114.454 Y111.06
G1 F1200 X131.664 Y128.27 E46.9091
G0 F6000 X131.664 Y127.704
G1 F1200 X115.02 Y111.06 E47.37883
G0 F6000 X115.586 Y111.06
G1 F1200 X131.664 Y127.139 E47.8326
G0 F6000 X131.664 Y126.573
G1 F1200 X116.151 Y111.06 E48.27041
G0 F6000 X116.717 Y111.06
G1 F1200 X131.664 Y126.007 E48.69224
G0 F6000 X131.664 Y125.441
G1 F1200 X117.283 Y111.06 E49.09811
G0 F6000 X117.849 Y111.06
G1 F1200 X131.664 Y124.876 E49.48801
G0 F6000 X131.664 Y124.31
G1 F1200 X118.414 Y111.06 E49.86195
G0 F6000 X118.98 Y111.06
G1 F1200 X131.664 Y123.744 E50.21992
G0 F6000 X131.664 Y123.179
G1 F1200 X119.546 Y111.06 E50.56193
G0 F6000 X120.111 Y111.06
G1 F1200 X131.664 Y122.613 E50.88798
G0 F6000 X131.664 Y122.047
G1 F1200 X120.677 Y111.06 E51.19806
G0 F6000 X121.243 Y111.06
G1 F1200 X131.664 Y121.482 E51.49218
G0 F6000 X131.664 Y120.916
G1 F1200 X121.808 Y111.06 E51.77034
G0 F6000 X122.374 Y111.06
G1 F1200 X131.664 Y120.35 E52.03252
G0 F6000 X131.664 Y119.785
G1 F1200 X122.94 Y111.06 E52.27874
G0 F6000 X123.505 Y111.06
G1 F1200 X131.664 Y119.219 E52.50901
G0 F6000 X131.664 Y118.653
G1 F1200 X124.071 Y111.06 E52.7233
G0 F6000 X124.637 Y111.06
G1 F1200 X131.664 Y118.088 E52.92163
G0 F6000 X131.664 Y117.522
G1 F1200 X125.202 Y111.06 E53.104
G0 F6000 X125.768 Y111.06
G1 F1200 X131.664 Y116.956 E53.2704
G0 F6000 X131.664 Y116.39
G1 F1200 X126.334 Y111.06 E53.42082
G0 F6000 X126.9 Y111.06
G1 F1200 X131.664 Y115.825 E53.55529
G0 F6000 X131.664 Y115.259
G1 F1200 X127.465 Y111.06 E53.67379
G0 F6000 X128.031 Y111.06
G1 F1200 X131.664 Y114.693 E53.77632
G0 F6000 X131.664 Y114.128
G1 F1200 X128.597 Y111.06 E53.8629
G0 F6000 X129.162 Y111.06
G1 F1200 X131.664 Y113.562 E53.93351
G0 F6000 X131.664 Y112.996
G1 F1200 X129.728 Y111.06 E53.98815
G0 F6000 X130.294 Y111.06
G1 F1200 X131.664 Y112.431 E54.02682
G0 F6000 X131.664 Y111.865
G1 F1200 X130.859 Y111.06 E54.04954
G0 F6000 X131.359 Y110.995
G1 F1200 X131.664 Y111.299 E54.05814
G1 F2700 E49.05814
G0 F6000 X132.124 Y111.299
G0 X132.032 Y110.036
G0 X131.447 Y110.573
G0 X127.919 Y110.319
G0 X103.162 Y110.338
G0 X103.162 Y104.662
G0 X102.961 Y105.134
G0 X102.869 Y104.479
G0 X103.128 Y104.48
G1 F2700 E54.05814
G1 F1200 X103.128 Y103.128 E54.08512
G1 X131.864 Y103.132 E54.65857
G1 X131.864 Y104.474 E54.68536
G1 X131.222 Y104.146 E54.69974
G1 X103.766 Y104.143 E55.24766
G1 X103.128 Y104.48 E55.26206
G0 F6000 X103.494 Y104.06
G1 F1200 X103.328 Y103.894 E55.26674
G0 F6000 X103.328 Y103.328
G1 F1200 X103.94 Y103.94 E55.28401
G0 F6000 X104.505 Y103.94
G1 F1200 X103.894 Y103.329 E55.30126
G0 F6000 X104.46 Y103.329
G1 F1200 X105.071 Y103.94 E55.3185
G0 F6000 X105.637 Y103.94
G1 F1200 X105.026 Y103.329 E55.33574
G0 F6000 X105.592 Y103.329
G1 F1200 X106.202 Y103.94 E55.35297
G0 F6000 X106.768 Y103.94
G1 F1200 X106.157 Y103.329 E55.37022
G0 F6000 X106.723 Y103.329
G1 F1200 X107.334 Y103.94 E55.38746
G0 F6000 X107.9 Y103.94
G1 F1200 X107.289 Y103.329 E55.40471
G0 F6000 X107.854 Y103.329
G1 F1200 X108.465 Y103.94 E55.42195
G0 F6000 X109.031 Y103.94
G1 F1200 X108.42 Y103.329 E55.43919
G0 F6000 X108.986 Y103.329
G1 F1200 X109.597 Y103.94 E55.45644
G0 F6000 X110.162 Y103.94
G1 F1200 X109.552 Y103.33 E55.47365
G0 F6000 X110.118 Y103.33
G1 F1200 X110.728 Y103.94 E55.49087
G0 F6000 X111.294 Y103.94
G1 F1200 X110.683 Y103.33 E55.5081
G0 F6000 X111.249 Y103.33
G1 F1200 X111.859 Y103.94 E55.52531
G0 F6000 X112.425 Y103.94
G1 F1200 X111.815 Y103.33 E55.54253
G0 F6000 X112.38 Y103.33
G1 F1200 X112.991 Y103.94 E55.55976
G0 F6000 X113.556 Y103.94
G1 F1200 X112.946 Y103.33 E55.57697
G0 F6000 X113.512 Y103.33
G1 F1200 X114.122 Y103.94 E55.59419
G0 F6000 X114.688 Y103.94
G1 F1200 X114.078 Y103.33 E55.6114
G0 F6000 X114.643 Y103.33
G1 F1200 X115.253 Y103.94 E55.62862
G0 F6000 X115.819 Y103.94
G1 F1200 X115.21 Y103.33 E55.64582
G0 F6000 X115.775 Y103.33
G1 F1200 X116.385 Y103.94 E55.66304
G0 F6000 X116.951 Y103.94
G1 F1200 X116.341 Y103.33 E55.68025
G0 F6000 X116.907 Y103.33
G1 F1200 X117.516 Y103.94 E55.69745
G0 F6000 X118.082 Y103.94
G1 F1200 X117.472 Y103.33 E55.71467
G0 F6000 X118.038 Y103.33
G1 F1200 X118.648 Y103.94 E55.73188
G0 F6000 X119.213 Y103.94
G1 F1200 X118.604 Y103.33 E55.74909
G0 F6000 X119.169 Y103.33
G1 F1200 X119.779 Y103.94 E55.7663
G0 F6000 X120.345 Y103.94
G1 F1200 X119.735 Y103.33 E55.78352
G0 F6000 X120.301 Y103.33
G1 F1200 X120.91 Y103.94 E55.80072
G0 F6000 X121.476 Y103.94
G1 F1200 X120.867 Y103.331 E55.81791
G0 F6000 X121.433 Y103.331
G1 F1200 X122.042 Y103.94 E55.83509
G0 F6000 X122.607 Y103.94
G1 F1200 X121.999 Y103.331 E55.85227
G0 F6000 X122.564 Y103.331
G1 F1200 X123.173 Y103.94 E55.86945
G0 F6000 X123.739 Y103.94
G1 F1200 X123.13 Y103.331 E55.88664
G0 F6000 X123.696 Y103.331
G1 F1200 X124.304 Y103.94 E55.90381
G0 F6000 X124.87 Y103.94
G1 F1200 X124.261 Y103.331 E55.921
G0 F6000 X124.827 Y103.331
G1 F1200 X125.436 Y103.94 E55.93819
G0 F6000 X126.001 Y103.94
G1 F1200 X125.393 Y103.331 E55.95536
G0 F6000 X125.958 Y103.331
G1 F1200 X126.567 Y103.94 E55.97255
G0 F6000 X127.133 Y103.94
G1 F1200 X126.525 Y103.332 E55.98971
G0 F6000 X127.09 Y103.332
G1 F1200 X127.699 Y103.94 E56.00688
G0 F6000 X128.264 Y103.94
G1 F1200 X127.656 Y103.332 E56.02404
G0 F6000 X128.222 Y103.332
G1 F1200 X128.83 Y103.94 E56.0412
G0 F6000 X129.396 Y103.94
G1 F1200 X128.787 Y103.332 E56.05837
G0 F6000 X129.353 Y103.332
G1 F1200 X129.961 Y103.94 E56.07553
G0 F6000 X130.527 Y103.94
G1 F1200 X129.919 Y103.332 E56.09269
G0 F6000 X130.485 Y103.332
G1 F1200 X131.093 Y103.94 E56.10985
G0 F6000 X131.664 Y103.945
G1 F1200 X131.05 Y103.332 E56.12716
G1 F2700 E51.12716
;MESH:NONMESH
G0 F300 X131.05 Y103.332 Z0.24
G0 F6000 X131.051 Y102.872
G0 X102.569 Y102.198
G0 X102.219 Y101.163
G0 X93.985 Y94.235
;TIME_ELAPSED:164.169041
;LAYER:1
M106 S85
;TYPE:SKIRT
G1 F2700 E56.12716
G1 F1200 X94.49 Y93.746 E56.14119
G1 X95.176 Y93.158 E56.15922
G1 X96.134 Y92.493 E56.1825
G1 X96.614 Y92.199 E56.19373
G1 X97.405 Y91.762 E56.21176
G1 X98.23 Y91.396 E56.22977
G1 X99.085 Y91.105 E56.2478
G1 X99.947 Y90.894 E56.26551
G1 X100.641 Y90.776 E56.27956
G1 X101.248 Y90.699 E56.29177
G1 X102.125 Y90.645 E56.3093
G1 X102.124 Y90.628 E56.30964
G1 X103.054 Y90.611 E56.3282
G1 X131.922 Y90.61 E56.90429
G1 X132.705 Y90.62 E56.91992
G1 X133.606 Y90.673 E56.93793
G1 X134.504 Y90.806 E56.95605
G1 X134.942 Y90.891 E56.96495
G1 X135.82 Y91.102 E56.98297
G1 X136.974 Y91.511 E57.00741
G1 X137.267 Y91.635 E57.01376
G1 X138.083 Y92.023 E57.03179
G1 X139.111 Y92.651 E57.05583
G1 X139.517 Y92.933 E57.06569
G1 X140.235 Y93.48 E57.0837
G1 X140.902 Y94.089 E57.10173
G1 X141.512 Y94.755 E57.11975
G1 X141.864 Y95.197 E57.13103
G1 X142.257 Y95.738 E57.14437
G1 X142.744 Y96.499 E57.1624
G1 X143.145 Y97.264 E57.17964
G1 X143.315 Y97.625 E57.1876
G1 X143.663 Y98.459 E57.20564
G1 X144.02 Y99.651 E57.23047
G1 X144.098 Y99.985 E57.23731
G1 X144.264 Y100.873 E57.25534
G1 X144.363 Y102.089 E57.27969
G1 X144.387 Y103.224 E57.30234
G1 X144.39 Y131.922 E57.87504
G1 X144.38 Y132.705 E57.89067
G1 X144.327 Y133.606 E57.90868
G1 X144.194 Y134.504 E57.9268
G1 X144.109 Y134.942 E57.9357
G1 X143.898 Y135.82 E57.95372
G1 X143.489 Y136.974 E57.97815
G1 X143.365 Y137.267 E57.9845
G1 X142.977 Y138.083 E58.00253
G1 X142.349 Y139.111 E58.02657
G1 X142.067 Y139.517 E58.03644
G1 X141.52 Y140.235 E58.05445
G1 X140.911 Y140.902 E58.07248
G1 X140.245 Y141.512 E58.0905
G1 X139.803 Y141.864 E58.10178
G1 X139.262 Y142.257 E58.11512
G1 X138.501 Y142.744 E58.13315
G1 X137.736 Y143.145 E58.15039
G1 X137.375 Y143.315 E58.15835
G1 X136.541 Y143.663 E58.17638
G1 X135.349 Y144.02 E58.20121
G1 X135.015 Y144.098 E58.20806
G1 X134.127 Y144.264 E58.22609
G1 X132.911 Y144.363 E58.25043
G1 X131.776 Y144.387 E58.27309
G1 X103.078 Y144.39 E58.84579
G1 X102.295 Y144.38 E58.86142
G1 X101.394 Y144.327 E58.87943
G1 X100.496 Y144.194 E58.89754
G1 X100.058 Y144.109 E58.90645
G1 X99.18 Y143.898 E58.92447
G1 X98.026 Y143.489 E58.9489
G1 X97.733 Y143.365 E58.95525
G1 X96.917 Y142.977 E58.97328
G1 X95.889 Y142.349 E58.99732
G1 X95.483 Y142.067 E59.00719
G1 X94.765 Y141.52 E59.0252
G1 X94.098 Y140.911 E59.04322
G1 X93.488 Y140.245 E59.06125
G1 X93.136 Y139.803 E59.07252
G1 X92.743 Y139.262 E59.08587
G1 X92.256 Y138.501 E59.1039
G1 X91.855 Y137.736 E59.12113
G1 X91.685 Y137.375 E59.1291
G1 X91.337 Y136.541 E59.14713
G1 X90.98 Y135.349 E59.17196
G1 X90.902 Y135.015 E59.17881
G1 X90.736 Y134.127 E59.19683
G1 X90.637 Y132.911 E59.22118
G1 X90.613 Y131.776 E59.24384
G1 X90.611 Y103.032 E59.81745
G1 X90.621 Y102.367 E59.83073
G1 X90.704 Y101.213 E59.85382
G1 X90.831 Y100.314 E59.87193
G1 X91.014 Y99.429 E59.88997
G1 X91.273 Y98.564 E59.90799
G1 X91.609 Y97.726 E59.92601
G1 X92.097 Y96.78 E59.94725
G1 X92.522 Y96.068 E59.96379
G1 X92.952 Y95.436 E59.97905
G1 X93.517 Y94.732 E59.99706
G1 X93.985 Y94.235 E60.01069
G1 F2700 E55.01069
;MESH:robotface-cover.stl
G0 F7500 X104.001 Y104.319
G0 X103.62 Y104.666
G0 X103.162 Y104.662
G0 X103.162 Y110.338
G0 X107.12 Y110.334
G0 X117.5 Y110.5
;TYPE:WALL-INNER
G1 F2700 E60.01069
G1 F1350 X104 Y110.5 E60.28009
G1 X103.719 Y110.46 E60.28576
G1 X103.399 Y110.3 E60.2929
G1 X103.117 Y109.971 E60.30155
G1 X103 Y109.632 E60.3087
G1 X103 Y105.5 E60.39116
G1 X103.118 Y105.028 E60.40087
G1 X103.401 Y104.698 E60.40955
G1 X103.722 Y104.539 E60.41669
G1 X104 Y104.5 E60.4223
G1 X131 Y104.5 E60.96111
G1 X131.276 Y104.539 E60.96667
G1 X131.598 Y104.697 E60.97383
G1 X131.882 Y105.027 E60.98252
G1 X132 Y105.5 E60.99225
G1 X132 Y109.632 E61.07471
G1 X131.883 Y109.971 E61.08186
G1 X131.6 Y110.3 E61.09052
G1 X131.281 Y110.461 E61.09765
G1 X131 Y110.5 E61.10332
G1 X117.5 Y110.5 E61.37272
G0 F7500 X117.5 Y110.1
G1 F1350 X103.879 Y110.1 E61.64454
G1 X103.639 Y109.98 E61.6499
G1 X103.47 Y109.783 E61.65508
G1 X103.4 Y109.581 E61.65935
G1 X103.4 Y105.5 E61.74079
G1 X103.47 Y105.216 E61.74662
G1 X103.641 Y105.019 E61.75183
G1 X103.879 Y104.9 E61.75714
G1 X131.119 Y104.9 E62.30074
G1 X131.359 Y105.018 E62.30608
G1 X131.53 Y105.216 E62.3113
G1 X131.6 Y105.5 E62.31714
G1 X131.6 Y109.581 E62.39858
G1 X131.53 Y109.783 E62.40284
G1 X131.36 Y109.98 E62.40804
G1 X131.124 Y110.1 E62.41332
G1 X117.5 Y110.1 E62.6852
G1 F2700 E57.6852
G0 F7500 X117.5 Y110.41
G0 X117.5 Y110.68
G0 X117.5 Y132.6
G0 X117.5 Y132.8
G1 F2700 E62.6852
G1 F1350 X132.524 Y132.8 E62.98502
G1 X132.739 Y132.673 E62.99001
G1 X132.799 Y132.532 E62.99306
G1 X132.8 Y102.474 E63.5929
G1 X132.715 Y102.295 E63.59686
G1 X132.524 Y102.196 E63.60115
G1 X102.599 Y102.196 E64.19834
G1 X102.345 Y102.245 E64.2035
G1 X102.247 Y102.346 E64.20631
G1 X102.196 Y102.599 E64.21146
G1 X102.196 Y132.524 E64.80864
G1 X102.323 Y132.739 E64.81363
G1 X102.467 Y132.8 E64.81675
G1 X117.5 Y132.8 E65.11675
G0 F7500 X117.5 Y133.2
G1 F1350 X132.588 Y133.2 E65.41785
G1 X132.813 Y133.126 E65.42257
G1 X133.064 Y132.911 E65.42917
G1 X133.199 Y132.594 E65.43604
G1 X133.2 Y102.411 E66.03838
G1 X133.125 Y102.183 E66.04317
G1 X133.014 Y102.027 E66.04699
G1 X132.777 Y101.859 E66.05279
G1 X132.589 Y101.796 E66.05674
G1 X102.559 Y101.796 E66.65602
G1 X102.204 Y101.866 E66.66324
G1 X102.071 Y101.941 E66.66629
G1 X101.868 Y102.198 E66.67283
G1 X101.796 Y102.559 E66.68017
G1 X101.796 Y132.588 E67.27943
G1 X101.87 Y132.813 E67.28416
G1 X101.984 Y132.971 E67.28805
G1 X102.215 Y133.139 E67.29375
G1 X102.405 Y133.2 E67.29773
G1 X117.5 Y133.2 E67.59897
G1 F2700 E62.59897
G0 F7500 X117.501 Y132.893
G0 X102.247 Y132.792
G0 X101.753 Y133.335
;TYPE:WALL-OUTER
G1 F2700 E67.59897
G1 F1350 X102.053 Y133.507 E67.60587
G1 X102.343 Y133.6 E67.61195
G1 X117.5 Y133.6 E67.91442
G1 X132.652 Y133.6 E68.2168
G1 X132.996 Y133.487 E68.22402
G1 X133.335 Y133.243 E68.23236
G1 X133.507 Y132.942 E68.23928
G1 X133.599 Y132.656 E68.24527
G1 X133.6 Y102.348 E68.8501
G1 X133.487 Y102 E68.8574
G1 X133.314 Y101.759 E68.86332
G1 X132.941 Y101.492 E68.87248
G1 X132.655 Y101.396 E68.8785
G1 X102.52 Y101.396 E69.47987
G1 X102.063 Y101.486 E69.48917
G1 X101.827 Y101.621 E69.49459
G1 X101.635 Y101.813 E69.50001
G1 X101.49 Y102.05 E69.50556
G1 X101.396 Y102.52 E69.51512
G1 X101.396 Y132.652 E70.11644
G1 X101.509 Y132.996 E70.12366
G1 X101.753 Y133.335 E70.132
G1 F2700 E65.132
G0 F7500 X102.247 Y132.792
G0 X102.396 Y110.41
G0 X103.668 Y110.633
G0 X117.5 Y109.7
G1 F2700 E70.132
G1 F1350 X103.959 Y109.7 E70.40222
G1 X103.879 Y109.66 E70.40401
G1 X103.802 Y109.535 E70.40694
G1 X103.8 Y105.422 E70.48902
G1 X103.965 Y105.302 E70.49309
G1 X131.042 Y105.3 E71.03344
G1 X131.2 Y105.423 E71.03744
G1 X131.198 Y109.535 E71.1195
G1 X131.12 Y109.66 E71.12244
G1 X131.044 Y109.7 E71.12415
G1 X117.5 Y109.7 E71.39444
G1 F2700 E66.39444
G0 F7500 X117.5 Y110.41
G0 X117.5 Y110.68
G0 X117.5 Y132.6
G0 X117.5 Y132.44
;TYPE:SKIN
G1 F2700 E71.39444
G1 F1350 X102.556 Y132.44 E71.69266
G1 X102.556 Y110.145 E72.13758
G1 F1213.5 X102.599 Y109.694 E72.14764
G1 F1153.8 X102.803 Y110.155 E72.15941
G1 F1244.2 X103.174 Y110.585 E72.17171
G1 F1313.9 X103.609 Y110.805 E72.1817
G1 F1350 X103.975 Y110.858 E72.18908
G1 X131.021 Y110.859 E72.72881
G1 X131.384 Y110.806 E72.73613
G1 F1317.1 X131.822 Y110.586 E72.74616
G1 F1255.8 X132.194 Y110.155 E72.75837
G1 F1173.9 X132.399 Y109.689 E72.77006
G1 F1227.3 X132.438 Y110.147 E72.78015
G1 F1350 X132.436 Y132.44 E73.22503
G1 X117.5 Y132.44 E73.52309
G1 F2700 E68.52309
G0 F7500 X117.5 Y132.7
G0 X102.435 Y132.634
G0 X102.296 Y109.694
G0 X102.599 Y109.694
G1 F2700 E73.52309
G1 F1102 X102.602 Y105.445 E73.62696
G1 F1213.5 X102.557 Y104.877 E73.63961
G1 F1350 X102.556 Y102.556 E73.68593
G1 X132.439 Y102.557 E74.28228
G1 X132.439 Y104.875 E74.32854
G1 F1219 X132.396 Y105.444 E74.34115
G1 F1163.8 X132.198 Y104.85 E74.35564
G1 F1279.6 X131.819 Y104.406 E74.36793
G1 F1350 X131.376 Y104.191 E74.37776
G1 X131.019 Y104.141 E74.38496
G1 X103.981 Y104.141 E74.92453
G1 X103.624 Y104.191 E74.93172
G1 F1313.9 X103.178 Y104.411 E74.94192
G1 F1244.2 X102.799 Y104.85 E74.95448
G1 F1153.8 X102.602 Y105.445 E74.96911
G1 F2700 E69.96911
G0 F7500 X102.9 Y105.519
G0 X103.562 Y105.062
G0 X131.438 Y105.062
G0 X131.45 Y105.445
G0 X132.619 Y105.447
G0 X132.396 Y105.444
G1 F2700 E74.96911
G1 F1118 X132.399 Y109.689 E75.0714
G0 F7500 X132.699 Y109.69
G0 X132.699 Y131.94
G0 X132.236 Y131.939
G1 F1350 X131.935 Y132.24 E75.0799
G0 F7500 X131.369 Y132.24
G1 F1350 X132.236 Y131.373 E75.10437
G0 F7500 X132.236 Y130.808
G1 F1350 X130.803 Y132.24 E75.14479
G0 F7500 X130.238 Y132.24
G1 F1350 X132.236 Y130.242 E75.20118
G0 F7500 X132.236 Y129.676
G1 F1350 X129.672 Y132.24 E75.27354
G0 F7500 X129.106 Y132.24
G1 F1350 X132.236 Y129.111 E75.36186
G0 F7500 X132.236 Y128.545
G1 F1350 X128.541 Y132.24 E75.46615
G0 F7500 X127.975 Y132.24
G1 F1350 X132.236 Y127.979 E75.5864
G0 F7500 X132.236 Y127.414
G1 F1350 X127.409 Y132.24 E75.72261
G0 F7500 X126.844 Y132.24
G1 F1350 X132.236 Y126.848 E75.87479
G0 F7500 X132.236 Y126.282
G1 F1350 X126.278 Y132.24 E76.04294
G0 F7500 X125.712 Y132.24
G1 F1350 X132.236 Y125.717 E76.22704
G0 F7500 X132.236 Y125.151
G1 F1350 X125.147 Y132.24 E76.42711
G0 F7500 X124.581 Y132.24
G1 F1350 X132.237 Y124.584 E76.64318
G0 F7500 X132.237 Y124.019
G1 F1350 X124.015 Y132.24 E76.87521
G0 F7500 X123.45 Y132.24
G1 F1350 X132.237 Y123.453 E77.1232
G0 F7500 X132.237 Y122.887
G1 F1350 X122.884 Y132.24 E77.38716
G0 F7500 X122.318 Y132.24
G1 F1350 X132.237 Y122.322 E77.66708
G0 F7500 X132.237 Y121.756
G1 F1350 X121.752 Y132.24 E77.96297
G0 F7500 X121.187 Y132.24
G1 F1350 X132.237 Y121.19 E78.27483
G0 F7500 X132.237 Y120.625
G1 F1350 X120.621 Y132.24 E78.60264
G0 F7500 X120.055 Y132.24
G1 F1350 X132.237 Y120.059 E78.94643
G0 F7500 X132.237 Y119.493
G1 F1350 X119.49 Y132.24 E79.30618
G0 F7500 X118.924 Y132.24
G1 F1350 X132.237 Y118.928 E79.68189
G0 F7500 X132.237 Y118.362
G1 F1350 X118.358 Y132.24 E80.07357
G0 F7500 X117.793 Y132.24
G1 F1350 X132.237 Y117.796 E80.48121
G0 F7500 X132.237 Y117.23
G1 F1350 X117.227 Y132.24 E80.90482
G0 F7500 X116.661 Y132.24
G1 F1350 X132.237 Y116.664 E81.34441
G0 F7500 X132.237 Y116.098
G1 F1350 X116.096 Y132.24 E81.79996
G0 F7500 X115.53 Y132.24
G1 F1350 X132.237 Y115.533 E82.27147
G0 F7500 X132.237 Y114.967
G1 F1350 X114.964 Y132.24 E82.75895
G0 F7500 X114.399 Y132.24
G1 F1350 X132.237 Y114.401 E83.26239
G0 F7500 X132.237 Y113.836
G1 F1350 X113.833 Y132.24 E83.78179
G0 F7500 X113.267 Y132.24
G1 F1350 X132.237 Y113.27 E84.31717
G0 F7500 X132.237 Y112.704
G1 F1350 X112.702 Y132.24 E84.8685
G0 F7500 X112.136 Y132.24
G1 F1350 X132.237 Y112.139 E85.43579
G0 F7500 X132.237 Y111.573
G1 F1350 X111.57 Y132.24 E86.01906
G0 F7500 X111.004 Y132.24
G1 F1350 X132.237 Y111.007 E86.6183
G0 F7500 X131.918 Y110.761
G1 F1350 X110.439 Y132.24 E87.22449
G0 F7500 X109.873 Y132.24
G1 F1350 X131.062 Y111.052 E87.82247
G0 F7500 X130.487 Y111.06
G1 F1350 X109.307 Y132.24 E88.42022
G0 F7500 X108.742 Y132.24
G1 F1350 X129.922 Y111.06 E89.01796
G0 F7500 X129.356 Y111.06
G1 F1350 X108.176 Y132.24 E89.61571
G0 F7500 X107.61 Y132.24
G1 F1350 X128.79 Y111.06 E90.21345
G0 F7500 X128.225 Y111.06
G1 F1350 X107.045 Y132.24 E90.8112
G0 F7500 X106.479 Y132.24
G1 F1350 X127.659 Y111.06 E91.40894
G0 F7500 X127.094 Y111.06
G1 F1350 X105.913 Y132.24 E92.0067
G0 F7500 X105.348 Y132.24
G1 F1350 X126.528 Y111.06 E92.60445
G0 F7500 X125.963 Y111.06
G1 F1350 X104.782 Y132.24 E93.20221
G0 F7500 X104.216 Y132.24
G1 F1350 X125.397 Y111.06 E93.79997
G0 F7500 X124.831 Y111.06
G1 F1350 X103.651 Y132.24 E94.39771
G0 F7500 X103.085 Y132.24
G1 F1350 X124.266 Y111.06 E94.99547
G0 F7500 X123.7 Y111.06
G1 F1350 X102.757 Y132.003 E95.58653
G0 F7500 X102.757 Y131.437
G1 F1350 X123.135 Y111.059 E96.16164
G0 F7500 X122.569 Y111.059
G1 F1350 X102.757 Y130.871 E96.72078
G0 F7500 X102.757 Y130.306
G1 F1350 X122.003 Y111.059 E97.26395
G0 F7500 X121.438 Y111.059
G1 F1350 X102.757 Y129.74 E97.79117
G0 F7500 X102.757 Y129.174
G1 F1350 X120.872 Y111.059 E98.30242
G0 F7500 X120.306 Y111.059
G1 F1350 X102.757 Y128.609 E98.7977
G0 F7500 X102.757 Y128.043
G1 F1350 X119.741 Y111.059 E99.27703
G0 F7500 X119.176 Y111.058
G1 F1350 X102.757 Y127.477 E99.74041
G0 F7500 X102.757 Y126.912
G1 F1350 X118.61 Y111.058 E100.18783
G0 F7500 X118.044 Y111.058
G1 F1350 X102.757 Y126.346 E100.61927
G0 F7500 X102.757 Y125.78
G1 F1350 X117.479 Y111.058 E101.03476
G0 F7500 X116.913 Y111.058
G1 F1350 X102.757 Y125.214 E101.43427
G0 F7500 X102.757 Y124.649
G1 F1350 X116.347 Y111.058 E101.81783
G0 F7500 X115.782 Y111.058
G1 F1350 X102.757 Y124.083 E102.18542
G0 F7500 X102.757 Y123.517
G1 F1350 X115.217 Y111.057 E102.53707
G0 F7500 X114.651 Y111.057
G1 F1350 X102.757 Y122.952 E102.87276
G0 F7500 X102.757 Y122.386
G1 F1350 X114.085 Y111.057 E103.19247
G0 F7500 X113.52 Y111.057
G1 F1350 X102.757 Y121.82 E103.49623
G0 F7500 X102.757 Y121.255
G1 F1350 X112.954 Y111.057 E103.78402
G0 F7500 X112.388 Y111.057
G1 F1350 X102.757 Y120.689 E104.05584
G0 F7500 X102.757 Y120.123
G1 F1350 X111.823 Y111.057 E104.31171
G0 F7500 X111.258 Y111.057
G1 F1350 X102.757 Y119.558 E104.55162
G0 F7500 X102.757 Y118.992
G1 F1350 X110.692 Y111.057 E104.77556
G0 F7500 X110.126 Y111.057
G1 F1350 X102.757 Y118.426 E104.98353
G0 F7500 X102.757 Y117.861
G1 F1350 X109.561 Y111.057 E105.17556
G0 F7500 X108.995 Y111.057
G1 F1350 X102.757 Y117.295 E105.35161
G0 F7500 X102.757 Y116.729
G1 F1350 X108.429 Y111.057 E105.51168
G0 F7500 X107.863 Y111.057
G1 F1350 X102.757 Y116.164 E105.6558
G0 F7500 X102.757 Y115.598
G1 F1350 X107.299 Y111.056 E105.78398
G0 F7500 X106.733 Y111.056
G1 F1350 X102.757 Y115.032 E105.8962
G0 F7500 X102.757 Y114.466
G1 F1350 X106.167 Y111.056 E105.99243
G0 F7500 X105.601 Y111.056
G1 F1350 X102.757 Y113.901 E106.07271
G0 F7500 X102.757 Y113.335
G1 F1350 X105.036 Y111.056 E106.13703
G0 F7500 X104.47 Y111.056
G1 F1350 X102.757 Y112.769 E106.18537
G0 F7500 X102.757 Y112.204
G1 F1350 X103.91 Y111.05 E106.21793
G0 F7500 X103.448 Y110.946
G1 F1350 X102.757 Y111.638 E106.23744
G0 F7500 X102.757 Y111.072
G1 F1350 X103.072 Y110.757 E106.24633
G1 F2700 E101.24633
G0 F7500 X103.352 Y110.386
G0 X103.169 Y109.921
G0 X102.819 Y105.502
G0 X102.396 Y105.502
G0 X102.296 Y104.284
G0 X102.757 Y104.284
G1 F2700 E106.24633
G1 F1350 X104.284 Y102.757 E106.28943
G0 F7500 X104.85 Y102.757
G1 F1350 X103.614 Y103.993 E106.32431
G0 F7500 X104.229 Y103.943
G1 F1350 X105.415 Y102.757 E106.35778
G0 F7500 X105.981 Y102.757
G1 F1350 X104.795 Y103.943 E106.39126
G0 F7500 X105.36 Y103.943
G1 F1350 X106.547 Y102.757 E106.42474
G0 F7500 X107.113 Y102.757
G1 F1350 X105.926 Y103.943 E106.45823
G0 F7500 X106.492 Y103.943
G1 F1350 X107.678 Y102.757 E106.4917
G0 F7500 X108.244 Y102.757
G1 F1350 X107.057 Y103.943 E106.52518
G0 F7500 X107.623 Y103.943
G1 F1350 X108.81 Y102.757 E106.55867
G0 F7500 X109.375 Y102.757
G1 F1350 X108.189 Y103.943 E106.59214
G0 F7500 X108.754 Y103.943
G1 F1350 X109.941 Y102.757 E106.62563
G0 F7500 X110.507 Y102.757
G1 F1350 X109.32 Y103.943 E106.65911
G0 F7500 X109.886 Y103.943
G1 F1350 X111.072 Y102.757 E106.69258
G0 F7500 X111.638 Y102.757
G1 F1350 X110.451 Y103.943 E106.72607
G0 F7500 X111.017 Y103.943
G1 F1350 X112.204 Y102.757 E106.75955
G0 F7500 X112.769 Y102.757
G1 F1350 X111.583 Y103.943 E106.79303
G0 F7500 X112.149 Y103.943
G1 F1350 X113.335 Y102.757 E106.8265
G0 F7500 X113.901 Y102.757
G1 F1350 X112.714 Y103.943 E106.85998
G0 F7500 X113.28 Y103.943
G1 F1350 X114.466 Y102.757 E106.89345
G0 F7500 X115.032 Y102.757
G1 F1350 X113.846 Y103.943 E106.92693
G0 F7500 X114.411 Y103.943
G1 F1350 X115.598 Y102.757 E106.96041
G0 F7500 X116.164 Y102.757
G1 F1350 X114.977 Y103.943 E106.9939
G0 F7500 X115.543 Y103.943
G1 F1350 X116.729 Y102.757 E107.02737
G0 F7500 X117.295 Y102.757
G1 F1350 X116.108 Y103.943 E107.06085
G0 F7500 X116.674 Y103.943
G1 F1350 X117.861 Y102.757 E107.09434
G0 F7500 X118.426 Y102.757
G1 F1350 X117.24 Y103.943 E107.12781
G0 F7500 X117.805 Y103.943
G1 F1350 X118.992 Y102.757 E107.1613
G0 F7500 X119.558 Y102.757
G1 F1350 X118.371 Y103.943 E107.19478
G0 F7500 X118.937 Y103.943
G1 F1350 X120.123 Y102.757 E107.22825
G0 F7500 X120.689 Y102.757
G1 F1350 X119.502 Y103.943 E107.26174
G0 F7500 X120.068 Y103.943
G1 F1350 X121.255 Y102.757 E107.29523
G0 F7500 X121.82 Y102.757
G1 F1350 X120.634 Y103.943 E107.3287
G0 F7500 X121.2 Y103.943
G1 F1350 X122.386 Y102.757 E107.36217
G0 F7500 X122.952 Y102.757
G1 F1350 X121.765 Y103.943 E107.39565
G0 F7500 X122.331 Y103.943
G1 F1350 X123.517 Y102.757 E107.42913
G0 F7500 X124.083 Y102.757
G1 F1350 X122.897 Y103.943 E107.4626
G0 F7500 X123.462 Y103.943
G1 F1350 X124.649 Y102.757 E107.49608
G0 F7500 X125.214 Y102.757
G1 F1350 X124.028 Y103.943 E107.52955
G0 F7500 X124.594 Y103.943
G1 F1350 X125.78 Y102.757 E107.56303
G0 F7500 X126.346 Y102.757
G1 F1350 X125.159 Y103.943 E107.59651
G0 F7500 X125.725 Y103.943
G1 F1350 X126.912 Y102.757 E107.63
G0 F7500 X127.477 Y102.757
G1 F1350 X126.291 Y103.943 E107.66347
G0 F7500 X126.856 Y103.943
G1 F1350 X128.043 Y102.757 E107.69695
G0 F7500 X128.609 Y102.757
G1 F1350 X127.422 Y103.943 E107.73044
G0 F7500 X127.988 Y103.943
G1 F1350 X129.174 Y102.757 E107.76391
G0 F7500 X129.74 Y102.757
G1 F1350 X128.553 Y103.943 E107.7974
G0 F7500 X129.119 Y103.943
G1 F1350 X130.306 Y102.757 E107.83088
G0 F7500 X130.871 Y102.757
G1 F1350 X129.685 Y103.943 E107.86435
G0 F7500 X130.25 Y103.943
G1 F1350 X131.437 Y102.757 E107.89784
G0 F7500 X132.003 Y102.757
G1 F1350 X130.816 Y103.943 E107.93132
G0 F7500 X131.339 Y103.986
G1 F1350 X132.239 Y103.086 E107.95672
G0 F7500 X132.239 Y103.652
G1 F1350 X131.742 Y104.148 E107.97074
G0 F7500 X132.068 Y104.389
G1 F1350 X132.239 Y104.218 E107.97556
G0 F7500 X132.699 Y104.219
G0 X132.699 Y110.442
G0 X132.238 Y110.441
G1 F1350 X132.038 Y110.641 E107.98121
G1 F2700 E102.98121
G0 F7500 X131.658 Y110.38
G0 X131.838 Y104.662
G0 X124.415 Y104.667
G0 X104.001 Y104.319
G0 X104.001 Y102.396
G0 X103.718 Y102.296
G0 X103.718 Y102.757
G1 F2700 E107.98121
G1 F1350 X102.757 Y103.718 E108.00833
G0 F7500 X102.757 Y103.153
G1 F1350 X103.153 Y102.757 E108.0195
G1 F2700 E103.0195
;MESH:NONMESH
G0 F300 X103.153 Y102.757 Z0.36
G0 F7500 X103.153 Y102.296
G0 X101.972 Y101.804
G0 X101.203 Y101.027
G0 X93.985 Y94.235
;TIME_ELAPSED:302.423685
;LAYER:2
M106 S170
;TYPE:SKIRT
G1 F2700 E108.0195
G1 F1200 X94.49 Y93.746 E108.03353
G1 X95.176 Y93.158 E108.05156
G1 X96.134 Y92.493 E108.07484
G1 X96.614 Y92.199 E108.08607
G1 X97.405 Y91.762 E108.1041
G1 X98.23 Y91.396 E108.12211
G1 X99.085 Y91.105 E108.14014
G1 X99.947 Y90.894 E108.15785
G1 X100.641 Y90.776 E108.1719
G1 X101.248 Y90.699 E108.18411
G1 X102.125 Y90.645 E108.20164
G1 X102.124 Y90.628 E108.20198
G1 X103.054 Y90.611 E108.22054
G1 X131.922 Y90.61 E108.79664
G1 X132.705 Y90.62 E108.81226
G1 X133.606 Y90.673 E108.83027
G1 X134.504 Y90.806 E108.84839
G1 X134.942 Y90.891 E108.85729
G1 X135.82 Y91.102 E108.87531
G1 X136.974 Y91.511 E108.89975
G1 X137.267 Y91.635 E108.9061
G1 X138.083 Y92.023 E108.92413
G1 X139.111 Y92.651 E108.94817
G1 X139.517 Y92.933 E108.95803
G1 X140.235 Y93.48 E108.97605
G1 X140.902 Y94.089 E108.99407
G1 X141.512 Y94.755 E109.01209
G1 X141.864 Y95.197 E109.02337
G1 X142.257 Y95.738 E109.03671
G1 X142.744 Y96.499 E109.05474
G1 X143.145 Y97.264 E109.07198
G1 X143.315 Y97.625 E109.07994
G1 X143.663 Y98.459 E109.09798
G1 X144.02 Y99.651 E109.12281
G1 X144.098 Y99.985 E109.12965
G1 X144.264 Y100.873 E109.14768
G1 X144.363 Y102.089 E109.17203
G1 X144.387 Y103.224 E109.19468
G1 X144.39 Y131.922 E109.76738
G1 X144.38 Y132.705 E109.78301
G1 X144.327 Y133.606 E109.80102
G1 X144.194 Y134.504 E109.81914
G1 X144.109 Y134.942 E109.82804
G1 X143.898 Y135.82 E109.84606
G1 X143.489 Y136.974 E109.87049
G1 X143.365 Y137.267 E109.87684
G1 X142.977 Y138.083 E109.89487
G1 X142.349 Y139.111 E109.91891
G1 X142.067 Y139.517 E109.92878
G1 X141.52 Y140.235 E109.94679
G1 X140.911 Y140.902 E109.96482
G1 X140.245 Y141.512 E109.98284
G1 X139.803 Y141.864 E109.99412
G1 X139.262 Y142.257 E110.00746
G1 X138.501 Y142.744 E110.02549
G1 X137.736 Y143.145 E110.04273
G1 X137.375 Y143.315 E110.05069
G1 X136.541 Y143.663 E110.06872
G1 X135.349 Y144.02 E110.09356
G1 X135.015 Y144.098 E110.1004
G1 X134.127 Y144.264 E110.11843
G1 X132.911 Y144.363 E110.14277
G1 X131.776 Y144.387 E110.16543
G1 X103.078 Y144.39 E110.73813
G1 X102.295 Y144.38 E110.75376
G1 X101.394 Y144.327 E110.77177
G1 X100.496 Y144.194 E110.78988
G1 X100.058 Y144.109 E110.79879
G1 X99.18 Y143.898 E110.81681
G1 X98.026 Y143.489 E110.84124
G1 X97.733 Y143.365 E110.84759
G1 X96.917 Y142.977 E110.86562
G1 X95.889 Y142.349 E110.88966
G1 X95.483 Y142.067 E110.89953
G1 X94.765 Y141.52 E110.91754
G1 X94.098 Y140.911 E110.93556
G1 X93.488 Y140.245 E110.95359
G1 X93.136 Y139.803 E110.96486
G1 X92.743 Y139.262 E110.97821
G1 X92.256 Y138.501 E110.99624
G1 X91.855 Y137.736 E111.01347
G1 X91.685 Y137.375 E111.02144
G1 X91.337 Y136.541 E111.03947
G1 X90.98 Y135.349 E111.0643
G1 X90.902 Y135.015 E111.07115
G1 X90.736 Y134.127 E111.08917
G1 X90.637 Y132.911 E111.11352
G1 X90.613 Y131.776 E111.13618
G1 X90.611 Y103.032 E111.70979
G1 X90.621 Y102.367 E111.72307
G1 X90.704 Y101.213 E111.74616
G1 X90.831 Y100.314 E111.76427
G1 X91.014 Y99.429 E111.78231
G1 X91.273 Y98.564 E111.80033
G1 X91.609 Y97.726 E111.81835
G1 X92.097 Y96.78 E111.83959
G1 X92.522 Y96.068 E111.85614
G1 X92.952 Y95.436 E111.87139
G1 X93.517 Y94.732 E111.8894
G1 X93.985 Y94.235 E111.90303
G1 F2700 E106.90303
;MESH:robotface-cover.stl
G0 F9000 X103.859 Y104.319
G0 X103.582 Y104.665
G0 X103.162 Y104.662
G0 X103.162 Y110.338
G0 X107.118 Y110.334
G0 X117.5 Y110.5
;TYPE:WALL-INNER
G1 F2700 E111.90303
G1 F1500 X104 Y110.5 E112.17243
G1 X103.719 Y110.46 E112.1781
G1 X103.4 Y110.3 E112.18522
G1 X103.117 Y109.971 E112.19388
G1 X103 Y109.632 E112.20104
G1 X103 Y105.5 E112.2835
G1 X103.107 Y105.048 E112.29277
G1 X103.37 Y104.723 E112.30111
G1 X103.676 Y104.553 E112.30809
G1 X103.881 Y104.5 E112.31232
G1 X131 Y104.5 E112.85351
G1 X131.323 Y104.553 E112.86004
G1 X131.63 Y104.722 E112.86703
G1 X131.894 Y105.048 E112.87541
G1 X132 Y105.5 E112.88467
G1 X132 Y109.632 E112.96713
G1 X131.884 Y109.971 E112.97428
G1 X131.601 Y110.301 E112.98295
G1 X131.281 Y110.461 E112.99009
G1 X131 Y110.5 E112.99576
G1 X117.5 Y110.5 E113.26516
G0 F9000 X117.5 Y110.1
G1 F1500 X103.879 Y110.1 E113.53698
G1 X103.64 Y109.98 E113.54232
G1 X103.47 Y109.783 E113.54751
G1 X103.4 Y109.581 E113.55178
G1 X103.4 Y105.5 E113.63322
G1 X103.464 Y105.229 E113.63878
G1 X103.622 Y105.034 E113.64379
G1 X103.926 Y104.9 E113.65042
G1 X131 Y104.9 E114.19071
G1 X131.194 Y104.931 E114.19463
G1 X131.378 Y105.033 E114.19883
G1 X131.536 Y105.228 E114.20384
G1 X131.6 Y105.5 E114.20941
G1 X131.6 Y109.581 E114.29085
G1 X131.53 Y109.783 E114.29512
G1 X131.361 Y109.981 E114.30031
G1 X131.123 Y110.1 E114.30562
G1 X117.5 Y110.1 E114.57749
G1 F2700 E109.57749
G0 F9000 X117.5 Y110.41
G0 X117.5 Y110.68
G0 X117.5 Y132.987
G0 X117.5 Y133.187
G1 F2700 E114.57749
G1 F1500 X132.526 Y133.187 E114.87735
G1 X132.844 Y133.085 E114.88401
G1 X132.983 Y132.983 E114.88745
G1 X133.085 Y132.844 E114.89089
G1 X133.187 Y132.525 E114.89757
G1 X133.188 Y102.471 E115.49733
G1 X133.085 Y102.152 E115.50402
G1 X132.983 Y102.013 E115.50747
G1 X132.701 Y101.847 E115.514
G1 X132.523 Y101.808 E115.51763
G1 X102.557 Y101.808 E116.11564
G1 X102.27 Y101.847 E116.12142
G1 X101.955 Y102.091 E116.12937
G1 X101.853 Y102.258 E116.13327
G1 X101.808 Y102.568 E116.13952
G1 X101.809 Y132.526 E116.73737
G1 X101.911 Y132.844 E116.74403
G1 X102.013 Y132.983 E116.74747
G1 X102.152 Y133.085 E116.75091
G1 X102.471 Y133.187 E116.7576
G1 X117.5 Y133.187 E117.05752
G0 F9000 X117.5 Y133.587
G1 F1500 X132.57 Y133.587 E117.35826
G1 X132.95 Y133.503 E117.36602
G1 X133.27 Y133.27 E117.37392
G1 X133.433 Y133.046 E117.37945
G1 X133.53 Y132.827 E117.38423
G1 X133.587 Y132.567 E117.38954
G1 X133.588 Y102.427 E117.99102
G1 X133.504 Y102.048 E117.99876
G1 X133.27 Y101.726 E118.00671
G1 X133.046 Y101.563 E118.01224
G1 X132.827 Y101.465 E118.01702
G1 X132.567 Y101.408 E118.02234
G1 X102.529 Y101.408 E118.62178
G1 X102.137 Y101.462 E118.62967
G1 X101.865 Y101.622 E118.63597
G1 X101.64 Y101.839 E118.64221
G1 X101.469 Y102.12 E118.64877
G1 X101.408 Y102.539 E118.65722
G1 X101.409 Y132.57 E119.25652
G1 X101.493 Y132.95 E119.26429
G1 X101.726 Y133.27 E119.27219
G1 X101.95 Y133.433 E119.27772
G1 X102.169 Y133.53 E119.2825
G1 X102.429 Y133.587 E119.28781
G1 X117.5 Y133.587 E119.58857
G0 F9000 X117.5 Y133.987
;TYPE:WALL-OUTER
G1 F1500 X132.614 Y133.987 E119.89018
G1 X132.953 Y133.912 E119.89711
G1 X133.247 Y133.781 E119.90354
G1 X133.556 Y133.556 E119.91116
G1 X133.781 Y133.247 E119.91879
G1 X133.912 Y132.953 E119.92522
G1 X133.987 Y132.61 E119.93222
G1 X133.988 Y102.383 E120.53543
G1 X133.913 Y102.043 E120.54238
G1 X133.781 Y101.749 E120.54881
G1 X133.556 Y101.44 E120.55644
G1 X133.247 Y101.215 E120.56407
G1 X132.953 Y101.083 E120.5705
G1 X132.61 Y101.008 E120.57751
G1 X102.502 Y101.008 E121.17835
G1 X102.003 Y101.077 E121.1884
G1 X101.622 Y101.301 E121.19722
G1 X101.326 Y101.587 E121.20543
G1 X101.085 Y101.982 E121.21467
G1 X101.008 Y102.511 E121.22533
G1 X101.009 Y132.614 E121.82607
G1 X101.084 Y132.953 E121.833
G1 X101.215 Y133.247 E121.83942
G1 X101.44 Y133.556 E121.84705
G1 X101.749 Y133.781 E121.85468
G1 X102.043 Y133.912 E121.8611
G1 X102.386 Y133.987 E121.86811
G1 X117.5 Y133.987 E122.16973
G1 F2700 E117.16973
G0 F9000 X117.5 Y133.279
G0 X117.5 Y132.987
G0 X117.5 Y110.68
G0 X117.5 Y109.7
G1 F2700 E122.16973
G1 F1500 X103.959 Y109.7 E122.43995
G1 X103.88 Y109.66 E122.44172
G1 X103.802 Y109.535 E122.44466
G1 X103.8 Y105.5 E122.52518
G1 X103.874 Y105.344 E122.52863
G1 X103.965 Y105.302 E122.53063
G1 X131.047 Y105.3 E123.07108
G1 X131.2 Y105.426 E123.07503
G1 X131.198 Y109.535 E123.15703
G1 X131.121 Y109.661 E123.15998
G1 X131.043 Y109.7 E123.16172
G1 X117.5 Y109.7 E123.43199
G1 F2700 E118.43199
G0 F9000 X117.5 Y110.41
G0 X117.5 Y110.68
G0 X117.5 Y132.987
G0 X117.5 Y132.823
;TYPE:SKIN
G1 F2700 E123.43199
G1 F1500 X102.515 Y132.823 E123.73103
G1 X102.336 Y132.767 E123.73477
G1 X102.225 Y132.653 E123.73795
G1 X102.169 Y132.48 E123.74157
G1 X102.168 Y110.209 E124.18602
G1 F1428.6 X102.187 Y109.727 E124.19612
G1 F1363.6 X102.189 Y105.403 E124.29104
G1 F1425.2 X102.169 Y104.861 E124.30243
G1 F1500 X102.168 Y102.586 E124.34783
G1 X102.197 Y102.382 E124.35195
G1 X102.426 Y102.168 E124.3582
G1 X132.55 Y102.169 E124.95936
G1 X132.722 Y102.274 E124.96338
G1 X132.827 Y102.506 E124.96846
G1 X132.827 Y104.854 E125.01532
G1 F1428.6 X132.808 Y105.401 E125.02679
G1 F1369.9 X132.809 Y109.727 E125.12132
G1 F1435.4 X132.826 Y110.213 E125.13146
G1 F1500 X132.823 Y132.477 E125.57576
G1 X132.767 Y132.656 E125.5795
G1 X132.653 Y132.767 E125.58268
G1 X132.48 Y132.823 E125.58631
G1 X117.5 Y132.823 E125.88525
G1 F2700 E120.88525
G0 F9000 X117.5 Y133.087
G0 X117.544 Y110.68
G0 X117.544 Y110.859
G1 F2700 E125.88525
G1 F1500 X131.021 Y110.859 E126.1542
G1 X131.387 Y110.805 E126.16158
G1 X131.823 Y110.589 E126.17129
G1 F1467 X132.199 Y110.15 E126.18309
G1 F1405.2 X132.376 Y109.69 E126.19359
G1 F1369.9 X132.374 Y105.452 E126.28619
G1 F1398.6 X132.214 Y104.878 E126.29895
G1 F1463.4 X131.861 Y104.44 E126.31046
G1 F1500 X131.441 Y104.21 E126.32001
G1 X131.028 Y104.142 E126.32836
G1 X103.825 Y104.143 E126.87123
G1 X103.559 Y104.21 E126.8767
G1 X103.137 Y104.438 E126.88628
G1 F1463.4 X102.782 Y104.882 E126.8979
G1 F1388.9 X102.625 Y105.453 E126.91067
G1 F1363.6 X102.623 Y109.69 E127.00368
G1 F1398.6 X102.798 Y110.149 E127.01419
G1 F1463.4 X103.178 Y110.589 E127.02608
G1 F1500 X103.611 Y110.805 E127.03574
G1 X103.979 Y110.858 E127.04316
G1 X117.544 Y110.859 E127.31386
G1 F2700 E122.31386
G0 F9000 X117.544 Y110.6
G0 X127.952 Y110.335
G0 X131.838 Y110.338
G0 X131.838 Y104.662
G0 X131.386 Y104.665
G0 X130.999 Y104.319
G0 X130.999 Y102.008
G0 X132.351 Y101.908
G0 X132.351 Y102.369
G1 F2700 E127.31386
G1 F1500 X132.627 Y102.646 E127.32167
G0 F9000 X132.627 Y103.211
G1 F1500 X131.785 Y102.369 E127.34543
G0 F9000 X131.219 Y102.369
G1 F1500 X132.627 Y103.777 E127.38517
G0 F9000 X132.627 Y104.343
G1 F1500 X130.654 Y102.369 E127.44086
G0 F9000 X130.088 Y102.369
G1 F1500 X132.624 Y104.905 E127.51243
G1 F2700 E122.51243
G0 F9000 X133.087 Y104.906
G0 X133.007 Y104.407
G0 X132.055 Y104.965
G0 X131.84 Y104.716
G0 X131.03 Y104.405
G0 X131.106 Y103.953
G1 F2700 E127.51243
G1 F1500 X129.522 Y102.369 E127.55714
G0 F9000 X128.956 Y102.369
G1 F1500 X130.533 Y103.945 E127.60163
G0 F9000 X129.967 Y103.945
G1 F1500 X128.391 Y102.369 E127.64611
G0 F9000 X127.825 Y102.369
G1 F1500 X129.401 Y103.945 E127.69059
G0 F9000 X128.836 Y103.945
G1 F1500 X127.259 Y102.369 E127.73508
G0 F9000 X126.694 Y102.369
G1 F1500 X128.27 Y103.945 E127.77956
G0 F9000 X127.704 Y103.945
G1 F1500 X126.128 Y102.369 E127.82403
G0 F9000 X125.562 Y102.369
G1 F1500 X127.139 Y103.945 E127.86853
G0 F9000 X126.573 Y103.945
G1 F1500 X124.997 Y102.369 E127.913
G0 F9000 X124.431 Y102.369
G1 F1500 X126.007 Y103.945 E127.95748
G0 F9000 X125.441 Y103.945
G1 F1500 X123.865 Y102.369 E128.00196
G0 F9000 X123.3 Y102.369
G1 F1500 X124.876 Y103.945 E128.04644
G0 F9000 X124.31 Y103.945
G1 F1500 X122.734 Y102.369 E128.09092
G0 F9000 X122.168 Y102.369
G1 F1500 X123.744 Y103.945 E128.1354
G0 F9000 X123.179 Y103.945
G1 F1500 X121.603 Y102.369 E128.17987
G0 F9000 X121.037 Y102.369
G1 F1500 X122.613 Y103.945 E128.22435
G0 F9000 X122.047 Y103.945
G1 F1500 X120.471 Y102.369 E128.26883
G0 F9000 X119.906 Y102.369
G1 F1500 X121.482 Y103.945 E128.31331
G0 F9000 X120.916 Y103.945
G1 F1500 X119.34 Y102.369 E128.35779
G0 F9000 X118.774 Y102.369
G1 F1500 X120.35 Y103.945 E128.40226
G0 F9000 X119.785 Y103.945
G1 F1500 X118.208 Y102.369 E128.44676
G0 F9000 X117.643 Y102.369
G1 F1500 X119.219 Y103.945 E128.49123
G0 F9000 X118.653 Y103.945
G1 F1500 X117.076 Y102.369 E128.53573
G0 F9000 X116.511 Y102.369
G1 F1500 X118.088 Y103.945 E128.58022
G0 F9000 X117.522 Y103.945
G1 F1500 X115.945 Y102.369 E128.62471
G0 F9000 X115.379 Y102.369
G1 F1500 X116.956 Y103.945 E128.6692
G0 F9000 X116.39 Y103.945
G1 F1500 X114.814 Y102.369 E128.71368
G0 F9000 X114.248 Y102.369
G1 F1500 X115.825 Y103.945 E128.75817
G0 F9000 X115.259 Y103.945
G1 F1500 X113.682 Y102.369 E128.80267
G0 F9000 X113.117 Y102.369
G1 F1500 X114.693 Y103.945 E128.84714
G0 F9000 X114.128 Y103.945
G1 F1500 X112.551 Y102.369 E128.89164
G0 F9000 X111.985 Y102.369
G1 F1500 X113.562 Y103.945 E128.93613
G0 F9000 X112.996 Y103.945
G1 F1500 X111.42 Y102.369 E128.98061
G0 F9000 X110.854 Y102.369
G1 F1500 X112.431 Y103.945 E129.0251
G0 F9000 X111.865 Y103.945
G1 F1500 X110.288 Y102.369 E129.06959
G0 F9000 X109.722 Y102.369
G1 F1500 X111.299 Y103.945 E129.11408
G0 F9000 X110.734 Y103.945
G1 F1500 X109.157 Y102.369 E129.15858
G0 F9000 X108.591 Y102.369
G1 F1500 X110.168 Y103.945 E129.20307
G0 F9000 X109.602 Y103.945
G1 F1500 X108.025 Y102.369 E129.24756
G0 F9000 X107.46 Y102.369
G1 F1500 X109.037 Y103.945 E129.29205
G0 F9000 X108.471 Y103.945
G1 F1500 X106.894 Y102.369 E129.33654
G0 F9000 X106.328 Y102.369
G1 F1500 X107.905 Y103.945 E129.38104
G0 F9000 X107.34 Y103.945
G1 F1500 X105.763 Y102.369 E129.42553
G0 F9000 X105.197 Y102.369
G1 F1500 X106.774 Y103.945 E129.47002
G0 F9000 X106.208 Y103.945
G1 F1500 X104.631 Y102.369 E129.51451
G0 F9000 X104.066 Y102.369
G1 F1500 X105.642 Y103.945 E129.55899
G0 F9000 X105.077 Y103.945
G1 F1500 X103.5 Y102.369 E129.60348
G0 F9000 X102.934 Y102.369
G1 F1500 X104.511 Y103.945 E129.64798
G0 F9000 X103.945 Y103.945
G1 F1500 X102.427 Y102.427 E129.69082
G0 F9000 X102.368 Y102.934
G1 F1500 X103.468 Y104.034 E129.72186
G0 F9000 X103.1 Y104.232
G1 F1500 X102.368 Y103.499 E129.74253
G0 F9000 X102.369 Y104.066
G1 F1500 X102.733 Y104.43 E129.75281
G1 X102.82 Y104.517 E129.75526
G0 F9000 X102.585 Y104.848
G1 F1500 X102.369 Y104.631 E129.76137
G0 F9000 X101.908 Y104.631
G0 X101.908 Y110.287
G0 X102.368 Y110.287
G1 F1500 X124.703 Y132.623 E130.39173
G0 F9000 X124.138 Y132.623
G1 F1500 X102.368 Y110.853 E131.00613
G0 F9000 X102.368 Y111.419
G1 F1500 X123.572 Y132.623 E131.60455
G0 F9000 X123.006 Y132.623
G1 F1500 X102.368 Y111.985 E132.187
G0 F9000 X102.368 Y112.55
G1 F1500 X122.44 Y132.623 E132.75349
G0 F9000 X121.875 Y132.623
G1 F1500 X102.368 Y113.116 E133.30402
G0 F9000 X102.368 Y113.682
G1 F1500 X121.309 Y132.623 E133.83857
G0 F9000 X120.743 Y132.623
G1 F1500 X102.368 Y114.247 E134.35717
G0 F9000 X102.368 Y114.813
G1 F1500 X120.178 Y132.623 E134.8598
G0 F9000 X119.612 Y132.623
G1 F1500 X102.368 Y115.379 E135.34647
G0 F9000 X102.368 Y115.944
G1 F1500 X119.046 Y132.623 E135.81717
G0 F9000 X118.481 Y132.623
G1 F1500 X102.368 Y116.51 E136.27191
G0 F9000 X102.368 Y117.076
G1 F1500 X117.915 Y132.623 E136.71068
G0 F9000 X117.349 Y132.623
G1 F1500 X102.368 Y117.641 E137.13349
G0 F9000 X102.368 Y118.207
G1 F1500 X116.784 Y132.623 E137.54035
G0 F9000 X116.218 Y132.623
G1 F1500 X102.368 Y118.773 E137.93122
G0 F9000 X102.368 Y119.338
G1 F1500 X115.652 Y132.623 E138.30614
G0 F9000 X115.087 Y132.623
G1 F1500 X102.368 Y119.904 E138.6651
G0 F9000 X102.368 Y120.47
G1 F1500 X114.521 Y132.623 E139.00808
G0 F9000 X113.955 Y132.623
G1 F1500 X102.368 Y121.035 E139.33511
G0 F9000 X102.368 Y121.601
G1 F1500 X113.39 Y132.623 E139.64617
G0 F9000 X112.824 Y132.623
G1 F1500 X102.368 Y122.167 E139.94126
G0 F9000 X102.368 Y122.733
G1 F1500 X112.258 Y132.623 E140.22038
G0 F9000 X111.692 Y132.623
G1 F1500 X102.368 Y123.298 E140.48354
G0 F9000 X102.368 Y123.864
G1 F1500 X111.127 Y132.623 E140.73073
G0 F9000 X110.561 Y132.623
G1 F1500 X102.368 Y124.43 E140.96196
G0 F9000 X102.368 Y124.995
G1 F1500 X109.995 Y132.623 E141.17722
G0 F9000 X109.43 Y132.623
G1 F1500 X102.368 Y125.561 E141.37653
G0 F9000 X102.368 Y126.127
G1 F1500 X108.864 Y132.623 E141.55986
G0 F9000 X108.298 Y132.623
G1 F1500 X102.368 Y126.692 E141.72723
G0 F9000 X102.368 Y127.258
G1 F1500 X107.733 Y132.623 E141.87864
G0 F9000 X107.167 Y132.623
G1 F1500 X102.368 Y127.824 E142.01408
G0 F9000 X102.368 Y128.389
G1 F1500 X106.601 Y132.623 E142.13356
G0 F9000 X106.036 Y132.623
G1 F1500 X102.368 Y128.955 E142.23708
G0 F9000 X102.368 Y129.521
G1 F1500 X105.47 Y132.623 E142.32462
G0 F9000 X104.904 Y132.623
G1 F1500 X102.368 Y130.086 E142.39621
G0 F9000 X102.368 Y130.652
G1 F1500 X104.339 Y132.623 E142.45183
G0 F9000 X103.773 Y132.623
G1 F1500 X102.368 Y131.218 E142.49149
G0 F9000 X102.368 Y131.783
G1 F1500 X103.207 Y132.623 E142.51518
G0 F9000 X102.641 Y132.623
G1 F1500 X102.368 Y132.349 E142.5229
G1 F2700 E137.5229
G0 F9000 X101.908 Y132.349
G0 X102.008 Y110.561
G0 X102.957 Y110.056
G0 X103.729 Y110.561
G0 X103.662 Y111.016
G1 F2700 E142.5229
G1 F1500 X125.269 Y132.623 E143.13269
G0 F9000 X125.835 Y132.623
G1 F1500 X104.269 Y111.057 E143.74133
G0 F9000 X104.834 Y111.057
G1 F1500 X126.4 Y132.623 E144.34997
G0 F9000 X126.966 Y132.623
G1 F1500 X105.4 Y111.057 E144.95861
G0 F9000 X105.966 Y111.057
G1 F1500 X127.532 Y132.623 E145.56725
G0 F9000 X128.097 Y132.623
G1 F1500 X106.531 Y111.057 E146.17589
G0 F9000 X107.097 Y111.057
G1 F1500 X128.663 Y132.623 E146.78453
G0 F9000 X129.229 Y132.623
G1 F1500 X107.663 Y111.057 E147.39317
G0 F9000 X108.229 Y111.057
G1 F1500 X129.794 Y132.623 E148.00179
G0 F9000 X130.36 Y132.623
G1 F1500 X108.795 Y111.057 E148.61042
G0 F9000 X109.36 Y111.057
G1 F1500 X130.926 Y132.623 E149.21906
G0 F9000 X131.491 Y132.623
G1 F1500 X109.926 Y111.057 E149.82768
G0 F9000 X110.492 Y111.057
G1 F1500 X132.057 Y132.623 E150.43631
G0 F9000 X132.563 Y132.563
G1 F1500 X111.057 Y111.057 E151.04325
G0 F9000 X111.623 Y111.057
G1 F1500 X132.624 Y132.058 E151.63595
G0 F9000 X132.624 Y131.492
G1 F1500 X112.19 Y111.058 E152.21264
G0 F9000 X112.755 Y111.058
G1 F1500 X132.624 Y130.926 E152.77337
G0 F9000 X132.624 Y130.361
G1 F1500 X113.321 Y111.058 E153.31814
G0 F9000 X113.887 Y111.058
G1 F1500 X132.624 Y129.795 E153.84694
G0 F9000 X132.624 Y129.229
G1 F1500 X114.452 Y111.058 E154.35978
G0 F9000 X115.018 Y111.058
G1 F1500 X132.624 Y128.664 E154.85666
G0 F9000 X132.624 Y128.099
G1 F1500 X115.584 Y111.059 E155.33756
G0 F9000 X116.15 Y111.059
G1 F1500 X132.624 Y127.533 E155.8025
G0 F9000 X132.624 Y126.967
G1 F1500 X116.716 Y111.059 E156.25145
G0 F9000 X117.281 Y111.059
G1 F1500 X132.624 Y126.402 E156.68447
G0 F9000 X132.624 Y125.836
G1 F1500 X117.847 Y111.059 E157.10151
G0 F9000 X118.413 Y111.059
G1 F1500 X132.624 Y125.27 E157.50257
G0 F9000 X132.624 Y124.705
G1 F1500 X118.978 Y111.059 E157.88769
G0 F9000 X119.545 Y111.06
G1 F1500 X132.624 Y124.139 E158.25681
G0 F9000 X132.625 Y123.574
G1 F1500 X120.111 Y111.06 E158.60998
G0 F9000 X120.676 Y111.06
G1 F1500 X132.625 Y123.008 E158.94719
G0 F9000 X132.625 Y122.443
G1 F1500 X121.242 Y111.06 E159.26845
G0 F9000 X121.808 Y111.06
G1 F1500 X132.625 Y121.877 E159.57372
G0 F9000 X132.625 Y121.311
G1 F1500 X122.373 Y111.06 E159.86304
G0 F9000 X122.939 Y111.06
G1 F1500 X132.625 Y120.746 E160.1364
G0 F9000 X132.625 Y120.18
G1 F1500 X123.505 Y111.06 E160.39379
G0 F9000 X124.071 Y111.06
G1 F1500 X132.625 Y119.614 E160.6352
G0 F9000 X132.626 Y119.049
G1 F1500 X124.637 Y111.06 E160.86067
G0 F9000 X125.202 Y111.06
G1 F1500 X132.626 Y118.484 E161.07019
G0 F9000 X132.626 Y117.918
G1 F1500 X125.768 Y111.06 E161.26374
G0 F9000 X126.334 Y111.06
G1 F1500 X132.626 Y117.352 E161.44131
G0 F9000 X132.626 Y116.786
G1 F1500 X126.9 Y111.06 E161.60291
G0 F9000 X127.466 Y111.061
G1 F1500 X132.626 Y116.221 E161.74854
G0 F9000 X132.626 Y115.655
G1 F1500 X128.032 Y111.061 E161.87819
G0 F9000 X128.597 Y111.061
G1 F1500 X132.626 Y115.09 E161.9919
G0 F9000 X132.626 Y114.524
G1 F1500 X129.163 Y111.061 E162.08963
G0 F9000 X129.729 Y111.061
G1 F1500 X132.626 Y113.959 E162.17141
G0 F9000 X132.626 Y113.393
G1 F1500 X130.294 Y111.061 E162.23722
G0 F9000 X130.86 Y111.061
G1 F1500 X132.626 Y112.827 E162.28706
G0 F9000 X132.626 Y112.262
G1 F1500 X131.375 Y111.01 E162.32238
G0 F9000 X131.769 Y110.839
G1 F1500 X132.626 Y111.696 E162.34657
G0 F9000 X132.626 Y111.13
G1 F1500 X132.085 Y110.589 E162.36183
G0 F9000 X132.346 Y110.284
G1 F1500 X132.626 Y110.565 E162.36975
G0 F9000 X132.609 Y109.982
G1 F1500 X132.521 Y109.894 E162.37223
;MESH:NONMESH
G0 F300 X132.521 Y109.894 Z0.48
G0 F9000 X132.068 Y109.738
G0 X131.842 Y110.172
G0 X128.79 Y110.331
G0 X117.5 Y110.5
;TIME_ELAPSED:433.961753
;LAYER:3
M106 S255
;TYPE:WALL-INNER
;MESH:robotface-cover.stl
G1 F1500 X104 Y110.5 E162.64164
G1 X103.719 Y110.46 E162.64731
G1 X103.4 Y110.3 E162.65443
G1 X103.117 Y109.971 E162.66309
G1 X103 Y109.629 E162.6703
G1 X103 Y105.5 E162.7527
G1 X103.1 Y105.063 E162.76165
G1 X103.349 Y104.74 E162.76978
G1 X103.645 Y104.564 E162.77666
G1 X103.883 Y104.5 E162.78158
G1 X131 Y104.5 E163.32272
G1 X131.354 Y104.564 E163.3299
G1 X131.651 Y104.739 E163.33678
G1 X131.901 Y105.062 E163.34493
G1 X132 Y105.5 E163.35389
G1 X132 Y109.632 E163.43635
G1 X131.883 Y109.971 E163.44351
G1 X131.601 Y110.301 E163.45217
G1 X131.281 Y110.461 E163.45931
G1 X131 Y110.5 E163.46497
G1 X117.5 Y110.5 E163.73438
G0 F9000 X117.5 Y110.1
G1 F1500 X103.879 Y110.1 E164.0062
G1 X103.64 Y109.98 E164.01154
G1 X103.47 Y109.783 E164.01673
G1 X103.4 Y109.578 E164.02106
G1 X103.4 Y105.5 E164.10244
G1 X103.46 Y105.237 E164.10782
G1 X103.609 Y105.044 E164.11269
G1 X103.93 Y104.9 E164.11971
G1 X131 Y104.9 E164.65992
G1 X131.213 Y104.938 E164.66423
G1 X131.391 Y105.043 E164.66836
G1 X131.541 Y105.237 E164.67325
G1 X131.6 Y105.5 E164.67863
G1 X131.6 Y109.581 E164.76007
G1 X131.53 Y109.783 E164.76434
G1 X131.361 Y109.981 E164.76953
G1 X131.123 Y110.1 E164.77484
G1 X117.5 Y110.1 E165.04671
G1 F2700 E160.04671
G0 F9000 X117.5 Y110.41
G0 X117.5 Y110.68
G0 X117.5 Y133.3
G0 X117.5 Y133.5
G1 F2700 E165.04671
G1 F1500 X132.625 Y133.5 E165.34854
G1 X132.95 Y133.395 E165.35536
G1 X133.203 Y133.215 E165.36155
G1 X133.42 Y132.916 E165.36893
G1 X133.5 Y132.556 E165.37629
G1 X133.5 Y102.371 E165.97866
G1 X133.397 Y102.05 E165.98539
G1 X133.213 Y101.797 E165.99163
G1 X132.91 Y101.574 E165.99914
G1 X132.556 Y101.496 E166.00637
G1 X102.561 Y101.496 E166.60495
G1 X102.288 Y101.533 E166.61045
G1 X101.913 Y101.689 E166.61856
G1 X101.674 Y101.962 E166.6258
G1 X101.542 Y102.261 E166.63232
G1 X101.496 Y102.57 E166.63856
G1 X101.496 Y132.626 E167.23836
G1 X101.601 Y132.947 E167.2451
G1 X101.784 Y133.204 E167.25139
G1 X102.075 Y133.419 E167.25861
G1 X102.441 Y133.5 E167.26609
G1 X117.5 Y133.5 E167.56661
G0 F9000 X117.5 Y133.9
G1 F1500 X132.686 Y133.9 E167.86966
G1 X133.131 Y133.757 E167.87899
G1 X133.488 Y133.503 E167.88774
G1 X133.705 Y133.205 E167.89509
G1 X133.826 Y132.935 E167.901
G1 X133.9 Y132.599 E167.90786
G1 X133.9 Y102.31 E168.51231
G1 X133.758 Y101.867 E168.5216
G1 X133.501 Y101.512 E168.53034
G1 X133.202 Y101.292 E168.53775
G1 X132.933 Y101.169 E168.54365
G1 X132.599 Y101.096 E168.55048
G1 X102.533 Y101.096 E169.15047
G1 X102.183 Y101.144 E169.15752
G1 X101.807 Y101.301 E169.16566
G1 X101.621 Y101.423 E169.17009
G1 X101.326 Y101.76 E169.17903
G1 X101.154 Y102.149 E169.18752
G1 X101.096 Y102.54 E169.19541
G1 X101.096 Y132.686 E169.797
G1 X101.239 Y133.13 E169.80631
G1 X101.496 Y133.489 E169.81512
G1 X101.791 Y133.706 E169.82243
G1 X102.064 Y133.826 E169.82838
G1 X102.397 Y133.9 E169.83519
G1 X117.5 Y133.9 E170.13659
G1 F2700 E165.13659
G0 F9000 X117.5 Y133.592
G0 X132.638 Y133.583
G0 X132.75 Y134.3
;TYPE:WALL-OUTER
G1 F2700 E170.13659
G1 F1500 X133.313 Y134.119 E170.14839
G1 X133.773 Y133.791 E170.15966
G1 X134.053 Y133.407 E170.16915
G1 X134.208 Y133.061 E170.17671
G1 X134.3 Y132.642 E170.18527
G1 X134.3 Y102.246 E170.79186
G1 X134.119 Y101.684 E170.80364
G1 X133.788 Y101.227 E170.8149
G1 X133.406 Y100.946 E170.82437
G1 X133.06 Y100.787 E170.83197
G1 X132.642 Y100.696 E170.8405
G1 X102.506 Y100.696 E171.4419
G1 X102.077 Y100.755 E171.45054
G1 X101.619 Y100.946 E171.46044
G1 X101.37 Y101.109 E171.46638
G1 X101.159 Y101.313 E171.47224
G1 X100.978 Y101.558 E171.47832
G1 X100.766 Y102.037 E171.48877
G1 X100.696 Y102.511 E171.49833
G1 X100.696 Y132.75 E172.10179
G1 X100.877 Y133.312 E172.11357
G1 X101.208 Y133.773 E172.12489
G1 X101.589 Y134.054 E172.13434
G1 X101.939 Y134.208 E172.14197
G1 X102.354 Y134.3 E172.15046
G1 X117.5 Y134.3 E172.45271
G1 X132.75 Y134.3 E172.75704
G1 F2700 E167.75704
G0 F9000 X132.638 Y133.583
G0 X117.5 Y133.3
G0 X117.5 Y110.68
G0 X117.5 Y109.7
G1 F2700 E172.75704
G1 F1500 X103.959 Y109.7 E173.02727
G1 X103.88 Y109.66 E173.02903
G1 X103.803 Y109.535 E173.03196
G1 X103.8 Y105.429 E173.1139
G1 X103.949 Y105.3 E173.11783
G1 X131.05 Y105.3 E173.65866
G1 X131.2 Y105.428 E173.6626
G1 X131.198 Y109.535 E173.74456
G1 X131.121 Y109.661 E173.74751
G1 X131.043 Y109.7 E173.74925
G1 X117.5 Y109.7 E174.01951
G1 F2700 E169.01951
G0 F9000 X117.5 Y110.41
G0 X117.5 Y110.68
G0 X117.5 Y133.3
G0 X117.5 Y133.14
;TYPE:SKIN
G1 F2700 E174.01951
G1 F1500 X102.484 Y133.14 E174.31917
G1 X102.168 Y133.039 E174.32579
G1 X102.045 Y132.95 E174.32882
G1 X101.928 Y132.781 E174.33292
G1 X101.856 Y132.524 E174.33825
G1 X101.856 Y102.59 E174.93562
G1 X101.887 Y102.364 E174.94017
G1 X101.982 Y102.15 E174.94484
G1 X102.123 Y101.992 E174.94907
G1 X102.385 Y101.883 E174.95473
G1 X102.578 Y101.856 E174.95862
G1 X132.519 Y101.857 E175.55612
G1 X132.681 Y101.89 E175.55942
G1 X132.957 Y102.058 E175.56587
G1 X133.068 Y102.213 E175.56968
G1 X133.14 Y102.468 E175.57496
G1 X133.14 Y105.071 E175.62691
G1 F1209.7 X133.044 Y105.47 E175.63706
G1 F1011.8 X133.043 Y109.754 E175.76381
G1 F1207.2 X133.14 Y110.266 E175.77673
G1 F1500 X133.14 Y132.518 E176.22079
G1 X133.103 Y132.684 E176.22418
G1 X132.937 Y132.958 E176.23058
G1 X132.787 Y133.068 E176.23429
G1 X132.529 Y133.14 E176.23963
G1 X117.5 Y133.14 E176.53955
G1 F2700 E171.53955
G0 F9000 X117.5 Y133.4
G0 X117.5 Y110.68
G0 X117.5 Y110.858
G1 F2700 E176.53955
G1 F1500 X131.021 Y110.858 E176.80938
G1 X131.386 Y110.805 E176.81674
G1 X131.822 Y110.59 E176.82644
G1 X132.176 Y110.174 E176.83734
G1 F1339.3 X132.453 Y109.68 E176.85
G1 F1151.6 X132.454 Y107.583 E176.90451
G1 F1056.3 X132.454 Y105.486 E176.96393
G1 F1209.7 X132.289 Y105.165 E176.97286
G1 F1500 X132.203 Y104.869 E176.97901
G1 X131.882 Y104.458 E176.98942
G1 X131.483 Y104.228 E176.99861
G1 X131.032 Y104.143 E177.00777
G1 X103.829 Y104.142 E177.55064
G1 X103.531 Y104.222 E177.55679
G1 X103.11 Y104.461 E177.56645
G1 X102.769 Y104.906 E177.57764
G1 X102.645 Y105.46 E177.58897
G1 X102.643 Y109.683 E177.67325
G1 X102.798 Y110.145 E177.68297
G1 X103.178 Y110.585 E177.69457
G1 X103.608 Y110.805 E177.70421
G1 X103.975 Y110.858 E177.71161
G1 X117.5 Y110.858 E177.98152
G1 F2700 E172.98152
G0 F9000 X117.5 Y110.6
G0 X107.058 Y110.334
G0 X103.162 Y110.338
G0 X103.162 Y104.662
G0 X103.862 Y104.319
G0 X103.862 Y101.696
G0 X102.722 Y101.596
G0 X102.722 Y102.056
G1 F2700 E177.98152
G1 F1500 X102.056 Y102.722 E178.00031
G0 F9000 X102.056 Y103.288
G1 F1500 X103.288 Y102.056 E178.03508
G0 F9000 X103.853 Y102.056
G1 F1500 X102.056 Y103.853 E178.0858
G0 F9000 X102.056 Y104.419
G1 F1500 X104.419 Y102.056 E178.15249
G0 F9000 X104.985 Y102.056
G1 F1500 X102.056 Y104.985 E178.23515
G0 F9000 X102.525 Y105.082
G1 F1500 X102.056 Y105.551 E178.24839
G0 F9000 X102.44 Y105.732
G1 F1500 X102.056 Y106.116 E178.25922
G0 F9000 X102.441 Y106.297
G1 F1500 X102.056 Y106.682 E178.27009
G0 F9000 X102.441 Y106.862
G1 F1500 X102.056 Y107.248 E178.28097
G0 F9000 X102.443 Y107.426
G1 F1500 X102.056 Y107.813 E178.29189
G0 F9000 X102.444 Y107.991
G1 F1500 X102.056 Y108.379 E178.30284
G0 F9000 X102.444 Y108.556
G1 F1500 X102.056 Y108.945 E178.31381
G0 F9000 X102.445 Y109.121
G1 F1500 X102.056 Y109.51 E178.32478
G0 F9000 X102.446 Y109.686
G1 F1500 X102.056 Y110.076 E178.33579
G0 F9000 X102.579 Y110.119
G1 F1500 X102.056 Y110.642 E178.35055
G0 F9000 X102.056 Y111.207
G1 F1500 X102.805 Y110.459 E178.37168
G0 F9000 X103.074 Y110.756
G1 F1500 X102.056 Y111.773 E178.40039
G0 F9000 X102.056 Y112.339
G1 F1500 X103.448 Y110.946 E178.43969
G0 F9000 X103.91 Y111.05
G1 F1500 X102.056 Y112.904 E178.49201
G0 F9000 X102.056 Y113.47
G1 F1500 X104.47 Y111.056 E178.56014
G0 F9000 X105.036 Y111.056
G1 F1500 X102.056 Y114.036 E178.64425
G0 F9000 X102.056 Y114.602
G1 F1500 X105.601 Y111.056 E178.74431
G0 F9000 X106.167 Y111.056
G1 F1500 X102.056 Y115.167 E178.86033
G0 F9000 X102.056 Y115.733
G1 F1500 X106.733 Y111.056 E178.99232
G0 F9000 X107.299 Y111.056
G1 F1500 X102.056 Y116.299 E179.14029
G0 F9000 X102.056 Y116.864
G1 F1500 X107.864 Y111.056 E179.30421
G0 F9000 X108.43 Y111.056
G1 F1500 X102.056 Y117.43 E179.48409
G0 F9000 X102.056 Y117.996
G1 F1500 X108.995 Y111.057 E179.67993
G0 F9000 X109.561 Y111.057
G1 F1500 X102.056 Y118.561 E179.89172
G0 F9000 X102.056 Y119.127
G1 F1500 X110.126 Y111.057 E180.11947
G0 F9000 X110.692 Y111.057
G1 F1500 X102.056 Y119.693 E180.3632
G0 F9000 X102.056 Y120.258
G1 F1500 X111.258 Y111.057 E180.62289
G0 F9000 X111.823 Y111.057
G1 F1500 X102.056 Y120.824 E180.89853
G0 F9000 X102.056 Y121.39
G1 F1500 X112.389 Y111.057 E181.19015
G0 F9000 X112.955 Y111.057
G1 F1500 X102.056 Y121.955 E181.49773
G0 F9000 X102.056 Y122.521
G1 F1500 X113.52 Y111.057 E181.82127
G0 F9000 X114.085 Y111.057
G1 F1500 X102.056 Y123.087 E182.16077
G0 F9000 X102.056 Y123.652
G1 F1500 X114.651 Y111.057 E182.51623
G0 F9000 X115.217 Y111.057
G1 F1500 X102.056 Y124.218 E182.88766
G0 F9000 X102.056 Y124.784
G1 F1500 X115.782 Y111.057 E183.27505
G0 F9000 X116.348 Y111.057
G1 F1500 X102.056 Y125.35 E183.67842
G0 F9000 X102.056 Y125.915
G1 F1500 X116.914 Y111.057 E184.09774
G0 F9000 X117.479 Y111.058
G1 F1500 X102.056 Y126.481 E184.53301
G0 F9000 X102.056 Y127.047
G1 F1500 X118.044 Y111.058 E184.98424
G0 F9000 X118.61 Y111.058
G1 F1500 X102.056 Y127.612 E185.45143
G0 F9000 X102.056 Y128.178
G1 F1500 X119.176 Y111.058 E185.93459
G0 F9000 X119.741 Y111.058
G1 F1500 X102.056 Y128.744 E186.43372
G0 F9000 X102.056 Y129.309
G1 F1500 X120.307 Y111.058 E186.9488
G0 F9000 X120.873 Y111.058
G1 F1500 X102.056 Y129.875 E187.47986
G0 F9000 X102.056 Y130.441
G1 F1500 X121.439 Y111.058 E188.02689
G0 F9000 X122.003 Y111.059
G1 F1500 X102.056 Y131.006 E188.58983
G0 F9000 X102.056 Y131.572
G1 F1500 X122.569 Y111.059 E189.16875
G0 F9000 X123.135 Y111.059
G1 F1500 X102.056 Y132.138 E189.76365
G0 F9000 X102.102 Y132.657
G1 F1500 X123.701 Y111.059 E190.37321
G0 F9000 X124.266 Y111.059
G1 F1500 X102.416 Y132.909 E190.98986
G0 F9000 X102.951 Y132.94
G1 F1500 X124.832 Y111.059 E191.60739
G0 F9000 X125.398 Y111.059
G1 F1500 X103.516 Y132.94 E192.22493
G0 F9000 X104.082 Y132.94
G1 F1500 X125.963 Y111.059 E192.84246
G0 F9000 X126.528 Y111.06
G1 F1500 X104.648 Y132.94 E193.45996
G0 F9000 X105.213 Y132.94
G1 F1500 X127.094 Y111.06 E194.07748
G0 F9000 X127.66 Y111.06
G1 F1500 X105.779 Y132.94 E194.69499
G0 F9000 X106.345 Y132.94
G1 F1500 X128.225 Y111.06 E195.31249
G0 F9000 X128.791 Y111.06
G1 F1500 X106.91 Y132.94 E195.93001
G0 F9000 X107.476 Y132.94
G1 F1500 X129.357 Y111.06 E196.54752
G0 F9000 X129.922 Y111.06
G1 F1500 X108.042 Y132.94 E197.16502
G0 F9000 X108.607 Y132.94
G1 F1500 X130.488 Y111.06 E197.78254
G0 F9000 X131.063 Y111.05
G1 F1500 X109.173 Y132.94 E198.40032
G0 F9000 X109.739 Y132.94
G1 F1500 X131.911 Y110.768 E199.02606
G0 F9000 X132.056 Y110.623
G1 F1500 X132.802 Y109.877 E199.04712
G0 F9000 X132.94 Y110.304
G1 F1500 X110.304 Y132.94 E199.68595
G0 F9000 X110.87 Y132.94
G1 F1500 X132.94 Y110.87 E200.30882
G0 F9000 X132.94 Y111.436
G1 F1500 X111.436 Y132.94 E200.91571
G0 F9000 X112.001 Y132.94
G1 F1500 X132.94 Y112.001 E201.50665
G0 F9000 X132.94 Y112.567
G1 F1500 X112.567 Y132.94 E202.08162
G0 F9000 X113.133 Y132.94
G1 F1500 X132.94 Y113.133 E202.64062
G0 F9000 X132.94 Y113.699
G1 F1500 X113.699 Y132.94 E203.18364
G0 F9000 X114.264 Y132.94
G1 F1500 X132.94 Y114.264 E203.71072
G0 F9000 X132.94 Y114.83
G1 F1500 X114.83 Y132.94 E204.22182
G0 F9000 X115.396 Y132.94
G1 F1500 X132.94 Y115.396 E204.71695
G0 F9000 X132.94 Y115.961
G1 F1500 X115.961 Y132.94 E205.19613
G0 F9000 X116.527 Y132.94
G1 F1500 X132.94 Y116.527 E205.65934
G0 F9000 X132.94 Y117.093
G1 F1500 X117.093 Y132.94 E206.10658
G0 F9000 X117.658 Y132.94
G1 F1500 X132.94 Y117.658 E206.53787
G0 F9000 X132.94 Y118.224
G1 F1500 X118.224 Y132.94 E206.95319
G0 F9000 X118.79 Y132.94
G1 F1500 X132.94 Y118.79 E207.35253
G0 F9000 X132.94 Y119.355
G1 F1500 X119.355 Y132.94 E207.73593
G0 F9000 X119.921 Y132.94
G1 F1500 X132.94 Y119.921 E208.10335
G0 F9000 X132.94 Y120.487
G1 F1500 X120.487 Y132.94 E208.45481
G0 F9000 X121.052 Y132.94
G1 F1500 X132.94 Y121.052 E208.79031
G0 F9000 X132.94 Y121.618
G1 F1500 X121.618 Y132.94 E209.10984
G0 F9000 X122.184 Y132.94
G1 F1500 X132.94 Y122.184 E209.4134
G0 F9000 X132.94 Y122.749
G1 F1500 X122.749 Y132.94 E209.70101
G0 F9000 X123.315 Y132.94
G1 F1500 X132.94 Y123.315 E209.97265
G0 F9000 X132.94 Y123.881
G1 F1500 X123.881 Y132.94 E210.22831
G0 F9000 X124.447 Y132.94
G1 F1500 X132.94 Y124.447 E210.468
G0 F9000 X132.94 Y125.012
G1 F1500 X125.012 Y132.94 E210.69175
G0 F9000 X125.578 Y132.94
G1 F1500 X132.94 Y125.578 E210.89952
G0 F9000 X132.94 Y126.144
G1 F1500 X126.144 Y132.94 E211.09132
G0 F9000 X126.709 Y132.94
G1 F1500 X132.94 Y126.709 E211.26717
G0 F9000 X132.94 Y127.275
G1 F1500 X127.275 Y132.94 E211.42705
G0 F9000 X127.841 Y132.94
G1 F1500 X132.94 Y127.841 E211.57096
G0 F9000 X132.94 Y128.406
G1 F1500 X128.406 Y132.94 E211.69891
G0 F9000 X128.972 Y132.94
G1 F1500 X132.94 Y128.972 E211.8109
G0 F9000 X132.94 Y129.538
G1 F1500 X129.538 Y132.94 E211.90691
G0 F9000 X130.103 Y132.94
G1 F1500 X132.94 Y130.103 E211.98698
G0 F9000 X132.94 Y130.669
G1 F1500 X130.669 Y132.94 E212.05107
G0 F9000 X131.235 Y132.94
G1 F1500 X132.94 Y131.235 E212.09919
G0 F9000 X132.94 Y131.8
G1 F1500 X131.8 Y132.94 E212.13136
G0 F9000 X132.366 Y132.94
G1 F1500 X132.94 Y132.366 E212.14756
G1 F2700 E207.14756
G0 F9000 X133.4 Y132.366
G0 X133.3 Y105.51
G0 X132.18 Y105.51
G0 X132.729 Y105.425
G1 F2700 E212.14756
G1 F1500 X132.807 Y105.346 E212.14978
G0 F9000 X132.481 Y105.107
G1 F1500 X132.94 Y104.648 E212.16273
G0 F9000 X132.94 Y104.083
G1 F1500 X132.324 Y104.698 E212.1801
G0 F9000 X132.076 Y104.381
G1 F1500 X132.94 Y103.517 E212.20449
G0 F9000 X132.94 Y102.951
G1 F1500 X131.742 Y104.149 E212.2383
G0 F9000 X131.328 Y103.997
G1 F1500 X132.907 Y102.418 E212.28286
G0 F9000 X132.653 Y102.106
G1 F1500 X130.813 Y103.946 E212.33479
G0 F9000 X130.248 Y103.946
G1 F1500 X132.138 Y102.056 E212.38813
G0 F9000 X131.572 Y102.056
G1 F1500 X129.682 Y103.946 E212.44147
G0 F9000 X129.116 Y103.946
G1 F1500 X131.006 Y102.056 E212.49481
G0 F9000 X130.441 Y102.056
G1 F1500 X128.551 Y103.946 E212.54815
G0 F9000 X127.985 Y103.946
G1 F1500 X129.875 Y102.056 E212.60149
G0 F9000 X129.309 Y102.056
G1 F1500 X127.419 Y103.946 E212.65483
G0 F9000 X126.854 Y103.946
G1 F1500 X128.744 Y102.056 E212.70817
G0 F9000 X128.178 Y102.056
G1 F1500 X126.288 Y103.946 E212.76151
G0 F9000 X125.722 Y103.946
G1 F1500 X127.612 Y102.056 E212.81485
G0 F9000 X127.047 Y102.056
G1 F1500 X125.156 Y103.946 E212.8682
G0 F9000 X124.591 Y103.946
G1 F1500 X126.481 Y102.056 E212.92154
G0 F9000 X125.915 Y102.056
G1 F1500 X124.025 Y103.946 E212.97488
G0 F9000 X123.459 Y103.946
G1 F1500 X125.35 Y102.056 E213.02823
G0 F9000 X124.784 Y102.056
G1 F1500 X122.894 Y103.946 E213.08157
G0 F9000 X122.328 Y103.946
G1 F1500 X124.218 Y102.056 E213.13491
G0 F9000 X123.652 Y102.056
G1 F1500 X121.762 Y103.946 E213.18825
G0 F9000 X121.197 Y103.946
G1 F1500 X123.087 Y102.056 E213.24159
G0 F9000 X122.521 Y102.056
G1 F1500 X120.631 Y103.946 E213.29493
G0 F9000 X120.065 Y103.946
G1 F1500 X121.955 Y102.056 E213.34827
G0 F9000 X121.39 Y102.056
G1 F1500 X119.5 Y103.946 E213.40161
G0 F9000 X118.934 Y103.946
G1 F1500 X120.824 Y102.056 E213.45495
G0 F9000 X120.258 Y102.056
G1 F1500 X118.368 Y103.946 E213.50829
G0 F9000 X117.803 Y103.946
G1 F1500 X119.693 Y102.056 E213.56163
G0 F9000 X119.127 Y102.056
G1 F1500 X117.238 Y103.945 E213.61495
G0 F9000 X116.672 Y103.945
G1 F1500 X118.561 Y102.056 E213.66826
G0 F9000 X117.996 Y102.056
G1 F1500 X116.106 Y103.945 E213.72158
G0 F9000 X115.541 Y103.945
G1 F1500 X117.43 Y102.056 E213.77489
G0 F9000 X116.864 Y102.056
G1 F1500 X114.975 Y103.945 E213.82821
G0 F9000 X114.409 Y103.945
G1 F1500 X116.299 Y102.056 E213.88153
G0 F9000 X115.733 Y102.056
G1 F1500 X113.843 Y103.945 E213.93486
G0 F9000 X113.278 Y103.945
G1 F1500 X115.167 Y102.056 E213.98817
G0 F9000 X114.602 Y102.056
G1 F1500 X112.712 Y103.945 E214.04149
G0 F9000 X112.146 Y103.945
G1 F1500 X114.036 Y102.056 E214.09482
G0 F9000 X113.47 Y102.056
G1 F1500 X111.581 Y103.945 E214.14813
G0 F9000 X111.015 Y103.945
G1 F1500 X112.904 Y102.056 E214.20144
G0 F9000 X112.339 Y102.056
G1 F1500 X110.449 Y103.945 E214.25477
G0 F9000 X109.884 Y103.945
G1 F1500 X111.773 Y102.056 E214.30808
G0 F9000 X111.207 Y102.056
G1 F1500 X109.318 Y103.945 E214.36139
G0 F9000 X108.752 Y103.945
G1 F1500 X110.642 Y102.056 E214.41472
G0 F9000 X110.076 Y102.056
G1 F1500 X108.187 Y103.945 E214.46803
G0 F9000 X107.621 Y103.945
G1 F1500 X109.51 Y102.056 E214.52134
G0 F9000 X108.945 Y102.056
G1 F1500 X107.055 Y103.945 E214.57467
G0 F9000 X106.49 Y103.945
G1 F1500 X108.379 Y102.056 E214.62798
G0 F9000 X107.813 Y102.056
G1 F1500 X105.924 Y103.945 E214.68129
G0 F9000 X105.358 Y103.945
G1 F1500 X107.248 Y102.056 E214.73462
G0 F9000 X106.682 Y102.056
G1 F1500 X104.793 Y103.945 E214.78793
G0 F9000 X104.227 Y103.945
G1 F1500 X106.116 Y102.056 E214.84124
G0 F9000 X105.551 Y102.056
G1 F1500 X103.612 Y103.995 E214.89596
;MESH:NONMESH
G0 F300 X103.612 Y103.995 Z0.6
G0 F9000 X103.731 Y104.438
G0 X103.162 Y104.662
G0 X103.162 Y110.338
G0 X107.115 Y110.334
G0 X117.5 Y110.5
;TIME_ELAPSED:559.632014
;LAYER:4
;TYPE:WALL-INNER
;MESH:robotface-cover.stl
G1 F1500 X103.845 Y110.5 E215.16846
G1 X103.529 Y110.383 E215.17519
G1 X103.275 Y110.19 E215.18155
G1 X103.076 Y109.885 E215.18882
G1 X103 Y109.625 E215.19423
G1 X103 Y105.5 E215.27655
G1 X103.095 Y105.072 E215.2853
G1 X103.335 Y104.752 E215.29328
G1 X103.624 Y104.573 E215.30006
G1 X103.88 Y104.5 E215.30537
G1 X131 Y104.5 E215.84658
G1 X131.375 Y104.572 E215.8542
G1 X131.664 Y104.751 E215.86099
G1 X131.905 Y105.071 E215.86898
G1 X132 Y105.5 E215.87775
G1 X132 Y109.625 E215.96007
G1 X131.924 Y109.885 E215.96547
G1 X131.725 Y110.19 E215.97274
G1 X131.472 Y110.383 E215.97909
G1 X131.155 Y110.5 E215.98584
G1 X117.5 Y110.5 E216.25834
G0 F9000 X117.5 Y110.1
G1 F1500 X103.906 Y110.1 E216.52962
G1 X103.717 Y110.03 E216.53364
G1 X103.565 Y109.914 E216.53746
G1 X103.446 Y109.731 E216.54181
G1 X103.4 Y109.577 E216.54502
G1 X103.4 Y105.5 E216.62638
G1 X103.457 Y105.243 E216.63163
G1 X103.601 Y105.051 E216.63642
G1 X103.927 Y104.9 E216.64359
G1 X131 Y104.9 E217.18386
G1 X131.225 Y104.943 E217.18844
G1 X131.399 Y105.05 E217.19251
G1 X131.543 Y105.243 E217.19732
G1 X131.6 Y105.5 E217.20257
G1 X131.6 Y109.577 E217.28393
G1 X131.555 Y109.731 E217.28713
G1 X131.435 Y109.914 E217.2915
G1 X131.283 Y110.03 E217.29532
G1 X131.094 Y110.1 E217.29934
G1 X117.5 Y110.1 E217.57062
G1 F2700 E212.57062
G0 F9000 X117.5 Y110.41
G0 X117.5 Y110.68
G0 X117.5 Y133.544
G0 X117.5 Y133.744
G1 F2700 E217.57062
G1 F1500 X132.579 Y133.744 E217.87154
G1 X132.814 Y133.706 E217.87629
G1 X133.118 Y133.568 E217.88295
G1 X133.328 Y133.418 E217.8881
G1 X133.499 Y133.228 E217.8932
G1 X133.633 Y132.997 E217.89853
G1 X133.744 Y132.655 E217.90571
G1 X133.744 Y102.42 E218.50908
G1 X133.705 Y102.182 E218.51389
G1 X133.568 Y101.877 E218.52057
G1 X133.418 Y101.668 E218.5257
G1 X133.231 Y101.5 E218.53072
G1 X133 Y101.368 E218.53603
G1 X132.643 Y101.252 E218.54352
G1 X102.548 Y101.252 E219.1441
G1 X102.232 Y101.285 E219.15044
G1 X101.982 Y101.361 E219.15565
G1 X101.645 Y101.587 E219.16375
G1 X101.386 Y101.932 E219.17236
G1 X101.294 Y102.2 E219.17801
G1 X101.252 Y102.558 E219.1852
G1 X101.252 Y132.579 E219.78431
G1 X101.29 Y132.814 E219.78906
G1 X101.426 Y133.115 E219.79565
G1 X101.581 Y133.328 E219.8009
G1 X101.77 Y133.5 E219.806
G1 X101.999 Y133.634 E219.8113
G1 X102.342 Y133.744 E219.81849
G1 X117.5 Y133.744 E220.12098
G0 F9000 X117.5 Y134.144
G1 F1500 X132.611 Y134.144 E220.42254
G1 X132.93 Y134.092 E220.42899
G1 X133.319 Y133.917 E220.4375
G1 X133.597 Y133.718 E220.44432
G1 X133.824 Y133.465 E220.45111
G1 X134.001 Y133.161 E220.45813
G1 X134.144 Y132.719 E220.4674
G1 X134.144 Y102.388 E221.07269
G1 X134.092 Y102.066 E221.07919
G1 X133.917 Y101.677 E221.08771
G1 X133.718 Y101.399 E221.09453
G1 X133.466 Y101.174 E221.10127
G1 X133.163 Y101 E221.10824
G1 X132.707 Y100.852 E221.11781
G1 X102.527 Y100.852 E221.72009
G1 X102.152 Y100.891 E221.72761
G1 X101.809 Y100.996 E221.73477
G1 X101.366 Y101.292 E221.7454
G1 X101.029 Y101.742 E221.75662
G1 X100.901 Y102.11 E221.7644
G1 X100.852 Y102.535 E221.77293
G1 X100.852 Y132.611 E222.37313
G1 X100.904 Y132.93 E222.37958
G1 X101.078 Y133.317 E222.38805
G1 X101.281 Y133.597 E222.39495
G1 X101.533 Y133.825 E222.40173
G1 X101.835 Y134.001 E222.40871
G1 X102.277 Y134.144 E222.41798
G1 X117.5 Y134.144 E222.72177
G0 F9000 X117.5 Y134.544
;TYPE:WALL-OUTER
G1 F1500 X132.643 Y134.544 E223.02397
G1 X133.046 Y134.478 E223.03212
G1 X133.519 Y134.265 E223.04247
G1 X133.865 Y134.018 E223.05095
G1 X134.149 Y133.701 E223.05944
G1 X134.368 Y133.325 E223.06813
G1 X134.5 Y132.917 E223.07669
G1 X134.544 Y132.636 E223.08236
G1 X134.544 Y102.356 E223.68663
G1 X134.478 Y101.95 E223.69484
G1 X134.265 Y101.477 E223.70519
G1 X134.018 Y101.131 E223.71368
G1 X133.702 Y100.848 E223.72214
G1 X133.326 Y100.632 E223.73079
G1 X132.916 Y100.499 E223.7394
G1 X132.635 Y100.452 E223.74508
G1 X102.507 Y100.452 E224.34632
G1 X102.072 Y100.497 E224.35505
G1 X101.635 Y100.631 E224.36417
G1 X101.178 Y100.937 E224.37514
G1 X101.018 Y101.09 E224.37956
G1 X100.671 Y101.552 E224.39109
G1 X100.509 Y102.021 E224.40099
G1 X100.452 Y102.512 E224.41086
G1 X100.452 Y132.643 E225.01215
G1 X100.518 Y133.046 E225.0203
G1 X100.73 Y133.519 E225.03065
G1 X100.982 Y133.865 E225.03919
G1 X101.295 Y134.149 E225.04762
G1 X101.671 Y134.368 E225.05631
G1 X102.079 Y134.5 E225.06487
G1 X102.36 Y134.544 E225.07054
G1 X117.5 Y134.544 E225.37268
G1 F2700 E220.37268
G0 F9000 X117.5 Y133.835
G0 X117.5 Y133.544
G0 X117.5 Y110.68
G0 X117.5 Y109.696
G1 F2700 E225.37268
G1 F1500 X103.956 Y109.696 E225.64296
G1 X103.855 Y109.638 E225.64529
G1 X103.802 Y109.535 E225.6476
G1 X103.8 Y105.5 E225.72812
G1 X103.867 Y105.35 E225.7314
G1 X103.965 Y105.303 E225.73357
G1 X131.052 Y105.3 E226.27412
G1 X131.2 Y105.431 E226.27806
G1 X131.198 Y109.535 E226.35996
G1 X131.145 Y109.638 E226.36227
G1 X131.044 Y109.696 E226.3646
G1 X117.5 Y109.696 E226.63488
G1 F2700 E221.63488
G0 F9000 X117.5 Y110.41
G0 X117.5 Y110.68
G0 X117.5 Y133.544
G0 X117.5 Y133.384
;TYPE:SKIN
G1 F2700 E226.63488
G1 F1500 X102.454 Y133.384 E226.93514
G1 X102.143 Y133.301 E226.94157
G1 X101.994 Y133.211 E226.94504
G1 X101.734 Y132.921 E226.95281
G1 X101.612 Y132.653 E226.95869
G1 X101.612 Y102.579 E227.55885
G1 X101.645 Y102.277 E227.56491
G1 X101.707 Y102.104 E227.56858
G1 X101.896 Y101.852 E227.57486
G1 X102.198 Y101.65 E227.58211
G1 X102.563 Y101.612 E227.58944
G1 X132.584 Y101.612 E228.18854
G1 X132.845 Y101.697 E228.19402
G1 X133.212 Y101.959 E228.20302
G1 X133.355 Y102.287 E228.21016
G1 X133.384 Y102.45 E228.21346
G1 X133.384 Y132.537 E228.81388
G1 X133.3 Y132.84 E228.82015
G1 X133.076 Y133.152 E228.82782
G1 X132.708 Y133.355 E228.83621
G1 X132.546 Y133.384 E228.83949
G1 X117.5 Y133.384 E229.13975
G1 F2700 E224.13975
G0 F9000 X117.5 Y133.644
G0 X102.9 Y133.544
G0 X103.443 Y110.542
G0 X102.128 Y109.592
G1 F2700 E229.13975
G1 F952.4 X102.127 Y105.428 E229.27063
G1 F2700 E224.27063
G0 F9000 X101.352 Y105.428
G0 X101.452 Y102.236
G0 X101.758 Y101.704
G0 X102.129 Y101.459
G0 X102.556 Y101.413
G0 X132.616 Y101.413
G0 X132.937 Y101.517
G0 X133.296 Y101.774
G0 X133.55 Y102.229
G0 X133.644 Y105.414
G0 X132.871 Y105.414
G1 F2700 E229.27063
G1 F953.9 X132.868 Y109.595 E229.40183
G0 F9000 X132.1 Y109.595
G0 X131.838 Y110.338
G0 X117.5 Y110.6
G0 X117.5 Y110.859
G1 F1500 X131.018 Y110.859 E229.6716
G1 X131.321 Y110.82 E229.67769
G1 X131.646 Y110.701 E229.6846
G1 X131.99 Y110.437 E229.69325
G1 X132.255 Y110.03 E229.70295
G1 X132.358 Y109.679 E229.71025
G1 X132.356 Y105.46 E229.79444
G1 X132.235 Y104.915 E229.80558
G1 X131.906 Y104.477 E229.81651
G1 X131.508 Y104.238 E229.82578
G1 X131.034 Y104.143 E229.83543
G1 X103.825 Y104.142 E230.37841
G1 X103.488 Y104.238 E230.3854
G1 X103.093 Y104.479 E230.39464
G1 X102.765 Y104.916 E230.40554
G1 X102.644 Y105.46 E230.41666
G1 X102.643 Y109.683 E230.50094
G1 X102.739 Y110.024 E230.50801
G1 X103.011 Y110.439 E230.51791
G1 X103.353 Y110.697 E230.52646
G1 X103.672 Y110.819 E230.53327
G1 X103.982 Y110.859 E230.53951
G1 X117.5 Y110.859 E230.80928
G1 F2700 E225.80928
G0 F9000 X117.5 Y110.6
G0 X131.838 Y110.338
G0 X131.838 Y104.662
G0 X131.443 Y104.405
G0 X133.544 Y104.405
G0 X133.644 Y102.637
G0 X133.184 Y102.637
G1 F2700 E230.80928
G1 F1500 X132.359 Y101.812 E230.83256
G0 F9000 X131.793 Y101.812
G1 F1500 X133.184 Y103.203 E230.87182
G0 F9000 X133.184 Y103.769
G1 F1500 X131.228 Y101.812 E230.92703
G0 F9000 X130.662 Y101.812
G1 F1500 X133.184 Y104.334 E230.99821
G0 F9000 X133.184 Y104.9
G1 F1500 X130.096 Y101.812 E231.08536
G0 F9000 X129.531 Y101.812
G1 F1500 X132.824 Y105.105 E231.1783
G0 F9000 X132.048 Y105.276
G0 X131.838 Y104.662
G0 X131.02 Y104.405
G0 X131.107 Y103.954
G1 F1500 X128.965 Y101.812 E231.23875
G0 F9000 X128.399 Y101.812
G1 F1500 X130.528 Y103.94 E231.29882
G0 F9000 X129.962 Y103.94
G1 F1500 X127.834 Y101.812 E231.35888
G0 F9000 X127.268 Y101.812
G1 F1500 X129.396 Y103.94 E231.41893
G0 F9000 X128.831 Y103.94
G1 F1500 X126.702 Y101.812 E231.479
G0 F9000 X126.137 Y101.812
G1 F1500 X128.265 Y103.94 E231.53906
G0 F9000 X127.699 Y103.94
G1 F1500 X125.571 Y101.812 E231.59912
G0 F9000 X125.005 Y101.812
G1 F1500 X127.134 Y103.941 E231.6592
G0 F9000 X126.569 Y103.941
G1 F1500 X124.439 Y101.812 E231.7193
G0 F9000 X123.874 Y101.812
G1 F1500 X126.003 Y103.941 E231.77939
G0 F9000 X125.437 Y103.941
G1 F1500 X123.308 Y101.812 E231.83947
G0 F9000 X122.742 Y101.812
G1 F1500 X124.872 Y103.941 E231.89957
G0 F9000 X124.306 Y103.941
G1 F1500 X122.177 Y101.812 E231.95966
G0 F9000 X121.611 Y101.812
G1 F1500 X123.74 Y103.941 E232.01974
G0 F9000 X123.175 Y103.942
G1 F1500 X121.045 Y101.812 E232.07985
G0 F9000 X120.48 Y101.812
G1 F1500 X122.609 Y103.942 E232.13995
G0 F9000 X122.044 Y103.942
G1 F1500 X119.914 Y101.812 E232.20007
G0 F9000 X119.348 Y101.812
G1 F1500 X121.478 Y103.942 E232.26018
G0 F9000 X120.912 Y103.942
G1 F1500 X118.783 Y101.812 E232.32028
G0 F9000 X118.217 Y101.812
G1 F1500 X120.347 Y103.942 E232.38039
G0 F9000 X119.781 Y103.942
G1 F1500 X117.651 Y101.812 E232.4405
G0 F9000 X117.086 Y101.812
G1 F1500 X119.216 Y103.943 E232.50063
G0 F9000 X118.65 Y103.943
G1 F1500 X116.52 Y101.812 E232.56076
G0 F9000 X115.954 Y101.812
G1 F1500 X118.085 Y103.943 E232.6209
G0 F9000 X117.519 Y103.943
G1 F1500 X115.389 Y101.812 E232.68103
G0 F9000 X114.823 Y101.812
G1 F1500 X116.953 Y103.943 E232.74116
G0 F9000 X116.388 Y103.943
G1 F1500 X114.257 Y101.812 E232.8013
G0 F9000 X113.691 Y101.812
G1 F1500 X115.822 Y103.943 E232.86144
G0 F9000 X115.257 Y103.943
G1 F1500 X113.126 Y101.812 E232.92158
G0 F9000 X112.56 Y101.812
G1 F1500 X114.691 Y103.943 E232.98172
G0 F9000 X114.126 Y103.943
G1 F1500 X111.994 Y101.812 E233.04188
G0 F9000 X111.429 Y101.812
G1 F1500 X113.56 Y103.943 E233.10202
G0 F9000 X112.994 Y103.943
G1 F1500 X110.863 Y101.812 E233.16216
G0 F9000 X110.297 Y101.812
G1 F1500 X112.429 Y103.943 E233.22231
G0 F9000 X111.863 Y103.943
G1 F1500 X109.732 Y101.812 E233.28246
G0 F9000 X109.166 Y101.812
G1 F1500 X111.298 Y103.944 E233.34263
G0 F9000 X110.732 Y103.944
G1 F1500 X108.6 Y101.812 E233.4028
G0 F9000 X108.035 Y101.812
G1 F1500 X110.167 Y103.944 E233.46297
G0 F9000 X109.601 Y103.944
G1 F1500 X107.469 Y101.812 E233.52313
G0 F9000 X106.903 Y101.812
G1 F1500 X109.035 Y103.944 E233.5833
G0 F9000 X108.469 Y103.944
G1 F1500 X106.338 Y101.812 E233.64346
G0 F9000 X105.772 Y101.812
G1 F1500 X107.904 Y103.944 E233.70363
G0 F9000 X107.339 Y103.945
G1 F1500 X105.206 Y101.812 E233.76383
G0 F9000 X104.64 Y101.812
G1 F1500 X106.773 Y103.945 E233.82403
G0 F9000 X106.207 Y103.945
G1 F1500 X104.075 Y101.812 E233.88421
G0 F9000 X103.509 Y101.812
G1 F1500 X105.642 Y103.945 E233.94441
G0 F9000 X105.076 Y103.945
G1 F1500 X102.943 Y101.812 E234.00461
G0 F9000 X102.397 Y101.831
G1 F1500 X104.51 Y103.945 E234.06425
G0 F9000 X103.945 Y103.945
G1 F1500 X102.019 Y102.019 E234.11861
G0 F9000 X101.833 Y102.398
G1 F1500 X103.471 Y104.037 E234.16485
G0 F9000 X103.105 Y104.237
G1 F1500 X101.812 Y102.943 E234.20136
G0 F9000 X101.812 Y103.509
G1 F1500 X102.817 Y104.514 E234.22972
G0 F9000 X102.589 Y104.852
G1 F1500 X101.812 Y104.075 E234.25165
G0 F9000 X101.812 Y104.64
G1 F1500 X102.32 Y105.149 E234.266
G1 F2700 E229.266
G0 F9000 X102.948 Y105.29
G0 X102.819 Y109.649
G0 X101.452 Y109.649
G0 X101.352 Y109.952
G0 X102.032 Y109.952
G1 F2700 E234.266
G1 F1500 X125.265 Y133.184 E234.92167
G0 F9000 X125.83 Y133.184
G1 F1500 X103.673 Y111.027 E235.54699
G0 F9000 X104.27 Y111.058
G1 F1500 X126.396 Y133.184 E236.17143
G0 F9000 X126.962 Y133.184
G1 F1500 X104.836 Y111.058 E236.79588
G0 F9000 X105.401 Y111.058
G1 F1500 X127.527 Y133.184 E237.42032
G0 F9000 X128.093 Y133.184
G1 F1500 X105.967 Y111.058 E238.04476
G0 F9000 X106.533 Y111.058
G1 F1500 X128.659 Y133.184 E238.66921
G0 F9000 X129.224 Y133.184
G1 F1500 X107.098 Y111.058 E239.29365
G0 F9000 X107.664 Y111.058
G1 F1500 X129.79 Y133.184 E239.91809
G0 F9000 X130.356 Y133.184
G1 F1500 X108.23 Y111.058 E240.54254
G0 F9000 X108.795 Y111.058
G1 F1500 X130.922 Y133.184 E241.16699
G0 F9000 X131.487 Y133.184
G1 F1500 X109.361 Y111.058 E241.79144
G0 F9000 X109.927 Y111.058
G1 F1500 X132.053 Y133.184 E242.41588
G0 F9000 X132.615 Y133.181
G1 F1500 X110.493 Y111.058 E243.04023
G0 F9000 X111.058 Y111.058
G1 F1500 X132.965 Y132.965 E243.65849
G0 F9000 X133.161 Y132.595
G1 F1500 X111.624 Y111.058 E244.26631
G0 F9000 X112.19 Y111.058
G1 F1500 X133.184 Y132.053 E244.85882
G0 F9000 X133.184 Y131.487
G1 F1500 X112.755 Y111.058 E245.43537
G0 F9000 X113.321 Y111.058
G1 F1500 X133.184 Y130.922 E245.99596
G0 F9000 X133.184 Y130.356
G1 F1500 X113.887 Y111.058 E246.54058
G0 F9000 X114.452 Y111.058
G1 F1500 X133.184 Y129.79 E247.06924
G0 F9000 X133.184 Y129.224
G1 F1500 X115.018 Y111.058 E247.58192
G0 F9000 X115.584 Y111.058
G1 F1500 X133.184 Y128.659 E248.07864
G0 F9000 X133.184 Y128.093
G1 F1500 X116.149 Y111.058 E248.55941
G0 F9000 X116.715 Y111.058
G1 F1500 X133.184 Y127.527 E249.0242
G0 F9000 X133.184 Y126.962
G1 F1500 X117.281 Y111.058 E249.47303
G0 F9000 X117.846 Y111.058
G1 F1500 X133.184 Y126.396 E249.9059
G0 F9000 X133.184 Y125.83
G1 F1500 X118.412 Y111.058 E250.3228
G0 F9000 X118.978 Y111.058
G1 F1500 X133.184 Y125.265 E250.72374
G0 F9000 X133.184 Y124.699
G1 F1500 X119.543 Y111.058 E251.10872
G0 F9000 X120.109 Y111.058
G1 F1500 X133.184 Y124.133 E251.47772
G0 F9000 X133.184 Y123.568
G1 F1500 X120.675 Y111.058 E251.83077
G0 F9000 X121.241 Y111.058
G1 F1500 X133.184 Y123.002 E252.16784
G0 F9000 X133.184 Y122.436
G1 F1500 X121.806 Y111.058 E252.48895
G0 F9000 X122.372 Y111.058
G1 F1500 X133.184 Y121.871 E252.7941
G0 F9000 X133.184 Y121.305
G1 F1500 X122.938 Y111.058 E253.08328
G0 F9000 X123.503 Y111.058
G1 F1500 X133.184 Y120.739 E253.3565
G0 F9000 X133.184 Y120.174
G1 F1500 X124.069 Y111.058 E253.61376
G0 F9000 X124.635 Y111.058
G1 F1500 X133.184 Y119.608 E253.85504
G0 F9000 X133.184 Y119.042
G1 F1500 X125.2 Y111.058 E254.08037
G0 F9000 X125.766 Y111.058
G1 F1500 X133.184 Y118.476 E254.28972
G0 F9000 X133.184 Y117.911
G1 F1500 X126.332 Y111.058 E254.48311
G0 F9000 X126.897 Y111.058
G1 F1500 X133.184 Y117.345 E254.66055
G0 F9000 X133.184 Y116.779
G1 F1500 X127.463 Y111.058 E254.822
G0 F9000 X128.029 Y111.058
G1 F1500 X133.184 Y116.214 E254.9675
G0 F9000 X133.184 Y115.648
G1 F1500 X128.594 Y111.058 E255.09704
G0 F9000 X129.16 Y111.058
G1 F1500 X133.184 Y115.082 E255.21061
G0 F9000 X133.184 Y114.517
G1 F1500 X129.726 Y111.058 E255.30822
G0 F9000 X130.291 Y111.058
G1 F1500 X133.184 Y113.951 E255.38986
G0 F9000 X133.184 Y113.385
G1 F1500 X130.857 Y111.058 E255.45554
G0 F9000 X131.378 Y111.013
G1 F1500 X133.184 Y112.82 E255.50652
G0 F9000 X133.184 Y112.254
G1 F1500 X131.781 Y110.851 E255.54611
G0 F9000 X132.101 Y110.605
G1 F1500 X133.184 Y111.688 E255.57668
G0 F9000 X133.184 Y111.123
G1 F1500 X132.335 Y110.273 E255.60065
G0 F9000 X132.558 Y109.93
G1 F1500 X133.184 Y110.557 E255.61833
G1 F2700 E250.61833
G0 F9000 X133.644 Y110.557
G0 X133.583 Y132.565
G0 X133.486 Y132.932
G0 X133.222 Y133.296
G0 X132.767 Y133.551
G0 X124.699 Y133.644
G0 X124.699 Y133.184
G1 F2700 E255.61833
G1 F1500 X101.812 Y110.297 E256.26426
G0 F9000 X101.812 Y110.863
G1 F1500 X124.133 Y133.184 E256.8942
G0 F9000 X123.568 Y133.184
G1 F1500 X101.812 Y111.429 E257.50819
G0 F9000 X101.812 Y111.994
G1 F1500 X123.002 Y133.184 E258.10622
G0 F9000 X122.436 Y133.184
G1 F1500 X101.812 Y112.56 E258.68827
G0 F9000 X101.812 Y113.126
G1 F1500 X121.871 Y133.184 E259.25437
G0 F9000 X121.305 Y133.184
G1 F1500 X101.812 Y113.691 E259.8045
G0 F9000 X101.812 Y114.257
G1 F1500 X120.739 Y133.184 E260.33866
G0 F9000 X120.174 Y133.184
G1 F1500 X101.812 Y114.823 E260.85686
G0 F9000 X101.812 Y115.389
G1 F1500 X119.608 Y133.184 E261.35909
G0 F9000 X119.042 Y133.184
G1 F1500 X101.812 Y115.954 E261.84536
G0 F9000 X101.812 Y116.52
G1 F1500 X118.476 Y133.184 E262.31565
G0 F9000 X117.911 Y133.184
G1 F1500 X101.812 Y117.086 E262.76999
G0 F9000 X101.812 Y117.651
G1 F1500 X117.345 Y133.184 E263.20836
G0 F9000 X116.779 Y133.184
G1 F1500 X101.812 Y118.217 E263.63076
G0 F9000 X101.812 Y118.783
G1 F1500 X116.214 Y133.184 E264.0372
G0 F9000 X115.648 Y133.184
G1 F1500 X101.812 Y119.348 E264.42768
G0 F9000 X101.812 Y119.914
G1 F1500 X115.082 Y133.184 E264.80219
G0 F9000 X114.517 Y133.184
G1 F1500 X101.812 Y120.48 E265.16074
G0 F9000 X101.812 Y121.045
G1 F1500 X113.951 Y133.184 E265.50333
G0 F9000 X113.385 Y133.184
G1 F1500 X101.812 Y121.611 E265.82995
G0 F9000 X101.812 Y122.177
G1 F1500 X112.82 Y133.184 E266.1406
G0 F9000 X112.254 Y133.184
G1 F1500 X101.812 Y122.742 E266.4353
G0 F9000 X101.812 Y123.308
G1 F1500 X111.688 Y133.184 E266.71402
G0 F9000 X111.123 Y133.184
G1 F1500 X101.812 Y123.874 E266.97678
G0 F9000 X101.812 Y124.439
G1 F1500 X110.557 Y133.184 E267.22358
G0 F9000 X109.991 Y133.184
G1 F1500 X101.812 Y125.005 E267.45441
G0 F9000 X101.812 Y125.571
G1 F1500 X109.425 Y133.184 E267.66927
G0 F9000 X108.86 Y133.184
G1 F1500 X101.812 Y126.137 E267.86816
G0 F9000 X101.812 Y126.702
G1 F1500 X108.294 Y133.184 E268.0511
G0 F9000 X107.728 Y133.184
G1 F1500 X101.812 Y127.268 E268.21806
G0 F9000 X101.812 Y127.834
G1 F1500 X107.163 Y133.184 E268.36906
G0 F9000 X106.597 Y133.184
G1 F1500 X101.812 Y128.399 E268.50411
G0 F9000 X101.812 Y128.965
G1 F1500 X106.031 Y133.184 E268.62318
G0 F9000 X105.466 Y133.184
G1 F1500 X101.812 Y129.531 E268.72629
G0 F9000 X101.812 Y130.096
G1 F1500 X104.9 Y133.184 E268.81344
G0 F9000 X104.334 Y133.184
G1 F1500 X101.812 Y130.662 E268.88461
G0 F9000 X101.812 Y131.228
G1 F1500 X103.769 Y133.184 E268.93983
G0 F9000 X103.203 Y133.184
G1 F1500 X101.812 Y131.793 E268.97909
G0 F9000 X101.812 Y132.359
G1 F1500 X102.637 Y133.184 E269.00237
G1 F2700 E264.00237
;MESH:NONMESH
G0 F300 X102.637 Y133.184 Z0.72
G0 F9000 X102.637 Y133.644
G0 X117.5 Y133.544
G0 X117.5 Y110.68
G0 X117.5 Y110.5
;TIME_ELAPSED:690.261723
;LAYER:5
;TYPE:WALL-INNER
;MESH:robotface-cover.stl
G1 F2700 E269.00237
G1 F1500 X103.845 Y110.5 E269.27487
G1 X103.529 Y110.383 E269.28159
G1 X103.275 Y110.19 E269.28796
G1 X103.076 Y109.885 E269.29523
G1 X103 Y109.625 E269.30063
G1 X103 Y105.5 E269.38295
G1 X103.091 Y105.08 E269.39153
G1 X103.323 Y104.763 E269.39937
G1 X103.605 Y104.581 E269.40607
G1 X103.877 Y104.5 E269.41173
G1 X131 Y104.5 E269.953
G1 X131.394 Y104.58 E269.96102
G1 X131.676 Y104.762 E269.96772
G1 X131.908 Y105.08 E269.97558
G1 X132 Y105.5 E269.98416
G1 X132 Y109.625 E270.06647
G1 X131.924 Y109.885 E270.07188
G1 X131.725 Y110.19 E270.07915
G1 X131.471 Y110.383 E270.08551
G1 X131.155 Y110.5 E270.09224
G1 X117.5 Y110.5 E270.36474
G0 F9000 X117.5 Y110.1
G1 F1500 X103.906 Y110.1 E270.63602
G1 X103.717 Y110.03 E270.64004
G1 X103.565 Y109.914 E270.64386
G1 X103.446 Y109.731 E270.64822
G1 X103.4 Y109.577 E270.65142
G1 X103.4 Y105.5 E270.73278
G1 X103.455 Y105.248 E270.73793
G1 X103.594 Y105.058 E270.74263
G1 X103.763 Y104.948 E270.74665
G1 X103.927 Y104.9 E270.75006
G1 X131 Y104.9 E271.29033
G1 X131.236 Y104.948 E271.29514
G1 X131.406 Y105.057 E271.29917
G1 X131.545 Y105.248 E271.30388
G1 X131.6 Y105.5 E271.30903
G1 X131.6 Y109.577 E271.39039
G1 X131.555 Y109.731 E271.39359
G1 X131.435 Y109.914 E271.39796
G1 X131.283 Y110.03 E271.40178
G1 X131.094 Y110.1 E271.4058
G1 X117.5 Y110.1 E271.67708
G1 F2700 E266.67708
G0 F9000 X117.5 Y110.41
G0 X117.5 Y110.68
G0 X117.5 Y133.78
G0 X117.5 Y133.98
G1 F2700 E271.67708
G1 F1500 X132.461 Y133.98 E271.97565
G1 X132.803 Y133.946 E271.9825
G1 X133.17 Y133.823 E271.99023
G1 X133.55 Y133.547 E271.9996
G1 X133.74 Y133.312 E272.00563
G1 X133.902 Y132.961 E272.01335
G1 X133.98 Y132.597 E272.02077
G1 X133.98 Y102.542 E272.62055
G1 X133.945 Y102.187 E272.62767
G1 X133.861 Y101.875 E272.63412
G1 X133.602 Y101.513 E272.643
G1 X133.321 Y101.262 E272.65052
G1 X132.956 Y101.093 E272.65855
G1 X132.587 Y101.016 E272.66607
G1 X102.545 Y101.02 E273.26559
G1 X102.242 Y101.05 E273.27167
G1 X101.953 Y101.139 E273.2777
G1 X101.654 Y101.29 E273.28439
G1 X101.347 Y101.581 E273.29283
G1 X101.173 Y101.877 E273.29968
G1 X101.06 Y102.204 E273.30659
G1 X101.016 Y102.558 E273.31371
G1 X101.02 Y132.458 E273.91039
G1 X101.063 Y132.882 E273.9189
G1 X101.221 Y133.243 E273.92676
G1 X101.394 Y133.483 E273.93266
G1 X101.679 Y133.737 E273.94028
G1 X102.033 Y133.901 E273.94807
G1 X102.399 Y133.98 E273.95554
G1 X117.5 Y133.98 E274.2569
G0 F9000 X117.5 Y134.38
G1 F1500 X132.473 Y134.38 E274.5557
G1 X132.97 Y134.329 E274.56567
G1 X133.352 Y134.182 E274.57384
G1 X133.599 Y134.025 E274.57968
G1 X133.835 Y133.831 E274.58578
G1 X134.078 Y133.531 E274.59348
G1 X134.267 Y133.16 E274.60179
G1 X134.38 Y132.634 E274.61253
G1 X134.38 Y102.522 E275.21344
G1 X134.339 Y102.116 E275.22159
G1 X134.264 Y101.831 E275.22747
G1 X134.13 Y101.566 E275.23339
G1 X133.855 Y101.184 E275.24279
G1 X133.541 Y100.925 E275.25091
G1 X133.169 Y100.735 E275.25925
G1 X132.901 Y100.665 E275.26477
G1 X132.474 Y100.616 E275.27335
G1 X102.526 Y100.62 E275.871
G1 X102.163 Y100.656 E275.87827
G1 X101.802 Y100.767 E275.88581
G1 X101.422 Y100.96 E275.89432
G1 X101.031 Y101.33 E275.90506
G1 X100.808 Y101.709 E275.91384
G1 X100.668 Y102.113 E275.92237
G1 X100.616 Y102.533 E275.93081
G1 X100.62 Y132.478 E276.5284
G1 X100.671 Y132.982 E276.53851
G1 X100.867 Y133.432 E276.5483
G1 X101.142 Y133.813 E276.55768
G1 X101.457 Y134.072 E276.56582
G1 X101.824 Y134.264 E276.57408
G1 X102.362 Y134.38 E276.58507
G1 X117.5 Y134.38 E276.88716
G1 F2700 E271.88716
G0 F9000 X117.5 Y134.07
G0 X132.892 Y134.017
G0 X133.073 Y134.719
;TYPE:WALL-OUTER
G1 F2700 E276.88716
G1 F1500 X133.533 Y134.54 E276.89701
G1 X133.834 Y134.349 E276.90413
G1 X134.121 Y134.114 E276.91153
G1 X134.415 Y133.75 E276.92087
G1 X134.644 Y133.302 E276.93091
G1 X134.764 Y132.745 E276.94228
G1 X134.78 Y132.49 E276.94738
G1 X134.78 Y102.502 E277.54582
G1 X134.734 Y102.044 E277.555
G1 X134.64 Y101.688 E277.56235
G1 X134.409 Y101.232 E277.57255
G1 X134.025 Y100.805 E277.58401
G1 X133.761 Y100.589 E277.59082
G1 X133.311 Y100.359 E277.60091
G1 X132.874 Y100.245 E277.60992
G1 X132.488 Y100.216 E277.61764
G1 X102.506 Y100.22 E278.21597
G1 X102.084 Y100.262 E278.22443
G1 X101.652 Y100.395 E278.23345
G1 X101.189 Y100.63 E278.24381
G1 X100.715 Y101.078 E278.25683
G1 X100.443 Y101.541 E278.26754
G1 X100.276 Y102.022 E278.2777
G1 X100.216 Y102.509 E278.2875
G1 X100.22 Y132.498 E278.88596
G1 X100.266 Y132.952 E278.89507
G1 X100.33 Y133.202 E278.90022
G1 X100.565 Y133.74 E278.91193
G1 X100.971 Y134.191 E278.92404
G1 X101.235 Y134.408 E278.93086
G1 X101.683 Y134.642 E278.94095
G1 X102.251 Y134.764 E278.95254
G1 X102.506 Y134.78 E278.95764
G1 X117.5 Y134.78 E279.25686
G1 X132.485 Y134.78 E279.5559
G1 X133.073 Y134.719 E279.5677
G1 F2700 E274.5677
G0 F9000 X132.892 Y134.017
G0 X117.5 Y133.78
G0 X117.5 Y110.68
G0 X117.5 Y109.696
G1 F2700 E279.5677
G1 F1500 X103.956 Y109.696 E279.83799
G1 X103.855 Y109.638 E279.84031
G1 X103.802 Y109.535 E279.84262
G1 X103.8 Y105.5 E279.92314
G1 X103.864 Y105.352 E279.92636
G1 X103.965 Y105.303 E279.9286
G1 X131 Y105.3 E280.46812
G1 X131.136 Y105.352 E280.47102
G1 X131.2 Y105.5 E280.47424
G1 X131.198 Y109.535 E280.55476
G1 X131.145 Y109.638 E280.55707
G1 X131.044 Y109.696 E280.5594
G1 X117.5 Y109.696 E280.82968
G1 F2700 E275.82968
G0 F9000 X117.5 Y110.41
G0 X117.5 Y110.68
G0 X117.5 Y133.78
G0 X117.5 Y133.62
;TYPE:SKIN
G1 F2700 E280.82968
G1 F1500 X102.43 Y133.62 E281.13042
G1 X102.145 Y133.557 E281.13625
G1 X101.875 Y133.431 E281.14219
G1 X101.666 Y133.245 E281.14777
G1 X101.535 Y133.063 E281.15225
G1 X101.413 Y132.788 E281.15825
G1 X101.38 Y132.442 E281.16519
G1 X101.376 Y102.584 E281.76104
G1 X101.413 Y102.282 E281.76711
G1 X101.499 Y102.032 E281.77239
G1 X101.631 Y101.806 E281.77761
G1 X101.865 Y101.585 E281.78403
G1 X102.08 Y101.474 E281.78886
G1 X102.387 Y101.38 E281.79527
G1 X132.548 Y101.376 E282.39716
G1 X132.845 Y101.436 E282.40321
G1 X133.12 Y101.565 E282.40927
G1 X133.334 Y101.755 E282.41498
G1 X133.58 Y102.162 E282.42447
G1 X133.62 Y102.554 E282.43234
G1 X133.62 Y132.562 E283.03118
G1 X133.557 Y132.844 E283.03695
G1 X133.432 Y133.117 E283.04294
G1 X133.296 Y133.285 E283.04725
G1 X133.007 Y133.496 E283.05439
G1 X132.721 Y133.591 E283.06041
G1 X132.449 Y133.62 E283.06586
G1 X117.5 Y133.62 E283.36419
G1 F2700 E278.36419
G0 F9000 X117.5 Y133.88
G0 X117.5 Y110.68
G0 X117.5 Y110.859
G1 F2700 E283.36419
G1 F1500 X131.018 Y110.859 E283.63395
G1 X131.329 Y110.819 E283.64021
G1 X131.642 Y110.697 E283.64692
G1 X131.989 Y110.44 E283.65553
G1 X132.255 Y110.03 E283.66529
G1 X132.358 Y109.679 E283.67259
G1 X132.356 Y105.456 E283.75686
G1 X132.239 Y104.929 E283.76763
G1 X131.924 Y104.496 E283.77832
G1 X131.532 Y104.244 E283.78762
G1 X131.039 Y104.143 E283.79766
G1 X103.821 Y104.143 E284.34083
G1 X103.462 Y104.248 E284.34829
G1 X103.074 Y104.497 E284.35749
G1 X102.757 Y104.927 E284.36815
G1 X102.644 Y105.458 E284.37899
G1 X102.642 Y109.679 E284.46322
G1 X102.739 Y110.025 E284.47039
G1 X103.011 Y110.439 E284.48028
G1 X103.359 Y110.702 E284.48898
G1 X103.673 Y110.82 E284.49568
G1 X103.982 Y110.859 E284.50189
G1 X117.5 Y110.859 E284.77166
G1 F2700 E279.77166
G0 F9000 X117.5 Y110.6
G0 X103.162 Y110.338
G0 X103.162 Y104.662
G0 X101.216 Y104.63
G0 X101.116 Y102.636
G0 X101.577 Y102.636
G1 F2700 E284.77166
G1 F1500 X102.634 Y101.579 E284.80149
G0 F9000 X103.199 Y101.579
G1 F1500 X101.577 Y103.202 E284.84728
G0 F9000 X101.577 Y103.767
G1 F1500 X103.765 Y101.579 E284.90903
G0 F9000 X104.331 Y101.579
G1 F1500 X101.577 Y104.333 E284.98675
G0 F9000 X101.577 Y104.899
G1 F1500 X104.896 Y101.579 E285.08044
G0 F9000 X105.462 Y101.579
G1 F1500 X101.577 Y105.464 E285.19008
G0 F9000 X101.577 Y106.03
G1 F1500 X102.517 Y105.09 E285.21661
G0 F9000 X102.44 Y105.732
G1 F1500 X101.577 Y106.596 E285.24098
G0 F9000 X101.577 Y107.161
G1 F1500 X102.441 Y106.297 E285.26536
G0 F9000 X102.441 Y106.862
G1 F1500 X101.577 Y107.726 E285.28975
G0 F9000 X101.577 Y108.292
G1 F1500 X102.442 Y107.427 E285.31416
G0 F9000 X102.443 Y107.992
G1 F1500 X101.577 Y108.858 E285.3386
G0 F9000 X101.577 Y109.423
G1 F1500 X102.444 Y108.557 E285.36305
G0 F9000 X102.444 Y109.122
G1 F1500 X101.577 Y109.989 E285.38752
G0 F9000 X101.577 Y110.555
G1 F1500 X102.444 Y109.688 E285.41199
G0 F9000 X102.569 Y110.129
G1 F1500 X101.577 Y111.12 E285.43997
G0 F9000 X101.577 Y111.686
G1 F1500 X102.793 Y110.471 E285.47428
G0 F9000 X103.085 Y110.744
G1 F1500 X101.577 Y112.252 E285.51684
G0 F9000 X101.578 Y112.817
G1 F1500 X103.447 Y110.948 E285.56958
G0 F9000 X103.909 Y111.051
G1 F1500 X101.578 Y113.382 E285.63537
G0 F9000 X101.578 Y113.948
G1 F1500 X104.469 Y111.057 E285.71696
G0 F9000 X105.034 Y111.057
G1 F1500 X101.578 Y114.514 E285.81451
G0 F9000 X101.578 Y115.08
G1 F1500 X105.6 Y111.057 E285.92803
G0 F9000 X106.166 Y111.057
G1 F1500 X101.578 Y115.645 E286.05752
G0 F9000 X101.578 Y116.211
G1 F1500 X106.731 Y111.057 E286.20296
G0 F9000 X107.297 Y111.057
G1 F1500 X101.578 Y116.777 E286.36437
G0 F9000 X101.578 Y117.342
G1 F1500 X107.863 Y111.057 E286.54175
G0 F9000 X108.428 Y111.057
G1 F1500 X101.579 Y117.907 E286.73506
G0 F9000 X101.579 Y118.473
G1 F1500 X108.994 Y111.057 E286.94434
G0 F9000 X109.56 Y111.057
G1 F1500 X101.579 Y119.039 E287.1696
G0 F9000 X101.579 Y119.604
G1 F1500 X110.126 Y111.057 E287.41081
G0 F9000 X110.691 Y111.057
G1 F1500 X101.579 Y120.17 E287.66798
G0 F9000 X101.579 Y120.736
G1 F1500 X111.257 Y111.057 E287.94113
G0 F9000 X111.823 Y111.057
G1 F1500 X101.579 Y121.301 E288.23024
G0 F9000 X101.579 Y121.867
G1 F1500 X112.388 Y111.057 E288.53531
G0 F9000 X112.954 Y111.057
G1 F1500 X101.579 Y122.433 E288.85635
G0 F9000 X101.579 Y122.998
G1 F1500 X113.52 Y111.057 E289.19335
G0 F9000 X114.085 Y111.057
G1 F1500 X101.579 Y123.563 E289.5463
G0 F9000 X101.579 Y124.129
G1 F1500 X114.651 Y111.057 E289.91522
G0 F9000 X115.217 Y111.057
G1 F1500 X101.579 Y124.695 E290.30011
G0 F9000 X101.579 Y125.26
G1 F1500 X115.782 Y111.057 E290.70095
G0 F9000 X116.348 Y111.057
G1 F1500 X101.579 Y125.826 E291.11776
G0 F9000 X101.579 Y126.392
G1 F1500 X116.914 Y111.057 E291.55055
G0 F9000 X117.479 Y111.057
G1 F1500 X101.579 Y126.957 E291.99928
G0 F9000 X101.58 Y127.522
G1 F1500 X118.045 Y111.057 E292.46396
G0 F9000 X118.611 Y111.057
G1 F1500 X101.58 Y128.088 E292.94461
G0 F9000 X101.58 Y128.654
G1 F1500 X119.176 Y111.057 E293.44122
G0 F9000 X119.742 Y111.057
G1 F1500 X101.58 Y129.22 E293.95381
G0 F9000 X101.58 Y129.785
G1 F1500 X120.308 Y111.057 E294.48235
G0 F9000 X120.874 Y111.057
G1 F1500 X101.58 Y130.351 E295.02687
G0 F9000 X101.58 Y130.917
G1 F1500 X121.439 Y111.057 E295.58735
G0 F9000 X122.005 Y111.057
G1 F1500 X101.58 Y131.482 E296.16379
G0 F9000 X101.58 Y132.048
G1 F1500 X122.571 Y111.057 E296.7562
G0 F9000 X123.136 Y111.057
G1 F1500 X101.596 Y132.597 E297.3641
G0 F9000 X101.757 Y133.003
G1 F1500 X123.702 Y111.057 E297.98345
G0 F9000 X124.268 Y111.057
G1 F1500 X102.038 Y133.287 E298.61083
G0 F9000 X102.47 Y133.42
G1 F1500 X124.833 Y111.057 E299.24196
G0 F9000 X125.399 Y111.057
G1 F1500 X103.036 Y133.42 E299.8731
G0 F9000 X103.602 Y133.42
G1 F1500 X125.965 Y111.057 E300.50423
G0 F9000 X126.53 Y111.057
G1 F1500 X104.167 Y133.42 E301.13536
G0 F9000 X104.733 Y133.42
G1 F1500 X127.096 Y111.057 E301.76649
G0 F9000 X127.662 Y111.057
G1 F1500 X105.299 Y133.42 E302.39762
G0 F9000 X105.864 Y133.42
G1 F1500 X128.227 Y111.057 E303.02876
G0 F9000 X128.793 Y111.057
G1 F1500 X106.43 Y133.42 E303.65989
G0 F9000 X106.996 Y133.42
G1 F1500 X129.359 Y111.057 E304.29102
G0 F9000 X129.925 Y111.057
G1 F1500 X107.562 Y133.42 E304.92215
G0 F9000 X108.127 Y133.42
G1 F1500 X130.49 Y111.057 E305.55328
G0 F9000 X131.058 Y111.055
G1 F1500 X108.693 Y133.42 E306.18447
G0 F9000 X109.259 Y133.42
G1 F1500 X132 Y110.679 E306.82627
G0 F9000 X132.205 Y110.474
G1 F1500 X133.42 Y109.259 E306.86056
G0 F9000 X133.42 Y108.694
G1 F1500 X132.556 Y109.558 E306.88495
G0 F9000 X132.556 Y108.991
G1 F1500 X133.42 Y108.128 E306.90932
G0 F9000 X133.42 Y107.562
G1 F1500 X132.557 Y108.425 E306.93367
G0 F9000 X132.558 Y107.859
G1 F1500 X133.42 Y106.997 E306.958
G0 F9000 X133.42 Y106.431
G1 F1500 X132.558 Y107.293 E306.98233
G0 F9000 X132.558 Y106.726
G1 F1500 X133.42 Y105.865 E307.00664
G0 F9000 X133.42 Y105.3
G1 F1500 X132.559 Y106.16 E307.03093
G0 F9000 X132.56 Y105.594
G1 F1500 X133.42 Y104.734 E307.0552
G0 F9000 X133.42 Y104.168
G1 F1500 X132.483 Y105.105 E307.08164
G0 F9000 X132.322 Y104.701
G1 F1500 X133.42 Y103.602 E307.11264
G0 F9000 X133.42 Y103.037
G1 F1500 X132.083 Y104.373 E307.15036
G0 F9000 X131.745 Y104.146
G1 F1500 X133.411 Y102.48 E307.19738
G0 F9000 X133.279 Y102.046
G1 F1500 X131.329 Y103.996 E307.25241
G0 F9000 X130.819 Y103.94
G1 F1500 X133.018 Y101.741 E307.31447
G0 F9000 X132.603 Y101.591
G1 F1500 X130.253 Y103.94 E307.38078
G0 F9000 X129.688 Y103.94
G1 F1500 X132.051 Y101.577 E307.44747
G0 F9000 X131.486 Y101.577
G1 F1500 X129.122 Y103.94 E307.51417
G0 F9000 X128.556 Y103.94
G1 F1500 X130.92 Y101.577 E307.58088
G0 F9000 X130.354 Y101.577
G1 F1500 X127.99 Y103.941 E307.64759
G0 F9000 X127.424 Y103.941
G1 F1500 X129.789 Y101.577 E307.71433
G0 F9000 X129.223 Y101.577
G1 F1500 X126.858 Y103.941 E307.78106
G0 F9000 X126.293 Y103.941
G1 F1500 X128.657 Y101.577 E307.84777
G0 F9000 X128.092 Y101.577
G1 F1500 X125.727 Y103.941 E307.91451
G0 F9000 X125.161 Y103.941
G1 F1500 X127.526 Y101.577 E307.98124
G0 F9000 X126.96 Y101.577
G1 F1500 X124.595 Y103.942 E308.04798
G0 F9000 X124.029 Y103.942
G1 F1500 X126.395 Y101.577 E308.11474
G0 F9000 X125.829 Y101.577
G1 F1500 X123.464 Y103.942 E308.18149
G0 F9000 X122.898 Y103.942
G1 F1500 X125.263 Y101.577 E308.24823
G0 F9000 X124.697 Y101.577
G1 F1500 X122.332 Y103.942 E308.31498
G0 F9000 X121.766 Y103.943
G1 F1500 X124.131 Y101.577 E308.38174
G0 F9000 X123.565 Y101.577
G1 F1500 X121.2 Y103.943 E308.4485
G0 F9000 X120.635 Y103.943
G1 F1500 X123 Y101.577 E308.51526
G0 F9000 X122.434 Y101.577
G1 F1500 X120.069 Y103.943 E308.58202
G0 F9000 X119.503 Y103.943
G1 F1500 X121.868 Y101.577 E308.64878
G0 F9000 X121.303 Y101.577
G1 F1500 X118.937 Y103.943 E308.71555
G0 F9000 X118.371 Y103.943
G1 F1500 X120.737 Y101.577 E308.78232
G0 F9000 X120.171 Y101.577
G1 F1500 X117.805 Y103.943 E308.8491
G0 F9000 X117.24 Y103.943
G1 F1500 X119.606 Y101.577 E308.91587
G0 F9000 X119.04 Y101.577
G1 F1500 X116.674 Y103.943 E308.98264
G0 F9000 X116.108 Y103.943
G1 F1500 X118.474 Y101.577 E309.04942
G0 F9000 X117.909 Y101.577
G1 F1500 X115.542 Y103.944 E309.11622
G0 F9000 X114.976 Y103.944
G1 F1500 X117.342 Y101.578 E309.18299
G0 F9000 X116.777 Y101.578
G1 F1500 X114.411 Y103.944 E309.24977
G0 F9000 X113.845 Y103.944
G1 F1500 X116.211 Y101.578 E309.31654
G0 F9000 X115.645 Y101.578
G1 F1500 X113.279 Y103.944 E309.38331
G0 F9000 X112.713 Y103.945
G1 F1500 X115.08 Y101.578 E309.45012
G0 F9000 X114.514 Y101.578
G1 F1500 X112.147 Y103.945 E309.51692
G0 F9000 X111.581 Y103.945
G1 F1500 X113.948 Y101.578 E309.58372
G0 F9000 X113.382 Y101.578
G1 F1500 X111.016 Y103.945 E309.65051
G0 F9000 X110.45 Y103.945
G1 F1500 X112.817 Y101.578 E309.71731
G0 F9000 X112.251 Y101.578
G1 F1500 X109.884 Y103.945 E309.78411
G0 F9000 X109.318 Y103.945
G1 F1500 X111.685 Y101.578 E309.85091
G0 F9000 X111.12 Y101.578
G1 F1500 X108.752 Y103.945 E309.91773
G0 F9000 X108.187 Y103.945
G1 F1500 X110.554 Y101.578 E309.98453
G0 F9000 X109.988 Y101.578
G1 F1500 X107.621 Y103.945 E310.05133
G0 F9000 X107.055 Y103.945
G1 F1500 X109.422 Y101.579 E310.11812
G0 F9000 X108.856 Y101.579
G1 F1500 X106.489 Y103.946 E310.18492
G0 F9000 X105.923 Y103.946
G1 F1500 X108.291 Y101.579 E310.25174
G0 F9000 X107.725 Y101.579
G1 F1500 X105.357 Y103.946 E310.31855
G0 F9000 X104.792 Y103.946
G1 F1500 X107.159 Y101.579 E310.38536
G0 F9000 X106.594 Y101.579
G1 F1500 X104.226 Y103.946 E310.45217
G0 F9000 X103.607 Y104
G1 F1500 X106.028 Y101.579 E310.5205
G1 F2700 E305.5205
G0 F9000 X106.028 Y101.119
G0 X132.572 Y101.177
G0 X132.906 Y101.246
G0 X133.233 Y101.397
G0 X133.642 Y101.843
G0 X133.775 Y102.108
G0 X133.88 Y109.825
G0 X133.42 Y109.825
G1 F2700 E310.5205
G1 F1500 X109.824 Y133.42 E311.18641
G0 F9000 X110.39 Y133.42
G1 F1500 X133.42 Y110.391 E311.83636
G0 F9000 X133.42 Y110.956
G1 F1500 X110.956 Y133.42 E312.47034
G0 F9000 X111.521 Y133.42
G1 F1500 X133.42 Y111.522 E313.08836
G0 F9000 X133.42 Y112.088
G1 F1500 X112.087 Y133.42 E313.69041
G0 F9000 X112.653 Y133.42
G1 F1500 X133.42 Y112.653 E314.2765
G0 F9000 X133.42 Y113.219
G1 F1500 X113.218 Y133.42 E314.84663
G0 F9000 X113.784 Y133.42
G1 F1500 X133.42 Y113.785 E315.40079
G0 F9000 X133.42 Y114.35
G1 F1500 X114.35 Y133.42 E315.93898
G0 F9000 X114.915 Y133.42
G1 F1500 X133.42 Y114.916 E316.46122
G0 F9000 X133.42 Y115.482
G1 F1500 X115.481 Y133.42 E316.96748
G0 F9000 X116.047 Y133.42
G1 F1500 X133.42 Y116.048 E317.45777
G0 F9000 X133.42 Y116.613
G1 F1500 X116.613 Y133.42 E317.9321
G0 F9000 X117.178 Y133.42
G1 F1500 X133.42 Y117.179 E318.39047
G0 F9000 X133.42 Y117.745
G1 F1500 X117.744 Y133.42 E318.83287
G0 F9000 X118.31 Y133.42
G1 F1500 X133.42 Y118.31 E319.25931
G0 F9000 X133.42 Y118.876
G1 F1500 X118.875 Y133.42 E319.66978
G0 F9000 X119.441 Y133.42
G1 F1500 X133.42 Y119.442 E320.06429
G0 F9000 X133.42 Y120.007
G1 F1500 X120.007 Y133.42 E320.44283
G0 F9000 X120.572 Y133.42
G1 F1500 X133.42 Y120.573 E320.80542
G0 F9000 X133.42 Y121.139
G1 F1500 X121.138 Y133.42 E321.15203
G0 F9000 X121.704 Y133.42
G1 F1500 X133.42 Y121.704 E321.48268
G0 F9000 X133.42 Y122.27
G1 F1500 X122.269 Y133.42 E321.79737
G0 F9000 X122.835 Y133.42
G1 F1500 X133.42 Y122.836 E322.09609
G0 F9000 X133.42 Y123.401
G1 F1500 X123.401 Y133.42 E322.37884
G0 F9000 X123.966 Y133.42
G1 F1500 X133.42 Y123.967 E322.64564
G0 F9000 X133.42 Y124.533
G1 F1500 X124.532 Y133.42 E322.89647
G0 F9000 X125.098 Y133.42
G1 F1500 X133.42 Y125.099 E323.13132
G0 F9000 X133.42 Y125.664
G1 F1500 X125.663 Y133.42 E323.35022
G0 F9000 X126.229 Y133.42
G1 F1500 X133.42 Y126.23 E323.55315
G0 F9000 X133.42 Y126.796
G1 F1500 X126.795 Y133.42 E323.74011
G0 F9000 X127.361 Y133.42
G1 F1500 X133.42 Y127.361 E323.91111
G0 F9000 X133.42 Y127.927
G1 F1500 X127.926 Y133.42 E324.06615
G0 F9000 X128.492 Y133.42
G1 F1500 X133.42 Y128.493 E324.20521
G0 F9000 X133.42 Y129.058
G1 F1500 X129.058 Y133.42 E324.32832
G0 F9000 X129.623 Y133.42
G1 F1500 X133.42 Y129.624 E324.43546
G0 F9000 X133.42 Y130.19
G1 F1500 X130.189 Y133.42 E324.52663
G0 F9000 X130.755 Y133.42
G1 F1500 X133.42 Y130.755 E324.60185
G0 F9000 X133.42 Y131.321
G1 F1500 X131.32 Y133.42 E324.6611
G0 F9000 X131.886 Y133.42
G1 F1500 X133.42 Y131.887 E324.70438
G0 F9000 X133.42 Y132.452
G1 F1500 X132.452 Y133.42 E324.7317
G1 F2700 E319.7317
;MESH:NONMESH
G0 F300 X132.452 Y133.42 Z0.84
G0 F9000 X132.497 Y133.876
G0 X117.5 Y133.78
G0 X117.5 Y110.68
G0 X117.5 Y110.5
;TIME_ELAPSED:823.842263
;LAYER:6
;TYPE:WALL-INNER
;MESH:robotface-cover.stl
G1 F2700 E324.7317
G1 F1500 X103.845 Y110.5 E325.0042
G1 X103.529 Y110.383 E325.01092
G1 X103.275 Y110.19 E325.01729
G1 X103.076 Y109.885 E325.02455
G1 X103 Y109.621 E325.03004
G1 X103 Y105.5 E325.11228
G1 X103.089 Y105.086 E325.12073
G1 X103.315 Y104.771 E325.12846
G1 X103.592 Y104.586 E325.13511
G1 X104 Y104.5 E325.14343
G1 X131.142 Y104.5 E325.68508
G1 X131.407 Y104.586 E325.69064
G1 X131.685 Y104.77 E325.69729
G1 X131.912 Y105.085 E325.70504
G1 X132 Y105.5 E325.71351
G1 X132 Y109.625 E325.79583
G1 X131.924 Y109.885 E325.80123
G1 X131.725 Y110.19 E325.8085
G1 X131.472 Y110.383 E325.81485
G1 X131.155 Y110.5 E325.82159
G1 X117.5 Y110.5 E326.09409
G0 F9000 X117.5 Y110.1
G1 F1500 X103.906 Y110.1 E326.36538
G1 X103.717 Y110.03 E326.3694
G1 X103.565 Y109.914 E326.37321
G1 X103.446 Y109.731 E326.37757
G1 X103.4 Y109.573 E326.38085
G1 X103.4 Y105.5 E326.46213
G1 X103.453 Y105.251 E326.46722
G1 X103.589 Y105.062 E326.47186
G1 X103.912 Y104.9 E326.47907
G1 X131.086 Y104.9 E327.02136
G1 X131.411 Y105.062 E327.02861
G1 X131.547 Y105.251 E327.03325
G1 X131.6 Y105.5 E327.03833
G1 X131.6 Y109.577 E327.11969
G1 X131.555 Y109.731 E327.1229
G1 X131.435 Y109.914 E327.12726
G1 X131.283 Y110.03 E327.13108
G1 X131.094 Y110.1 E327.1351
G1 X117.5 Y110.1 E327.40638
G1 F2700 E322.40638
G0 F9000 X117.5 Y110.41
G0 X117.5 Y110.68
G0 X117.5 Y133.968
G0 X117.5 Y134.168
G1 F2700 E327.40638
G1 F1500 X132.617 Y134.168 E327.70806
G1 X133.098 Y134.067 E327.71787
G1 X133.487 Y133.841 E327.72685
G1 X133.742 Y133.607 E327.73375
G1 X133.999 Y133.247 E327.74258
G1 X134.128 Y132.85 E327.75091
G1 X134.168 Y132.464 E327.75865
G1 X134.168 Y102.517 E328.35628
G1 X134.129 Y102.144 E328.36376
G1 X133.997 Y101.744 E328.37217
G1 X133.742 Y101.389 E328.38089
G1 X133.487 Y101.155 E328.3878
G1 X133.169 Y100.97 E328.39514
G1 X132.852 Y100.868 E328.40179
G1 X132.464 Y100.828 E328.40957
G1 X102.53 Y100.828 E329.00694
G1 X102.217 Y100.854 E329.0132
G1 X101.943 Y100.919 E329.01882
G1 X101.643 Y101.069 E329.02552
G1 X101.374 Y101.259 E329.03209
G1 X101.146 Y101.53 E329.03916
G1 X100.955 Y101.861 E329.04678
G1 X100.866 Y102.164 E329.05308
G1 X100.828 Y102.539 E329.06061
G1 X100.829 Y132.479 E329.65809
G1 X100.867 Y132.85 E329.66553
G1 X100.972 Y133.171 E329.67227
G1 X101.155 Y133.484 E329.67951
G1 X101.389 Y133.742 E329.68646
G1 X101.668 Y133.942 E329.69331
G1 X101.989 Y134.087 E329.70034
G1 X102.38 Y134.168 E329.70831
G1 X117.5 Y134.168 E330.01004
G0 F9000 X117.5 Y134.568
G1 F1500 X132.649 Y134.568 E330.31236
G1 X133.242 Y134.444 E330.32445
G1 X133.722 Y134.165 E330.33553
G1 X134.04 Y133.874 E330.34413
G1 X134.358 Y133.432 E330.355
G1 X134.52 Y132.934 E330.36545
G1 X134.568 Y132.475 E330.37466
G1 X134.568 Y102.506 E330.97272
G1 X134.52 Y102.059 E330.98169
G1 X134.357 Y101.562 E330.99213
G1 X134.04 Y101.122 E331.00295
G1 X133.722 Y100.831 E331.01155
G1 X133.333 Y100.605 E331.02053
G1 X132.935 Y100.476 E331.02888
G1 X132.475 Y100.428 E331.03811
G1 X102.514 Y100.428 E331.63602
G1 X102.155 Y100.458 E331.6432
G1 X101.806 Y100.54 E331.65036
G1 X101.437 Y100.725 E331.6586
G1 X101.101 Y100.962 E331.6668
G1 X100.817 Y101.299 E331.6756
G1 X100.584 Y101.702 E331.68489
G1 X100.472 Y102.088 E331.69291
G1 X100.428 Y102.519 E331.70155
G1 X100.429 Y132.49 E332.29966
G1 X100.476 Y132.934 E332.30857
G1 X100.606 Y133.334 E332.31696
G1 X100.831 Y133.719 E332.32586
G1 X101.122 Y134.04 E332.33451
G1 X101.561 Y134.357 E332.34531
G1 X102.06 Y134.52 E332.35579
G1 X102.525 Y134.568 E332.36512
G1 X117.5 Y134.568 E332.66396
G0 F9000 X117.5 Y134.968
;TYPE:WALL-OUTER
G1 F1500 X132.482 Y134.968 E332.96294
G1 X132.758 Y134.952 E332.96846
G1 X133.142 Y134.891 E332.97622
G1 X133.497 Y134.757 E332.98379
G1 X133.731 Y134.634 E332.98906
G1 X134.049 Y134.431 E332.99659
G1 X134.42 Y134.06 E333.00706
G1 X134.635 Y133.73 E333.01492
G1 X134.756 Y133.498 E333.02015
G1 X134.895 Y133.128 E333.02803
G1 X134.952 Y132.762 E333.03543
G1 X134.968 Y132.486 E333.04094
G1 X134.968 Y102.494 E333.63947
G1 X134.952 Y102.23 E333.64474
G1 X134.896 Y101.872 E333.65197
G1 X134.757 Y101.502 E333.65986
G1 X134.634 Y101.265 E333.66519
G1 X134.42 Y100.936 E333.67302
G1 X134.049 Y100.565 E333.68349
G1 X133.731 Y100.362 E333.69102
G1 X133.497 Y100.239 E333.6963
G1 X133.137 Y100.103 E333.70398
G1 X132.762 Y100.044 E333.71155
G1 X132.486 Y100.028 E333.71707
G1 X102.497 Y100.028 E334.31553
G1 X102.092 Y100.062 E334.32364
G1 X101.669 Y100.162 E334.33232
G1 X101.231 Y100.381 E334.34209
G1 X100.829 Y100.665 E334.35191
G1 X100.489 Y101.068 E334.36243
G1 X100.214 Y101.544 E334.37341
G1 X100.078 Y102.011 E334.38311
G1 X100.028 Y102.499 E334.3929
G1 X100.029 Y132.502 E334.99164
G1 X100.044 Y132.762 E334.99684
G1 X100.101 Y133.128 E335.00423
G1 X100.24 Y133.498 E335.01212
G1 X100.361 Y133.73 E335.01734
G1 X100.576 Y134.06 E335.0252
G1 X100.936 Y134.42 E335.03536
G1 X101.265 Y134.634 E335.04319
G1 X101.502 Y134.757 E335.04852
G1 X101.858 Y134.894 E335.05614
G1 X102.238 Y134.952 E335.06381
G1 X102.514 Y134.968 E335.06932
G1 X117.5 Y134.968 E335.36839
G1 F2700 E330.36839
G0 F9000 X117.5 Y134.259
G0 X117.5 Y133.968
G0 X117.5 Y110.68
G0 X117.5 Y109.696
G1 F2700 E335.36839
G1 F1500 X103.956 Y109.696 E335.63867
G1 X103.855 Y109.638 E335.64099
G1 X103.803 Y109.535 E335.6433
G1 X103.8 Y105.44 E335.72502
G1 X103.957 Y105.304 E335.72916
G1 X131.042 Y105.304 E336.26967
G1 X131.2 Y105.44 E336.27383
G1 X131.198 Y109.535 E336.35555
G1 X131.145 Y109.638 E336.35787
G1 X131.044 Y109.696 E336.36019
G1 X117.5 Y109.696 E336.63047
G1 F2700 E331.63047
G0 F9000 X117.5 Y110.41
G0 X117.5 Y110.68
G0 X117.5 Y133.968
G0 X117.5 Y133.808
;TYPE:SKIN
G1 F2700 E336.63047
G1 F1500 X102.421 Y133.808 E336.93139
G1 X102.095 Y133.74 E336.93804
G1 X101.849 Y133.629 E336.94342
G1 X101.63 Y133.473 E336.94879
G1 X101.447 Y133.272 E336.95421
G1 X101.3 Y133.021 E336.96002
G1 X101.218 Y132.77 E336.96529
G1 X101.188 Y132.466 E336.97138
G1 X101.188 Y102.555 E337.56829
G1 X101.222 Y102.238 E337.57465
G1 X101.29 Y101.995 E337.57969
G1 X101.441 Y101.736 E337.58567
G1 X101.617 Y101.525 E337.59116
G1 X101.827 Y101.377 E337.59628
G1 X102.143 Y101.221 E337.60331
G1 X102.533 Y101.188 E337.61113
G1 X132.453 Y101.188 E338.20821
G1 X132.774 Y101.221 E338.21465
G1 X133.022 Y101.3 E338.21985
G1 X133.272 Y101.446 E338.22562
G1 X133.518 Y101.671 E338.23228
G1 X133.692 Y101.971 E338.2392
G1 X133.775 Y102.223 E338.24449
G1 X133.808 Y102.527 E338.25059
G1 X133.808 Y132.453 E338.8478
G1 X133.775 Y132.769 E338.85414
G1 X133.671 Y133.08 E338.86068
G1 X133.473 Y133.363 E338.86758
G1 X133.272 Y133.546 E338.873
G1 X132.97 Y133.723 E338.87999
G1 X132.574 Y133.808 E338.88807
G1 X117.5 Y133.808 E339.18889
G1 F2700 E334.18889
G0 F9000 X117.5 Y134.068
G0 X117.5 Y110.68
G0 X117.5 Y110.859
G1 F2700 E339.18889
G1 F1500 X131.018 Y110.859 E339.45865
G1 X131.274 Y110.831 E339.46379
G1 X131.641 Y110.698 E339.47158
G1 X131.989 Y110.44 E339.48023
G1 X132.255 Y110.03 E339.48998
G1 X132.358 Y109.679 E339.49728
G1 X132.356 Y105.462 E339.58144
G1 X132.243 Y104.933 E339.59223
G1 X131.932 Y104.503 E339.60282
G1 X131.55 Y104.253 E339.61193
G1 X131.036 Y104.144 E339.62242
G1 X103.801 Y104.142 E340.16592
G1 X103.438 Y104.257 E340.17352
G1 X103.062 Y104.505 E340.18251
G1 X102.757 Y104.933 E340.193
G1 X102.644 Y105.462 E340.20379
G1 X102.642 Y109.675 E340.28787
G1 X102.74 Y110.025 E340.29512
G1 X103.007 Y110.435 E340.30488
G1 X103.352 Y110.701 E340.31358
G1 X103.674 Y110.82 E340.32043
G1 X103.982 Y110.859 E340.32662
G1 X117.5 Y110.859 E340.59639
G1 F2700 E335.59639
G0 F9000 X117.5 Y110.6
G0 X131.838 Y110.338
G0 X131.838 Y104.662
G0 X131.48 Y104.421
G0 X133.968 Y104.421
G0 X134.06 Y102.445
G0 X133.603 Y102.49
G1 F2700 E340.59639
G1 F1500 X132.508 Y101.395 E340.62729
G0 F9000 X131.936 Y101.389
G1 F1500 X133.608 Y103.061 E340.67448
G0 F9000 X133.608 Y103.626
G1 F1500 X131.37 Y101.389 E340.73763
G0 F9000 X130.804 Y101.389
G1 F1500 X133.608 Y104.192 E340.81675
G0 F9000 X133.608 Y104.758
G1 F1500 X130.238 Y101.389 E340.91184
G0 F9000 X129.673 Y101.389
G1 F1500 X133.608 Y105.324 E341.0229
G0 F9000 X133.608 Y105.889
G1 F1500 X129.107 Y101.389 E341.14991
G0 F9000 X128.541 Y101.389
G1 F1500 X131.107 Y103.954 E341.22231
G0 F9000 X130.527 Y103.94
G1 F1500 X127.976 Y101.389 E341.29431
G0 F9000 X127.41 Y101.389
G1 F1500 X129.961 Y103.94 E341.3663
G0 F9000 X129.396 Y103.94
G1 F1500 X126.844 Y101.389 E341.43831
G0 F9000 X126.279 Y101.389
G1 F1500 X128.83 Y103.94 E341.51031
G0 F9000 X128.264 Y103.94
G1 F1500 X125.713 Y101.389 E341.5823
G0 F9000 X125.147 Y101.389
G1 F1500 X127.699 Y103.94 E341.65431
G0 F9000 X127.134 Y103.94
G1 F1500 X124.582 Y101.389 E341.72632
G0 F9000 X124.016 Y101.389
G1 F1500 X126.568 Y103.94 E341.79833
G0 F9000 X126.002 Y103.94
G1 F1500 X123.45 Y101.389 E341.87034
G0 F9000 X122.885 Y101.389
G1 F1500 X125.437 Y103.94 E341.94235
G0 F9000 X124.871 Y103.94
G1 F1500 X122.319 Y101.389 E342.01436
G0 F9000 X121.753 Y101.389
G1 F1500 X124.305 Y103.94 E342.08636
G0 F9000 X123.74 Y103.941
G1 F1500 X121.187 Y101.389 E342.1584
G0 F9000 X120.622 Y101.389
G1 F1500 X123.174 Y103.941 E342.23042
G0 F9000 X122.609 Y103.941
G1 F1500 X120.056 Y101.389 E342.30246
G0 F9000 X119.49 Y101.389
G1 F1500 X122.043 Y103.941 E342.3745
G0 F9000 X121.477 Y103.941
G1 F1500 X118.925 Y101.389 E342.44652
G0 F9000 X118.359 Y101.389
G1 F1500 X120.912 Y103.941 E342.51856
G0 F9000 X120.347 Y103.942
G1 F1500 X117.793 Y101.389 E342.59062
G0 F9000 X117.228 Y101.389
G1 F1500 X119.781 Y103.942 E342.66268
G0 F9000 X119.215 Y103.942
G1 F1500 X116.662 Y101.389 E342.73473
G0 F9000 X116.096 Y101.389
G1 F1500 X118.65 Y103.942 E342.80679
G0 F9000 X118.084 Y103.942
G1 F1500 X115.531 Y101.389 E342.87884
G0 F9000 X114.965 Y101.389
G1 F1500 X117.518 Y103.942 E342.95089
G0 F9000 X116.953 Y103.943
G1 F1500 X114.399 Y101.389 E343.02297
G0 F9000 X113.834 Y101.389
G1 F1500 X116.388 Y103.943 E343.09505
G0 F9000 X115.822 Y103.943
G1 F1500 X113.268 Y101.389 E343.16713
G0 F9000 X112.702 Y101.389
G1 F1500 X115.256 Y103.943 E343.23921
G0 F9000 X114.691 Y103.943
G1 F1500 X112.137 Y101.389 E343.31129
G0 F9000 X111.571 Y101.389
G1 F1500 X114.125 Y103.943 E343.38337
G0 F9000 X113.56 Y103.943
G1 F1500 X111.005 Y101.389 E343.45546
G0 F9000 X110.439 Y101.389
G1 F1500 X112.994 Y103.943 E343.52756
G0 F9000 X112.429 Y103.943
G1 F1500 X109.874 Y101.389 E343.59965
G0 F9000 X109.308 Y101.389
G1 F1500 X111.863 Y103.943 E343.67174
G0 F9000 X111.297 Y103.943
G1 F1500 X108.742 Y101.389 E343.74384
G0 F9000 X108.177 Y101.389
G1 F1500 X110.732 Y103.943 E343.81593
G0 F9000 X110.167 Y103.944
G1 F1500 X107.611 Y101.389 E343.88805
G0 F9000 X107.045 Y101.389
G1 F1500 X109.601 Y103.944 E343.96018
G0 F9000 X109.035 Y103.944
G1 F1500 X106.48 Y101.389 E344.03228
G0 F9000 X105.914 Y101.389
G1 F1500 X108.469 Y103.944 E344.10439
G0 F9000 X107.904 Y103.944
G1 F1500 X105.348 Y101.389 E344.17651
G0 F9000 X104.783 Y101.389
G1 F1500 X107.338 Y103.944 E344.24862
G0 F9000 X106.773 Y103.945
G1 F1500 X104.217 Y101.389 E344.32076
G0 F9000 X103.651 Y101.389
G1 F1500 X106.207 Y103.945 E344.39289
G0 F9000 X105.642 Y103.945
G1 F1500 X103.086 Y101.389 E344.46503
G0 F9000 X102.522 Y101.391
G1 F1500 X105.076 Y103.945 E344.53711
G0 F9000 X104.51 Y103.945
G1 F1500 X102.054 Y101.488 E344.60643
G0 F9000 X101.717 Y101.717
G1 F1500 X103.945 Y103.945 E344.66931
G0 F9000 X103.472 Y104.038
G1 F1500 X101.488 Y102.053 E344.72532
G0 F9000 X101.393 Y102.524
G1 F1500 X103.106 Y104.237 E344.77366
G0 F9000 X102.813 Y104.51
G1 F1500 X101.388 Y103.085 E344.81388
G0 F9000 X101.388 Y103.651
G1 F1500 X102.577 Y104.84 E344.84744
G0 F9000 X102.473 Y105.302
G1 F1500 X101.388 Y104.216 E344.87807
G0 F9000 X101.388 Y104.782
G1 F1500 X102.441 Y105.835 E344.90779
G0 F9000 X102.441 Y106.401
G1 F1500 X101.388 Y105.348 E344.93751
G0 F9000 X101.388 Y105.913
G1 F1500 X102.442 Y106.968 E344.96727
G0 F9000 X102.443 Y107.534
G1 F1500 X101.388 Y106.479 E344.99704
G0 F9000 X101.388 Y107.045
G1 F1500 X102.444 Y108.1 E345.02683
G0 F9000 X102.445 Y108.667
G1 F1500 X101.388 Y107.61 E345.05666
G0 F9000 X101.388 Y108.176
G1 F1500 X102.446 Y109.234 E345.08652
G0 F9000 X102.48 Y109.834
G1 F1500 X101.388 Y108.742 E345.11734
G0 F9000 X101.388 Y109.307
G1 F1500 X125.688 Y133.608 E345.80315
G0 F9000 X125.123 Y133.608
G1 F1500 X101.388 Y109.873 E346.47301
G0 F9000 X101.388 Y110.439
G1 F1500 X124.557 Y133.608 E347.12688
G0 F9000 X123.991 Y133.608
G1 F1500 X101.388 Y111.004 E347.7648
G0 F9000 X101.388 Y111.57
G1 F1500 X123.425 Y133.608 E348.38675
G0 F9000 X122.86 Y133.608
G1 F1500 X101.388 Y112.136 E348.99274
G0 F9000 X101.388 Y112.702
G1 F1500 X122.294 Y133.608 E349.58275
G0 F9000 X121.728 Y133.608
G1 F1500 X101.388 Y113.267 E350.1568
G0 F9000 X101.388 Y113.833
G1 F1500 X121.163 Y133.608 E350.7149
G0 F9000 X120.597 Y133.608
G1 F1500 X101.388 Y114.399 E351.25701
G0 F9000 X101.388 Y114.964
G1 F1500 X120.031 Y133.608 E351.78317
G0 F9000 X119.466 Y133.608
G1 F1500 X101.388 Y115.53 E352.29337
G0 F9000 X101.388 Y116.096
G1 F1500 X118.9 Y133.608 E352.7876
G0 F9000 X118.334 Y133.608
G1 F1500 X101.388 Y116.661 E353.26587
G0 F9000 X101.388 Y117.227
G1 F1500 X117.769 Y133.608 E353.72818
G0 F9000 X117.203 Y133.608
G1 F1500 X101.388 Y117.793 E354.17451
G0 F9000 X101.388 Y118.358
G1 F1500 X116.637 Y133.608 E354.60488
G0 F9000 X116.072 Y133.608
G1 F1500 X101.388 Y118.924 E355.0193
G0 F9000 X101.388 Y119.49
G1 F1500 X115.506 Y133.608 E355.41774
G0 F9000 X114.94 Y133.608
G1 F1500 X101.388 Y120.055 E355.80022
G0 F9000 X101.388 Y120.621
G1 F1500 X114.375 Y133.608 E356.16674
G0 F9000 X113.809 Y133.608
G1 F1500 X101.388 Y121.187 E356.51729
G0 F9000 X101.388 Y121.752
G1 F1500 X113.243 Y133.608 E356.85187
G0 F9000 X112.677 Y133.608
G1 F1500 X101.388 Y122.318 E357.17049
G0 F9000 X101.388 Y122.884
G1 F1500 X112.112 Y133.608 E357.47314
G0 F9000 X111.546 Y133.608
G1 F1500 X101.388 Y123.45 E357.75982
G0 F9000 X101.388 Y124.015
G1 F1500 X110.98 Y133.608 E358.03054
G0 F9000 X110.415 Y133.608
G1 F1500 X101.388 Y124.581 E358.28531
G0 F9000 X101.388 Y125.147
G1 F1500 X109.849 Y133.608 E358.52409
G0 F9000 X109.283 Y133.608
G1 F1500 X101.388 Y125.712 E358.74692
G0 F9000 X101.388 Y126.278
G1 F1500 X108.718 Y133.608 E358.95379
G0 F9000 X108.152 Y133.608
G1 F1500 X101.388 Y126.844 E359.14469
G0 F9000 X101.388 Y127.409
G1 F1500 X107.586 Y133.608 E359.31962
G0 F9000 X107.021 Y133.608
G1 F1500 X101.388 Y127.975 E359.4786
G0 F9000 X101.388 Y128.541
G1 F1500 X106.455 Y133.608 E359.6216
G0 F9000 X105.889 Y133.608
G1 F1500 X101.388 Y129.106 E359.74864
G0 F9000 X101.388 Y129.672
G1 F1500 X105.324 Y133.608 E359.85972
G0 F9000 X104.758 Y133.608
G1 F1500 X101.388 Y130.238 E359.95483
G0 F9000 X101.388 Y130.803
G1 F1500 X104.192 Y133.608 E360.03398
G0 F9000 X103.626 Y133.608
G1 F1500 X101.388 Y131.369 E360.09715
G0 F9000 X101.388 Y131.935
G1 F1500 X103.061 Y133.608 E360.14437
G0 F9000 X102.495 Y133.608
G1 F1500 X101.392 Y132.505 E360.1755
G1 F2700 E355.1755
G0 F9000 X100.936 Y132.549
G0 X101.028 Y110.574
G0 X103.144 Y110.315
G0 X103.759 Y110.574
G0 X103.673 Y111.027
G1 F2700 E360.1755
G1 F1500 X126.254 Y133.608 E360.81278
G0 F9000 X126.82 Y133.608
G1 F1500 X104.27 Y111.058 E361.44919
G0 F9000 X104.836 Y111.058
G1 F1500 X127.385 Y133.608 E362.08559
G0 F9000 X127.951 Y133.608
G1 F1500 X105.401 Y111.058 E362.722
G0 F9000 X105.967 Y111.058
G1 F1500 X128.517 Y133.608 E363.35841
G0 F9000 X129.082 Y133.608
G1 F1500 X106.533 Y111.058 E363.9948
G0 F9000 X107.098 Y111.058
G1 F1500 X129.648 Y133.608 E364.63121
G0 F9000 X130.214 Y133.608
G1 F1500 X107.664 Y111.058 E365.26762
G0 F9000 X108.23 Y111.058
G1 F1500 X130.779 Y133.608 E365.90402
G0 F9000 X131.345 Y133.608
G1 F1500 X108.795 Y111.058 E366.54043
G0 F9000 X109.361 Y111.058
G1 F1500 X131.911 Y133.608 E367.17684
G0 F9000 X132.476 Y133.608
G1 F1500 X109.927 Y111.058 E367.81323
G0 F9000 X110.493 Y111.058
G1 F1500 X132.942 Y133.507 E368.44679
G0 F9000 X133.273 Y133.273
G1 F1500 X111.058 Y111.058 E369.07375
G0 F9000 X111.624 Y111.058
G1 F1500 X133.507 Y132.941 E369.69133
G0 F9000 X133.605 Y132.474
G1 F1500 X112.19 Y111.058 E370.29573
G0 F9000 X112.755 Y111.058
G1 F1500 X133.608 Y131.911 E370.88424
G0 F9000 X133.608 Y131.345
G1 F1500 X113.321 Y111.058 E371.45679
G0 F9000 X113.887 Y111.058
G1 F1500 X133.608 Y130.779 E372.01336
G0 F9000 X133.608 Y130.214
G1 F1500 X114.452 Y111.058 E372.55398
G0 F9000 X115.018 Y111.058
G1 F1500 X133.608 Y129.648 E373.07863
G0 F9000 X133.608 Y129.082
G1 F1500 X115.584 Y111.058 E373.58731
G0 F9000 X116.149 Y111.058
G1 F1500 X133.608 Y128.517 E374.08004
G0 F9000 X133.608 Y127.951
G1 F1500 X116.715 Y111.058 E374.55679
G0 F9000 X117.281 Y111.058
G1 F1500 X133.608 Y127.385 E375.01758
G0 F9000 X133.608 Y126.82
G1 F1500 X117.846 Y111.058 E375.46241
G0 F9000 X118.412 Y111.058
G1 F1500 X133.608 Y126.254 E375.89128
G0 F9000 X133.608 Y125.688
G1 F1500 X118.978 Y111.058 E376.30417
G0 F9000 X119.543 Y111.058
G1 F1500 X133.608 Y125.123 E376.70111
G0 F9000 X133.608 Y124.557
G1 F1500 X120.109 Y111.058 E377.08208
G0 F9000 X120.675 Y111.058
G1 F1500 X133.608 Y123.991 E377.44708
G0 F9000 X133.608 Y123.425
G1 F1500 X121.241 Y111.058 E377.7961
G0 F9000 X121.806 Y111.058
G1 F1500 X133.608 Y122.86 E378.12918
G0 F9000 X133.608 Y122.294
G1 F1500 X122.372 Y111.058 E378.44629
G0 F9000 X122.938 Y111.058
G1 F1500 X133.608 Y121.728 E378.74742
G0 F9000 X133.608 Y121.163
G1 F1500 X123.503 Y111.058 E379.0326
G0 F9000 X124.069 Y111.058
G1 F1500 X133.608 Y120.597 E379.30181
G0 F9000 X133.608 Y120.031
G1 F1500 X124.635 Y111.058 E379.55505
G0 F9000 X125.2 Y111.058
G1 F1500 X133.608 Y119.466 E379.79234
G0 F9000 X133.608 Y118.9
G1 F1500 X125.766 Y111.058 E380.01366
G0 F9000 X126.332 Y111.058
G1 F1500 X133.608 Y118.334 E380.219
G0 F9000 X133.608 Y117.769
G1 F1500 X126.897 Y111.058 E380.4084
G0 F9000 X127.463 Y111.058
G1 F1500 X133.608 Y117.203 E380.58183
G0 F9000 X133.608 Y116.637
G1 F1500 X128.029 Y111.058 E380.73928
G0 F9000 X128.594 Y111.058
G1 F1500 X133.608 Y116.072 E380.88079
G0 F9000 X133.608 Y115.506
G1 F1500 X129.16 Y111.058 E381.00632
G0 F9000 X129.726 Y111.058
G1 F1500 X133.608 Y114.94 E381.11588
G0 F9000 X133.608 Y114.375
G1 F1500 X130.291 Y111.058 E381.20949
G0 F9000 X130.857 Y111.058
G1 F1500 X133.608 Y113.809 E381.28713
G0 F9000 X133.608 Y113.243
G1 F1500 X131.378 Y111.013 E381.35006
G0 F9000 X131.778 Y110.847
G1 F1500 X133.608 Y112.677 E381.40171
G0 F9000 X133.608 Y112.112
G1 F1500 X132.102 Y110.606 E381.44421
G0 F9000 X132.335 Y110.273
G1 F1500 X133.608 Y111.546 E381.48014
G0 F9000 X133.608 Y110.98
G1 F1500 X132.507 Y109.879 E381.51121
G0 F9000 X132.555 Y109.362
G1 F1500 X133.608 Y110.415 E381.54093
G0 F9000 X133.608 Y109.849
G1 F1500 X132.556 Y108.797 E381.57062
G0 F9000 X132.556 Y108.232
G1 F1500 X133.608 Y109.283 E381.6003
G0 F9000 X133.608 Y108.718
G1 F1500 X132.557 Y107.667 E381.62996
G0 F9000 X132.558 Y107.102
G1 F1500 X133.608 Y108.152 E381.65959
G0 F9000 X133.608 Y107.586
G1 F1500 X132.558 Y106.537 E381.68921
G0 F9000 X132.559 Y105.972
G1 F1500 X133.608 Y107.021 E381.71882
G0 F9000 X133.608 Y106.455
G1 F1500 X132.546 Y105.393 E381.74879
;MESH:NONMESH
G0 F300 X132.546 Y105.393 Z0.96
G0 F9000 X132.096 Y105.488
G0 X131.838 Y110.338
G0 X123.41 Y110.552
;TIME_ELAPSED:958.510422
;LAYER:7
;TYPE:WALL-INNER
;MESH:robotface-cover.stl
G1 F1500 X120.681 Y110.537 E381.80325
G1 X103.819 Y110.529 E382.13975
G1 X103.505 Y110.413 E382.14643
G1 X103.254 Y110.225 E382.15269
G1 X103.054 Y109.927 E382.15985
G1 X102.974 Y109.657 E382.16547
G1 X102.948 Y108.29 E382.19275
G1 X102.964 Y107.748 E382.20357
G1 X102.968 Y105.47 E382.24903
G1 X103.055 Y105.061 E382.25738
G1 X103.277 Y104.748 E382.26504
G1 X103.551 Y104.562 E382.27164
G1 X103.84 Y104.472 E382.27769
G1 X131.176 Y104.472 E382.8232
G1 X131.445 Y104.563 E382.82887
G1 X131.719 Y104.747 E382.83546
G1 X131.941 Y105.061 E382.84313
G1 X132.028 Y105.47 E382.85148
G1 X132.033 Y107.792 E382.89782
G1 X132.052 Y108.282 E382.9076
G1 X132.026 Y109.661 E382.93513
G1 X131.947 Y109.926 E382.94064
G1 X131.748 Y110.224 E382.94779
G1 X131.497 Y110.412 E382.95405
G1 X131.186 Y110.528 E382.96068
G1 X123.41 Y110.552 E383.11586
G0 F9000 X123.412 Y110.152
G1 F1500 X120.681 Y110.137 E383.17036
G1 X103.882 Y110.129 E383.5056
G1 X103.692 Y110.059 E383.50964
G1 X103.541 Y109.947 E383.51339
G1 X103.421 Y109.767 E383.51771
G1 X103.373 Y109.606 E383.52106
G1 X103.348 Y108.332 E383.54649
G1 X103.364 Y107.748 E383.55815
G1 X103.368 Y105.47 E383.60361
G1 X103.42 Y105.225 E383.60861
G1 X103.553 Y105.037 E383.6132
G1 X103.718 Y104.926 E383.61717
G1 X103.889 Y104.872 E383.62075
G1 X131.116 Y104.872 E384.16409
G1 X131.443 Y105.037 E384.1714
G1 X131.576 Y105.225 E384.176
G1 X131.628 Y105.47 E384.181
G1 X131.633 Y107.807 E384.22764
G1 X131.652 Y108.332 E384.23812
G1 X131.62 Y109.632 E384.26407
G1 X131.46 Y109.946 E384.2711
G1 X131.309 Y110.059 E384.27487
G1 X131.124 Y110.128 E384.27881
G1 X123.412 Y110.152 E384.43271
G1 F2700 E379.43271
G0 F9000 X123.415 Y110.464
G0 X120.681 Y110.717
G0 X120.681 Y134.152
G0 X117.5 Y134.352
G1 F2700 E384.43271
G1 F1500 X132.463 Y134.352 E384.73131
G1 X132.784 Y134.335 E384.73773
G1 X133.145 Y134.239 E384.74518
G1 X133.509 Y134.058 E384.75329
G1 X133.816 Y133.815 E384.76111
G1 X134.102 Y133.424 E384.77077
G1 X134.262 Y133.068 E384.77856
G1 X134.352 Y132.635 E384.78739
G1 X134.352 Y102.516 E385.38845
G1 X134.309 Y102.112 E385.39655
G1 X134.24 Y101.856 E385.40184
G1 X134.058 Y101.49 E385.41
G1 X133.806 Y101.169 E385.41815
G1 X133.343 Y100.835 E385.42954
G1 X132.884 Y100.688 E385.43916
G1 X132.466 Y100.644 E385.44754
G1 X102.531 Y100.644 E386.04493
G1 X102.227 Y100.67 E386.05102
G1 X101.932 Y100.74 E386.05707
G1 X101.621 Y100.865 E386.06376
G1 X101.245 Y101.13 E386.07294
G1 X100.937 Y101.5 E386.08255
G1 X100.78 Y101.819 E386.08964
G1 X100.679 Y102.169 E386.09691
G1 X100.644 Y102.536 E386.10427
G1 X100.644 Y132.48 E386.70183
G1 X100.687 Y132.886 E386.70998
G1 X100.756 Y133.143 E386.71529
G1 X100.937 Y133.505 E386.72337
G1 X101.183 Y133.817 E386.7313
G1 X101.572 Y134.102 E386.74092
G1 X101.928 Y134.262 E386.74871
G1 X102.365 Y134.352 E386.75761
G1 X117.5 Y134.352 E387.05965
G0 F9000 X117.5 Y134.752
G1 F1500 X132.473 Y134.752 E387.35845
G1 X132.851 Y134.732 E387.366
G1 X133.287 Y134.615 E387.37501
G1 X133.724 Y134.398 E387.38475
G1 X133.994 Y134.184 E387.39162
G1 X134.175 Y134 E387.39678
G1 X134.448 Y133.625 E387.40603
G1 X134.643 Y133.191 E387.41553
G1 X134.738 Y132.736 E387.4248
G1 X134.752 Y132.476 E387.43
G1 X134.752 Y102.505 E388.0281
G1 X134.7 Y102.028 E388.03768
G1 X134.616 Y101.714 E388.04416
G1 X134.398 Y101.275 E388.05395
G1 X134.178 Y100.995 E388.06105
G1 X134.001 Y100.818 E388.06605
G1 X133.523 Y100.475 E388.07779
G1 X132.873 Y100.265 E388.09142
G1 X132.476 Y100.244 E388.09935
G1 X102.514 Y100.244 E388.69728
G1 X102.164 Y100.274 E388.70429
G1 X101.81 Y100.358 E388.71155
G1 X101.429 Y100.511 E388.71974
G1 X100.971 Y100.833 E388.73091
G1 X100.599 Y101.281 E388.74253
G1 X100.406 Y101.674 E388.75127
G1 X100.284 Y102.094 E388.76
G1 X100.244 Y102.517 E388.76848
G1 X100.244 Y132.491 E389.36664
G1 X100.296 Y132.97 E389.37626
G1 X100.38 Y133.286 E389.38278
G1 X100.598 Y133.721 E389.39249
G1 X100.816 Y133.998 E389.39953
G1 X100.996 Y134.175 E389.40457
G1 X101.371 Y134.448 E389.41382
G1 X101.805 Y134.643 E389.42332
G1 X102.26 Y134.738 E389.43259
G1 X102.524 Y134.752 E389.43787
G1 X117.5 Y134.752 E389.73673
G0 F9000 X117.5 Y135.152
;TYPE:WALL-OUTER
G1 F1500 X132.483 Y135.152 E390.03573
G1 X132.778 Y135.136 E390.04163
G1 X133.054 Y135.092 E390.04721
G1 X133.429 Y134.991 E390.05496
G1 X133.94 Y134.738 E390.06634
G1 X134.262 Y134.482 E390.07454
G1 X134.474 Y134.266 E390.08058
G1 X134.642 Y134.057 E390.08594
G1 X134.794 Y133.827 E390.09144
G1 X134.925 Y133.57 E390.09719
G1 X135.025 Y133.314 E390.10268
G1 X135.091 Y133.055 E390.10801
G1 X135.136 Y132.778 E390.11361
G1 X135.152 Y132.486 E390.11945
G1 X135.152 Y102.494 E390.71797
G1 X135.136 Y102.214 E390.72357
G1 X135.092 Y101.943 E390.72905
G1 X134.992 Y101.572 E390.73671
G1 X134.738 Y101.06 E390.74812
G1 X134.478 Y100.729 E390.75652
G1 X134.267 Y100.518 E390.76248
G1 X134.058 Y100.355 E390.76776
G1 X133.827 Y100.202 E390.77329
G1 X133.571 Y100.072 E390.77902
G1 X133.314 Y99.975 E390.78451
G1 X133.053 Y99.904 E390.7899
G1 X132.778 Y99.86 E390.79546
G1 X132.486 Y99.844 E390.8013
G1 X102.497 Y99.844 E391.39976
G1 X102.1 Y99.878 E391.40771
G1 X101.689 Y99.976 E391.41614
G1 X101.237 Y100.157 E391.42586
G1 X100.697 Y100.537 E391.43904
G1 X100.261 Y101.062 E391.45266
G1 X100.032 Y101.529 E391.46304
G1 X99.89 Y102.018 E391.4732
G1 X99.844 Y102.498 E391.48282
G1 X99.844 Y132.502 E392.08158
G1 X99.86 Y132.778 E392.0871
G1 X99.904 Y133.054 E392.09268
G1 X100.004 Y133.428 E392.1004
G1 X100.258 Y133.936 E392.11174
G1 X100.518 Y134.266 E392.12012
G1 X100.73 Y134.474 E392.12605
G1 X100.939 Y134.642 E392.1314
G1 X101.169 Y134.794 E392.1369
G1 X101.426 Y134.925 E392.14266
G1 X101.682 Y135.025 E392.14814
G1 X101.941 Y135.091 E392.15348
G1 X102.218 Y135.136 E392.15908
G1 X102.514 Y135.152 E392.16499
G1 X117.5 Y135.152 E392.46405
G1 F2700 E387.46405
G0 F9000 X117.5 Y134.444
G0 X123.41 Y134.152
G0 X123.408 Y110.732
G0 X123.414 Y109.752
G1 F2700 E392.46405
G1 F1500 X120.681 Y109.737 E392.51859
G1 X103.928 Y109.724 E392.85292
G1 X103.828 Y109.668 E392.85521
G1 X103.775 Y109.563 E392.85755
G1 X103.748 Y108.324 E392.88228
G1 X103.764 Y107.749 E392.89376
G1 X103.768 Y105.413 E392.94038
G1 X103.829 Y105.327 E392.94248
G1 X103.933 Y105.274 E392.94481
G1 X131.072 Y105.276 E393.4864
G1 X131.167 Y105.327 E393.48855
G1 X131.228 Y105.471 E393.49167
G1 X131.233 Y107.822 E393.53859
G1 X131.252 Y108.324 E393.54862
G1 X131.226 Y109.563 E393.57335
G1 X131.172 Y109.668 E393.5757
G1 X131.073 Y109.724 E393.57797
G1 X123.414 Y109.752 E393.73082
G1 F2700 E388.73082
G0 F9000 X123.41 Y110.463
G0 X120.681 Y110.717
G0 X120.681 Y134.152
G0 X117.5 Y134.252
G0 X117.5 Y133.992
;TYPE:SKIN
G1 F2700 E393.73082
G1 F1500 X102.402 Y133.992 E394.03212
G1 X102.039 Y133.912 E394.03953
G1 X101.749 Y133.785 E394.04585
G1 X101.44 Y133.562 E394.05346
G1 X101.242 Y133.312 E394.05982
G1 X101.052 Y132.927 E394.06839
G1 X101.004 Y132.465 E394.07766
G1 X101.004 Y102.546 E394.67472
G1 X101.034 Y102.234 E394.68098
G1 X101.116 Y101.949 E394.6869
G1 X101.238 Y101.702 E394.69239
G1 X101.494 Y101.392 E394.70042
G1 X101.793 Y101.181 E394.70772
G1 X102.037 Y101.083 E394.71297
G1 X102.367 Y101.004 E394.71974
G1 X132.454 Y101.004 E395.32016
G1 X132.803 Y101.038 E395.32716
G1 X133.176 Y101.157 E395.33497
G1 X133.547 Y101.426 E395.34411
G1 X133.75 Y101.684 E395.35066
G1 X133.898 Y101.981 E395.35729
G1 X133.992 Y102.387 E395.3656
G1 X133.992 Y132.606 E395.96866
G1 X133.916 Y132.949 E395.97567
G1 X133.785 Y133.243 E395.98209
G1 X133.606 Y133.488 E395.98815
G1 X133.311 Y133.752 E395.99605
G1 X133.017 Y133.897 E396.00259
G1 X132.586 Y133.992 E396.0114
G1 X117.5 Y133.992 E396.31245
G1 F2700 E391.31245
G0 F9000 X117.5 Y134.252
G0 X123.407 Y134.152
G0 X123.408 Y110.732
G0 X123.406 Y110.912
G1 F2700 E396.31245
G1 F1500 X131.051 Y110.887 E396.46502
G1 X131.351 Y110.848 E396.47105
G1 X131.665 Y110.73 E396.47775
G1 X132.007 Y110.473 E396.48629
G1 X132.276 Y110.074 E396.49589
G1 X132.382 Y109.719 E396.50328
G1 X132.412 Y108.357 E396.53047
G1 X132.392 Y107.801 E396.54157
G1 X132.384 Y105.429 E396.58891
G1 X132.271 Y104.909 E396.59953
G1 X131.966 Y104.481 E396.61002
G1 X131.596 Y104.234 E396.61889
G1 X131.338 Y104.149 E396.62431
G1 X131.047 Y104.113 E396.63017
G1 X103.786 Y104.112 E397.17419
G1 X103.397 Y104.232 E397.18231
G1 X103.027 Y104.481 E397.19121
G1 X102.721 Y104.909 E397.20171
G1 X102.612 Y105.431 E397.21235
G1 X102.604 Y107.731 E397.25825
G1 X102.588 Y108.356 E397.27073
G1 X102.614 Y109.715 E397.29786
G1 X102.721 Y110.072 E397.30529
G1 X102.99 Y110.474 E397.31495
G1 X103.333 Y110.731 E397.3235
G1 X103.65 Y110.848 E397.33024
G1 X103.949 Y110.887 E397.33626
G1 X120.648 Y110.897 E397.66951
G1 X123.406 Y110.912 E397.72455
G1 F2700 E392.72455
G0 F9000 X123.407 Y110.652
G0 X103.149 Y110.366
G0 X103.116 Y107.763
G0 X103.136 Y104.634
G0 X103.818 Y104.291
G0 X103.818 Y100.844
G0 X102.408 Y100.755
G0 X102.443 Y101.204
G1 F2700 E397.72455
G1 F1500 X101.216 Y102.431 E397.75917
G0 F9000 X101.204 Y103.008
G1 F1500 X103.008 Y101.204 E397.81009
G0 F9000 X103.574 Y101.204
G1 F1500 X101.204 Y103.574 E397.87697
G0 F9000 X101.204 Y104.14
G1 F1500 X104.14 Y101.204 E397.95983
G0 F9000 X104.706 Y101.204
G1 F1500 X101.204 Y104.706 E398.05867
G0 F9000 X101.204 Y105.271
G1 F1500 X105.271 Y101.204 E398.17345
G0 F9000 X105.837 Y101.204
G1 F1500 X101.204 Y105.837 E398.3042
G0 F9000 X101.204 Y106.403
G1 F1500 X102.468 Y105.138 E398.33989
G0 F9000 X102.407 Y105.765
G1 F1500 X101.204 Y106.968 E398.37384
G0 F9000 X101.204 Y107.534
G1 F1500 X102.406 Y106.332 E398.40776
G0 F9000 X102.405 Y106.898
G1 F1500 X101.204 Y108.1 E398.44167
G0 F9000 X101.204 Y108.665
G1 F1500 X102.404 Y107.465 E398.47554
G0 F9000 X102.395 Y108.04
G1 F1500 X101.204 Y109.231 E398.50915
G0 F9000 X101.204 Y109.797
G1 F1500 X102.393 Y108.608 E398.54271
G0 F9000 X102.404 Y109.162
G1 F1500 X101.204 Y110.362 E398.57657
G0 F9000 X101.204 Y110.928
G1 F1500 X102.416 Y109.716 E398.61078
G0 F9000 X102.538 Y110.159
G1 F1500 X101.204 Y111.494 E398.64844
G0 F9000 X101.204 Y112.059
G1 F1500 X102.766 Y110.497 E398.69252
G0 F9000 X103.057 Y110.773
G1 F1500 X101.204 Y112.625 E398.7448
G0 F9000 X101.204 Y113.191
G1 F1500 X103.419 Y110.976 E398.80732
G0 F9000 X103.88 Y111.08
G1 F1500 X101.204 Y113.757 E398.88285
G0 F9000 X101.204 Y114.322
G1 F1500 X104.44 Y111.086 E398.97418
G0 F9000 X105.006 Y111.086
G1 F1500 X101.204 Y114.888 E399.08148
G0 F9000 X101.204 Y115.454
G1 F1500 X105.571 Y111.086 E399.20474
G0 F9000 X106.137 Y111.086
G1 F1500 X101.204 Y116.019 E399.34396
G0 F9000 X101.204 Y116.585
G1 F1500 X106.702 Y111.087 E399.49913
G0 F9000 X107.267 Y111.087
G1 F1500 X101.204 Y117.151 E399.67025
G0 F9000 X101.204 Y117.716
G1 F1500 X107.832 Y111.088 E399.85731
G0 F9000 X108.397 Y111.089
G1 F1500 X101.204 Y118.282 E400.06031
G0 F9000 X101.204 Y118.848
G1 F1500 X108.963 Y111.089 E400.27929
G0 F9000 X109.528 Y111.089
G1 F1500 X101.204 Y119.413 E400.51421
G0 F9000 X101.204 Y119.979
G1 F1500 X110.094 Y111.089 E400.7651
G0 F9000 X110.659 Y111.09
G1 F1500 X101.204 Y120.545 E401.03194
G0 F9000 X101.204 Y121.11
G1 F1500 X111.224 Y111.09 E401.31473
G0 F9000 X111.789 Y111.091
G1 F1500 X101.204 Y121.676 E401.61346
G0 F9000 X101.204 Y122.242
G1 F1500 X112.355 Y111.091 E401.92817
G0 F9000 X112.92 Y111.091
G1 F1500 X101.204 Y122.807 E402.25882
G0 F9000 X101.204 Y123.373
G1 F1500 X113.486 Y111.091 E402.60544
G0 F9000 X114.051 Y111.092
G1 F1500 X101.204 Y123.939 E402.96801
G0 F9000 X101.204 Y124.505
G1 F1500 X114.616 Y111.092 E403.34654
G0 F9000 X115.181 Y111.093
G1 F1500 X101.204 Y125.07 E403.741
G0 F9000 X101.204 Y125.636
G1 F1500 X115.747 Y111.093 E404.15144
G0 F9000 X116.312 Y111.094
G1 F1500 X101.204 Y126.202 E404.57782
G0 F9000 X101.204 Y126.767
G1 F1500 X116.878 Y111.094 E405.02016
G0 F9000 X117.443 Y111.094
G1 F1500 X101.204 Y127.333 E405.47846
G0 F9000 X101.204 Y127.899
G1 F1500 X118.008 Y111.094 E405.95272
G0 F9000 X118.573 Y111.095
G1 F1500 X101.204 Y128.464 E406.44291
G0 F9000 X101.204 Y129.03
G1 F1500 X119.139 Y111.095 E406.94907
G0 F9000 X119.704 Y111.096
G1 F1500 X101.204 Y129.596 E407.47118
G0 F9000 X101.204 Y130.161
G1 F1500 X120.27 Y111.096 E408.00925
G0 F9000 X120.834 Y111.097
G1 F1500 X101.204 Y130.727 E408.56325
G0 F9000 X101.204 Y131.293
G1 F1500 X121.396 Y111.101 E409.13311
G0 F9000 X121.959 Y111.103
G1 F1500 X101.204 Y131.858 E409.71886
G0 F9000 X101.204 Y132.424
G1 F1500 X122.521 Y111.107 E410.32048
G0 F9000 X123.083 Y111.111
G1 F1500 X101.272 Y132.922 E410.93603
G0 F9000 X101.476 Y133.283
G1 F1500 X123.648 Y111.111 E411.56177
G0 F9000 X124.216 Y111.109
G1 F1500 X101.771 Y133.554 E412.19522
G0 F9000 X102.157 Y133.734
G1 F1500 X124.783 Y111.108 E412.83377
G0 F9000 X125.351 Y111.106
G1 F1500 X102.664 Y133.792 E413.47404
G0 F9000 X103.23 Y133.792
G1 F1500 X125.919 Y111.103 E414.11437
G0 F9000 X126.487 Y111.101
G1 F1500 X103.795 Y133.792 E414.75477
G0 F9000 X104.361 Y133.792
G1 F1500 X127.054 Y111.099 E415.39522
G0 F9000 X127.621 Y111.098
G1 F1500 X104.927 Y133.792 E416.03569
G0 F9000 X105.493 Y133.792
G1 F1500 X128.189 Y111.096 E416.67622
G0 F9000 X128.757 Y111.094
G1 F1500 X106.058 Y133.792 E417.31682
G0 F9000 X106.624 Y133.792
G1 F1500 X129.325 Y111.091 E417.95749
G0 F9000 X129.893 Y111.089
G1 F1500 X107.19 Y133.792 E418.59822
G0 F9000 X107.755 Y133.792
G1 F1500 X130.46 Y111.088 E419.23899
G0 F9000 X131.028 Y111.086
G1 F1500 X108.321 Y133.792 E419.87982
G0 F9000 X108.887 Y133.792
G1 F1500 X131.798 Y110.881 E420.52641
G0 F9000 X132.334 Y110.345
G1 F1500 X133.792 Y108.887 E420.56756
G0 F9000 X133.792 Y108.322
G1 F1500 X132.585 Y109.529 E420.60163
G0 F9000 X132.599 Y108.949
G1 F1500 X133.792 Y107.756 E420.6353
G0 F9000 X133.792 Y107.19
G1 F1500 X132.612 Y108.37 E420.6686
G0 F9000 X132.594 Y107.822
G1 F1500 X133.792 Y106.625 E420.70239
G0 F9000 X133.792 Y106.059
G1 F1500 X132.592 Y107.259 E420.73626
G0 F9000 X132.591 Y106.694
G1 F1500 X133.792 Y105.493 E420.77016
G0 F9000 X133.792 Y104.928
G1 F1500 X132.59 Y106.13 E420.80408
G0 F9000 X132.589 Y105.565
G1 F1500 X133.792 Y104.362 E420.83803
G0 F9000 X133.792 Y103.796
G1 F1500 X132.513 Y105.075 E420.87413
G0 F9000 X132.349 Y104.673
G1 F1500 X133.792 Y103.231 E420.91484
G0 F9000 X133.792 Y102.665
G1 F1500 X132.114 Y104.343 E420.96219
G0 F9000 X131.775 Y104.116
G1 F1500 X133.733 Y102.158 E421.01745
G0 F9000 X133.559 Y101.766
G1 F1500 X131.374 Y103.951 E421.07912
G0 F9000 X130.844 Y103.915
G1 F1500 X133.28 Y101.479 E421.14787
G0 F9000 X132.912 Y101.282
G1 F1500 X130.279 Y103.915 E421.22218
G0 F9000 X129.713 Y103.915
G1 F1500 X132.424 Y101.204 E421.29869
G0 F9000 X131.858 Y101.204
G1 F1500 X129.147 Y103.915 E421.3752
G0 F9000 X128.582 Y103.915
G1 F1500 X131.293 Y101.204 E421.45171
G0 F9000 X130.727 Y101.204
G1 F1500 X128.016 Y103.915 E421.52822
G0 F9000 X127.45 Y103.915
G1 F1500 X130.161 Y101.204 E421.60473
G0 F9000 X129.596 Y101.204
G1 F1500 X126.885 Y103.915 E421.68124
G0 F9000 X126.319 Y103.915
G1 F1500 X129.03 Y101.204 E421.75775
G0 F9000 X128.464 Y101.204
G1 F1500 X125.753 Y103.915 E421.83426
G0 F9000 X125.187 Y103.916
G1 F1500 X127.899 Y101.204 E421.9108
G0 F9000 X127.333 Y101.204
G1 F1500 X124.621 Y103.916 E421.98733
G0 F9000 X124.056 Y103.916
G1 F1500 X126.767 Y101.204 E422.06386
G0 F9000 X126.202 Y101.204
G1 F1500 X123.49 Y103.916 E422.1404
G0 F9000 X122.924 Y103.916
G1 F1500 X125.636 Y101.204 E422.21694
G0 F9000 X125.07 Y101.204
G1 F1500 X122.358 Y103.916 E422.29347
G0 F9000 X121.793 Y103.916
G1 F1500 X124.505 Y101.204 E422.37001
G0 F9000 X123.939 Y101.204
G1 F1500 X121.227 Y103.916 E422.44655
G0 F9000 X120.661 Y103.916
G1 F1500 X123.373 Y101.204 E422.52309
G0 F9000 X122.807 Y101.204
G1 F1500 X120.095 Y103.916 E422.59963
G0 F9000 X119.529 Y103.916
G1 F1500 X122.242 Y101.204 E422.67618
G0 F9000 X121.676 Y101.204
G1 F1500 X118.964 Y103.916 E422.75272
G0 F9000 X118.398 Y103.916
G1 F1500 X121.11 Y101.204 E422.82926
G0 F9000 X120.545 Y101.204
G1 F1500 X117.832 Y103.916 E422.90581
G0 F9000 X117.267 Y103.916
G1 F1500 X119.979 Y101.204 E422.98235
G0 F9000 X119.413 Y101.204
G1 F1500 X116.701 Y103.916 E423.05889
G0 F9000 X116.135 Y103.916
G1 F1500 X118.848 Y101.204 E423.13544
G0 F9000 X118.282 Y101.204
G1 F1500 X115.57 Y103.916 E423.21198
G0 F9000 X115.004 Y103.916
G1 F1500 X117.716 Y101.204 E423.28852
G0 F9000 X117.151 Y101.204
G1 F1500 X114.437 Y103.917 E423.3651
G0 F9000 X113.872 Y103.917
G1 F1500 X116.585 Y101.204 E423.44166
G0 F9000 X116.019 Y101.204
G1 F1500 X113.306 Y103.917 E423.51823
G0 F9000 X112.74 Y103.917
G1 F1500 X115.454 Y101.204 E423.59481
G0 F9000 X114.888 Y101.204
G1 F1500 X112.175 Y103.917 E423.67138
G0 F9000 X111.609 Y103.917
G1 F1500 X114.322 Y101.204 E423.74795
G0 F9000 X113.757 Y101.204
G1 F1500 X111.043 Y103.917 E423.82453
G0 F9000 X110.478 Y103.917
G1 F1500 X113.191 Y101.204 E423.90109
G0 F9000 X112.625 Y101.204
G1 F1500 X109.912 Y103.917 E423.97766
G0 F9000 X109.346 Y103.917
G1 F1500 X112.059 Y101.204 E424.05423
G0 F9000 X111.494 Y101.204
G1 F1500 X108.78 Y103.918 E424.13082
G0 F9000 X108.214 Y103.918
G1 F1500 X110.928 Y101.204 E424.20742
G0 F9000 X110.362 Y101.204
G1 F1500 X107.649 Y103.918 E424.284
G0 F9000 X107.083 Y103.918
G1 F1500 X109.797 Y101.204 E424.36059
G0 F9000 X109.231 Y101.204
G1 F1500 X106.517 Y103.918 E424.43719
G0 F9000 X105.951 Y103.918
G1 F1500 X108.665 Y101.204 E424.51378
G0 F9000 X108.1 Y101.204
G1 F1500 X105.386 Y103.918 E424.59038
G0 F9000 X104.82 Y103.918
G1 F1500 X107.534 Y101.204 E424.66697
G0 F9000 X106.968 Y101.204
G1 F1500 X104.254 Y103.918 E424.74357
G0 F9000 X103.663 Y103.944
G1 F1500 X106.403 Y101.204 E424.8209
G1 F2700 E419.8209
G0 F9000 X106.403 Y100.744
G0 X132.849 Y100.844
G0 X133.268 Y100.98
G0 X133.691 Y101.284
G0 X133.921 Y101.576
G0 X134.089 Y101.915
G0 X134.172 Y102.281
G0 X134.252 Y109.453
G0 X133.792 Y109.453
G1 F2700 E424.8209
G1 F1500 X109.452 Y133.792 E425.50781
G0 F9000 X110.018 Y133.792
G1 F1500 X133.792 Y110.019 E426.17875
G0 F9000 X133.792 Y110.584
G1 F1500 X110.584 Y133.792 E426.83373
G0 F9000 X111.149 Y133.792
G1 F1500 X133.792 Y111.15 E427.47275
G0 F9000 X133.792 Y111.716
G1 F1500 X111.715 Y133.792 E428.0958
G0 F9000 X112.281 Y133.792
G1 F1500 X133.792 Y112.281 E428.70288
G0 F9000 X133.792 Y112.847
G1 F1500 X112.846 Y133.792 E429.29401
G0 F9000 X113.412 Y133.792
G1 F1500 X133.792 Y113.413 E429.86916
G0 F9000 X133.792 Y113.979
G1 F1500 X113.978 Y133.792 E430.42834
G0 F9000 X114.544 Y133.792
G1 F1500 X133.792 Y114.544 E430.97156
G0 F9000 X133.792 Y115.11
G1 F1500 X115.109 Y133.792 E431.49882
G0 F9000 X115.675 Y133.792
G1 F1500 X133.792 Y115.676 E432.01011
G0 F9000 X133.792 Y116.241
G1 F1500 X116.241 Y133.792 E432.50544
G0 F9000 X116.806 Y133.792
G1 F1500 X133.792 Y116.807 E432.9848
G0 F9000 X133.792 Y117.373
G1 F1500 X117.372 Y133.792 E433.4482
G0 F9000 X117.938 Y133.792
G1 F1500 X133.792 Y117.938 E433.89563
G0 F9000 X133.792 Y118.504
G1 F1500 X118.503 Y133.792 E434.32711
G0 F9000 X119.069 Y133.792
G1 F1500 X133.792 Y119.07 E434.74261
G0 F9000 X133.792 Y119.635
G1 F1500 X119.635 Y133.792 E435.14215
G0 F9000 X120.2 Y133.792
G1 F1500 X133.792 Y120.201 E435.52573
G0 F9000 X133.792 Y120.767
G1 F1500 X120.766 Y133.792 E435.89334
G0 F9000 X121.332 Y133.792
G1 F1500 X133.792 Y121.332 E436.24499
G0 F9000 X133.792 Y121.898
G1 F1500 X121.897 Y133.792 E436.58067
G0 F9000 X122.463 Y133.792
G1 F1500 X133.792 Y122.464 E436.90039
G0 F9000 X133.792 Y123.03
G1 F1500 X123.029 Y133.792 E437.20413
G0 F9000 X123.594 Y133.792
G1 F1500 X133.792 Y123.595 E437.49193
G0 F9000 X133.792 Y124.161
G1 F1500 X124.16 Y133.792 E437.76375
G0 F9000 X124.726 Y133.792
G1 F1500 X133.792 Y124.727 E438.0196
G0 F9000 X133.792 Y125.292
G1 F1500 X125.292 Y133.792 E438.25948
G0 F9000 X125.857 Y133.792
G1 F1500 X133.792 Y125.858 E438.48341
G0 F9000 X133.792 Y126.424
G1 F1500 X126.423 Y133.792 E438.69137
G0 F9000 X126.989 Y133.792
G1 F1500 X133.792 Y126.989 E438.88336
G0 F9000 X133.792 Y127.555
G1 F1500 X127.554 Y133.792 E439.0594
G0 F9000 X128.12 Y133.792
G1 F1500 X133.792 Y128.121 E439.21946
G0 F9000 X133.792 Y128.686
G1 F1500 X128.686 Y133.792 E439.36356
G0 F9000 X129.251 Y133.792
G1 F1500 X133.792 Y129.252 E439.49171
G0 F9000 X133.792 Y129.818
G1 F1500 X129.817 Y133.792 E439.60388
G0 F9000 X130.383 Y133.792
G1 F1500 X133.792 Y130.383 E439.70008
G0 F9000 X133.792 Y130.949
G1 F1500 X130.948 Y133.792 E439.78033
G0 F9000 X131.514 Y133.792
G1 F1500 X133.792 Y131.515 E439.84461
G0 F9000 X133.792 Y132.08
G1 F1500 X132.08 Y133.792 E439.89293
G0 F9000 X132.669 Y133.769
G1 F1500 X133.774 Y132.664 E439.92411
;MESH:NONMESH
G0 F300 X133.774 Y132.664 Z1.08
G0 F9000 X134.224 Y132.759
G0 X133.963 Y133.343
G0 X133.755 Y133.627
G0 X133.423 Y133.922
G0 X133.087 Y134.088
G0 X132.699 Y134.172
G0 X117.5 Y134.252
G0 X117.5 Y133.499
;TIME_ELAPSED:1096.483556
;LAYER:8
;TYPE:WALL-INNER
;MESH:robotface-cover.stl
G1 F1500 X102.439 Y133.499 E440.22467
G1 X102.192 Y133.452 E440.22969
G1 X101.834 Y133.247 E440.23792
G1 X101.656 Y133.038 E440.2434
G1 X101.531 Y132.749 E440.24968
G1 X101.501 Y132.553 E440.25364
G1 X101.503 Y102.421 E440.85496
G1 X101.558 Y102.163 E440.86022
G1 X101.763 Y101.823 E440.86814
G1 X101.929 Y101.678 E440.87254
G1 X102.227 Y101.537 E440.87912
G1 X102.434 Y101.501 E440.88331
G1 X132.621 Y101.501 E441.48573
G1 X133.04 Y101.656 E441.49464
G1 X133.308 Y101.909 E441.502
G1 X133.416 Y102.099 E441.50636
G1 X133.499 Y102.383 E441.51226
G1 X133.5 Y132.657 E442.11642
G1 X133.388 Y132.962 E442.1229
G1 X133.209 Y133.208 E442.12897
G1 X133.041 Y133.343 E442.13327
G1 X132.662 Y133.499 E442.14145
G1 X117.5 Y133.499 E442.44402
G0 F9000 X117.5 Y133.1
G1 F1500 X102.463 Y133.099 E442.7441
G1 X102.285 Y133.061 E442.74774
G1 X102.119 Y132.965 E442.75156
G1 X101.939 Y132.716 E442.75769
G1 X101.9 Y132.532 E442.76145
G1 X101.901 Y102.452 E443.36173
G1 X101.934 Y102.298 E443.36487
G1 X102.099 Y102.053 E443.37076
G1 X102.243 Y101.957 E443.37422
G1 X102.46 Y101.901 E443.37869
G1 X132.608 Y101.9 E443.98033
G1 X132.824 Y101.993 E443.98502
G1 X132.95 Y102.102 E443.98834
G1 X133.094 Y102.409 E443.99511
G1 X133.1 Y132.537 E444.59635
G1 X133.061 Y132.715 E444.59998
G1 X132.964 Y132.882 E444.60384
G1 X132.825 Y133.006 E444.60756
G1 X132.596 Y133.1 E444.6125
G1 X117.5 Y133.1 E444.91375
G0 F9000 X117.5 Y133.41
G0 X117.502 Y133.679
G0 X117.502 Y134.319
G0 X117.5 Y134.518
G1 F1500 X132.479 Y134.516 E445.21268
G1 X132.925 Y134.471 E445.22162
G1 X133.308 Y134.346 E445.22966
G1 X133.763 Y134.085 E445.24013
G1 X134.129 Y133.686 E445.25093
G1 X134.346 Y133.308 E445.25963
G1 X134.496 Y132.849 E445.26927
G1 X134.52 Y132.442 E445.2774
G1 X134.514 Y102.474 E445.87545
G1 X134.472 Y102.07 E445.88355
G1 X134.346 Y101.687 E445.8916
G1 X134.128 Y101.312 E445.90026
G1 X133.765 Y100.912 E445.91104
G1 X133.219 Y100.599 E445.9236
G1 X132.709 Y100.493 E445.93399
G1 X132.451 Y100.48 E445.93915
G1 X102.541 Y100.48 E446.53603
G1 X102.211 Y100.502 E446.54263
G1 X101.942 Y100.557 E446.54811
G1 X101.641 Y100.678 E446.55459
G1 X101.342 Y100.842 E446.56139
G1 X101.012 Y101.139 E446.57025
G1 X100.764 Y101.48 E446.57866
G1 X100.598 Y101.813 E446.58609
G1 X100.51 Y102.148 E446.593
G1 X100.48 Y102.524 E446.60053
G1 X100.481 Y132.65 E447.20173
G1 X100.596 Y133.206 E447.21306
G1 X100.819 Y133.628 E447.22258
G1 X100.985 Y133.83 E447.2278
G1 X101.315 Y134.13 E447.2367
G1 X101.69 Y134.347 E447.24535
G1 X102.145 Y134.495 E447.25489
G1 X102.539 Y134.52 E447.26277
G1 X117.5 Y134.518 E447.56134
G0 F9000 X117.5 Y134.918
G1 F1500 X132.499 Y134.915 E447.86066
G1 X132.755 Y134.902 E447.86577
G1 X133.008 Y134.863 E447.87088
G1 X133.473 Y134.712 E447.88064
G1 X133.829 Y134.526 E447.88865
G1 X134.108 Y134.298 E447.89584
G1 X134.395 Y134.012 E447.90393
G1 X134.588 Y133.711 E447.91106
G1 X134.711 Y133.473 E447.91641
G1 X134.863 Y133.008 E447.92617
G1 X134.902 Y132.752 E447.93134
G1 X134.92 Y132.469 E447.937
G1 X134.915 Y102.327 E448.53852
G1 X134.864 Y101.988 E448.54536
G1 X134.712 Y101.523 E448.55512
G1 X134.525 Y101.165 E448.56318
G1 X134.305 Y100.895 E448.57013
G1 X134.108 Y100.698 E448.57569
G1 X133.829 Y100.47 E448.58288
G1 X133.473 Y100.284 E448.5909
G1 X133.143 Y100.158 E448.59795
G1 X132.752 Y100.094 E448.60585
G1 X132.473 Y100.08 E448.61143
G1 X102.528 Y100.08 E449.20901
G1 X102.157 Y100.105 E449.21643
G1 X101.826 Y100.173 E449.22318
G1 X101.469 Y100.316 E449.23085
G1 X101.109 Y100.513 E449.23904
G1 X100.713 Y100.869 E449.24967
G1 X100.42 Y101.272 E449.25961
G1 X100.222 Y101.672 E449.26852
G1 X100.114 Y102.081 E449.27696
G1 X100.08 Y102.508 E449.28551
G1 X100.08 Y132.492 E449.88387
G1 X100.094 Y132.751 E449.88905
G1 X100.158 Y133.145 E449.89701
G1 X100.285 Y133.473 E449.90403
G1 X100.477 Y133.842 E449.91233
G1 X100.689 Y134.1 E449.919
G1 X100.888 Y134.298 E449.9246
G1 X101.159 Y134.52 E449.93159
G1 X101.525 Y134.712 E449.93984
G1 X101.988 Y134.863 E449.94956
G1 X102.244 Y134.902 E449.95472
G1 X102.527 Y134.92 E449.96038
G1 X117.5 Y134.918 E450.25918
G0 F9000 X117.5 Y135.318
;TYPE:WALL-OUTER
G1 F1500 X132.519 Y135.315 E450.55891
G1 X132.795 Y135.3 E450.56442
G1 X133.09 Y135.255 E450.57038
G1 X133.365 Y135.181 E450.57606
G1 X133.637 Y135.077 E450.58187
G1 X133.911 Y134.934 E450.58804
G1 X134.15 Y134.781 E450.5937
G1 X134.377 Y134.595 E450.59956
G1 X134.603 Y134.369 E450.60594
G1 X134.777 Y134.158 E450.61139
G1 X134.934 Y133.911 E450.61723
G1 X135.077 Y133.637 E450.6234
G1 X135.181 Y133.365 E450.62921
G1 X135.255 Y133.09 E450.6349
G1 X135.3 Y132.794 E450.64087
G1 X135.32 Y132.481 E450.64713
G1 X135.316 Y102.494 E451.24555
G1 X135.3 Y102.201 E451.25141
G1 X135.256 Y101.906 E451.25736
G1 X135.181 Y101.631 E451.26305
G1 X135.077 Y101.359 E451.26886
G1 X134.934 Y101.085 E451.27503
G1 X134.777 Y100.842 E451.2808
G1 X134.603 Y100.627 E451.28632
G1 X134.377 Y100.401 E451.2927
G1 X134.15 Y100.215 E451.29856
G1 X133.911 Y100.062 E451.30422
G1 X133.637 Y99.919 E451.31039
G1 X133.367 Y99.815 E451.31616
G1 X133.09 Y99.744 E451.32187
G1 X132.794 Y99.696 E451.32785
G1 X132.483 Y99.68 E451.33407
G1 X102.515 Y99.68 E451.93211
G1 X102.103 Y99.707 E451.94035
G1 X101.71 Y99.789 E451.94836
G1 X101.298 Y99.954 E451.95722
G1 X100.877 Y100.185 E451.9668
G1 X100.414 Y100.599 E451.9792
G1 X100.076 Y101.064 E451.99067
G1 X99.845 Y101.531 E452.00107
G1 X99.718 Y102.014 E452.01103
G1 X99.68 Y102.492 E452.0206
G1 X99.68 Y132.502 E452.61948
G1 X99.696 Y132.794 E452.62532
G1 X99.744 Y133.09 E452.6313
G1 X99.815 Y133.367 E452.63701
G1 X99.919 Y133.637 E452.64278
G1 X100.062 Y133.911 E452.64895
G1 X100.219 Y134.158 E452.65479
G1 X100.393 Y134.369 E452.66025
G1 X100.619 Y134.595 E452.66663
G1 X100.846 Y134.781 E452.67249
G1 X101.089 Y134.934 E452.67822
G1 X101.359 Y135.077 E452.68431
G1 X101.631 Y135.181 E452.69012
G1 X101.906 Y135.255 E452.69581
G1 X102.202 Y135.3 E452.70178
G1 X102.515 Y135.32 E452.70804
G1 X117.5 Y135.318 E453.00708
G1 F2700 E448.00708
G0 F9000 X117.5 Y134.609
G0 X117.5 Y134.319
G0 X117.502 Y133.679
G0 X117.5 Y132.697
G1 F2700 E453.00708
G1 F1500 X102.447 Y132.694 E453.30748
G1 X102.302 Y132.577 E453.3112
G1 X102.3 Y102.484 E453.91174
G1 X102.385 Y102.335 E453.91516
G1 X102.486 Y102.3 E453.9173
G1 X132.533 Y102.302 E454.51692
G1 X132.642 Y102.358 E454.51936
G1 X132.7 Y102.489 E454.52222
G1 X132.694 Y132.553 E455.12218
G1 X132.609 Y132.669 E455.12505
G1 X132.522 Y132.699 E455.12689
G1 X117.5 Y132.697 E455.42667
G0 F9000 X117.5 Y133.41
G0 X117.5 Y134.007
;TYPE:SKIN
G1 F849.9 X102.567 Y134.008 E455.95264
G1 F857.1 X102.217 Y133.989 E455.96488
G1 F864.6 X101.782 Y133.83 E455.98092
G1 F852.3 X101.555 Y133.673 E455.99061
G1 F860.8 X101.272 Y133.392 E456.00448
G1 F865.8 X101.086 Y133.037 E456.01834
G1 F851.1 X100.991 Y132.595 E456.03424
G1 F857.1 X100.993 Y117.49 E456.56175
G1 F864.6 X100.995 Y102.385 E457.08475
G1 F869.6 X101.099 Y101.873 E457.10273
G1 X101.391 Y101.476 E457.1197
G1 F863.3 X101.635 Y101.259 E457.13102
G1 X101.945 Y101.089 E457.14328
G1 F867.1 X102.398 Y100.995 E457.15925
G1 F863.3 X117.521 Y100.992 E457.68362
G1 F857.1 X132.644 Y100.99 E458.21176
G1 F852.3 X133.037 Y101.086 E458.22597
G1 F860.8 X133.345 Y101.252 E458.23814
G1 F869.6 X133.624 Y101.496 E458.2509
G1 F849.9 X133.844 Y101.825 E458.26484
G1 F842.7 X134.006 Y102.279 E458.28196
G1 F857.1 X134.008 Y117.415 E458.81056
G1 F864.6 X134.01 Y132.551 E459.33462
G1 F854.7 X133.961 Y132.814 E459.34399
G1 F847.5 X133.876 Y133.096 E459.3544
G1 F853.5 X133.712 Y133.378 E459.36584
G1 F847.5 X133.394 Y133.724 E459.38244
G1 F834.5 X133.029 Y133.906 E459.39707
G1 F835.7 X132.688 Y134.006 E459.4098
G1 F845.1 X117.5 Y134.007 E459.94779
;MESH:NONMESH
G0 F300 X117.5 Y134.007 Z1.2
G0 F9000 X117.5 Y133.499
;TIME_ELAPSED:1137.750924
;LAYER:9
;TYPE:WALL-INNER
;MESH:robotface-cover.stl
G1 F1500 X102.442 Y133.499 E460.24829
G1 X102.094 Y133.415 E460.25543
G1 X101.876 Y133.283 E460.26052
G1 X101.655 Y133.037 E460.26712
G1 X101.566 Y132.86 E460.27107
G1 X101.505 Y132.61 E460.2762
G1 X101.503 Y102.321 E460.88065
G1 X101.625 Y102.015 E460.88723
G1 X101.74 Y101.849 E460.89126
G1 X101.945 Y101.667 E460.89673
G1 X102.235 Y101.535 E460.90309
G1 X102.432 Y101.502 E460.90707
G1 X132.558 Y101.501 E461.50827
G1 X132.957 Y101.61 E461.51653
G1 X133.208 Y101.791 E461.5227
G1 X133.415 Y102.094 E461.53002
G1 X133.499 Y102.376 E461.5359
G1 X133.5 Y132.558 E462.13821
G1 X133.466 Y132.764 E462.14238
G1 X133.366 Y133.003 E462.14755
G1 X133.158 Y133.276 E462.1544
G1 X132.764 Y133.466 E462.16313
G1 X132.559 Y133.499 E462.16727
G1 X117.5 Y133.499 E462.46779
G0 F9000 X117.5 Y133.096
G1 F1500 X102.437 Y133.097 E462.76839
G1 X102.284 Y133.061 E462.77152
G1 X102.098 Y132.947 E462.77588
G1 X101.993 Y132.822 E462.77913
G1 X101.9 Y132.53 E462.78525
G1 X101.9 Y102.427 E463.38599
G1 X101.948 Y102.263 E463.3894
G1 X102.102 Y102.05 E463.39464
G1 X102.263 Y101.948 E463.39845
G1 X102.459 Y101.901 E463.40247
G1 X132.563 Y101.903 E464.00323
G1 X132.716 Y101.939 E464.00636
G1 X132.925 Y102.075 E464.01134
G1 X133.072 Y102.316 E464.01697
G1 X133.099 Y102.463 E464.01996
G1 X133.1 Y132.535 E464.62007
G1 X133.02 Y132.802 E464.62564
G1 X132.857 Y132.984 E464.63051
G1 X132.595 Y133.094 E464.63618
G1 X117.5 Y133.096 E464.93742
G1 F2700 E459.93742
G0 F9000 X117.5 Y133.41
G0 X117.5 Y133.698
G0 X117.5 Y134.468
G0 X117.5 Y134.668
G1 F2700 E464.93742
G1 F1500 X132.475 Y134.667 E465.23626
G1 X132.873 Y134.643 E465.24422
G1 X133.374 Y134.478 E465.25475
G1 X133.872 Y134.192 E465.26621
G1 X134.248 Y133.776 E465.2774
G1 X134.478 Y133.374 E465.28664
G1 X134.644 Y132.867 E465.29729
G1 X134.668 Y132.446 E465.3057
G1 X134.667 Y102.332 E465.90666
G1 X134.56 Y101.835 E465.9168
G1 X134.322 Y101.305 E465.9284
G1 X133.864 Y100.799 E465.94202
G1 X133.375 Y100.519 E465.95326
G1 X132.868 Y100.352 E465.96391
G1 X132.446 Y100.328 E465.97235
G1 X102.523 Y100.333 E466.5695
G1 X102.215 Y100.354 E466.57566
G1 X101.935 Y100.407 E466.58134
G1 X101.639 Y100.504 E466.58756
G1 X101.235 Y100.728 E466.59678
G1 X100.881 Y101.041 E466.60621
G1 X100.599 Y101.445 E466.61604
G1 X100.455 Y101.783 E466.62337
G1 X100.362 Y102.148 E466.63089
G1 X100.328 Y102.528 E466.6385
G1 X100.333 Y132.658 E467.23978
G1 X100.38 Y132.953 E467.24574
G1 X100.519 Y133.375 E467.25461
G1 X100.748 Y133.776 E467.26382
G1 X101.051 Y134.111 E467.27284
G1 X101.515 Y134.442 E467.28421
G1 X102.126 Y134.644 E467.29705
G1 X102.554 Y134.668 E467.30561
G1 X117.5 Y134.668 E467.60387
G0 F9000 X117.5 Y135.068
G1 F1500 X132.498 Y135.067 E467.90317
G1 X132.771 Y135.05 E467.90863
G1 X133.037 Y135.008 E467.914
G1 X133.285 Y134.941 E467.91913
G1 X133.538 Y134.843 E467.92455
G1 X133.781 Y134.718 E467.93
G1 X134.013 Y134.571 E467.93548
G1 X134.212 Y134.411 E467.94058
G1 X134.409 Y134.21 E467.94619
G1 X134.573 Y134.011 E467.95134
G1 X134.718 Y133.781 E467.95676
G1 X134.843 Y133.538 E467.96222
G1 X134.94 Y133.284 E467.96764
G1 X135.008 Y133.037 E467.97276
G1 X135.05 Y132.771 E467.97813
G1 X135.068 Y132.474 E467.98407
G1 X135.068 Y102.507 E468.58209
G1 X135.051 Y102.223 E468.58777
G1 X135.008 Y101.963 E468.59303
G1 X134.94 Y101.711 E468.59824
G1 X134.843 Y101.458 E468.60364
G1 X134.719 Y101.216 E468.60907
G1 X134.573 Y100.988 E468.61447
G1 X134.409 Y100.786 E468.61967
G1 X134.211 Y100.589 E468.62524
G1 X134.011 Y100.423 E468.63043
G1 X133.781 Y100.278 E468.63585
G1 X133.538 Y100.153 E468.64131
G1 X133.284 Y100.055 E468.64674
G1 X133.037 Y99.988 E468.65185
G1 X132.771 Y99.946 E468.65722
G1 X132.474 Y99.928 E468.66316
G1 X102.529 Y99.932 E469.26074
G1 X102.164 Y99.957 E469.26804
G1 X101.835 Y100.019 E469.27473
G1 X101.478 Y100.136 E469.28222
G1 X101.003 Y100.399 E469.29306
G1 X100.581 Y100.772 E469.3043
G1 X100.247 Y101.25 E469.31593
G1 X100.075 Y101.654 E469.3247
G1 X99.966 Y102.081 E469.33349
G1 X99.928 Y102.511 E469.34211
G1 X99.933 Y132.516 E469.94089
G1 X99.947 Y132.774 E469.94604
G1 X99.988 Y133.037 E469.95136
G1 X100.056 Y133.284 E469.95647
G1 X100.153 Y133.538 E469.96189
G1 X100.278 Y133.781 E469.96735
G1 X100.423 Y134.011 E469.97277
G1 X100.587 Y134.209 E469.9779
G1 X100.783 Y134.409 E469.98349
G1 X100.987 Y134.571 E469.98869
G1 X101.217 Y134.719 E469.99415
G1 X101.458 Y134.843 E469.99956
G1 X101.711 Y134.94 E470.00497
G1 X101.962 Y135.008 E470.01015
G1 X102.229 Y135.05 E470.01555
G1 X102.526 Y135.068 E470.02149
G1 X117.5 Y135.068 E470.32031
G0 F9000 X117.5 Y135.468
;TYPE:WALL-OUTER
G1 F1500 X132.482 Y135.468 E470.61929
G1 X132.814 Y135.448 E470.62593
G1 X133.121 Y135.4 E470.63213
G1 X133.409 Y135.321 E470.63809
G1 X133.702 Y135.209 E470.64435
G1 X133.98 Y135.066 E470.65059
G1 X134.247 Y134.897 E470.65689
G1 X134.481 Y134.707 E470.66291
G1 X134.707 Y134.478 E470.66933
G1 X134.897 Y134.246 E470.67531
G1 X135.066 Y133.98 E470.6816
G1 X135.209 Y133.702 E470.68784
G1 X135.321 Y133.409 E470.6941
G1 X135.4 Y133.121 E470.70006
G1 X135.448 Y132.814 E470.70626
G1 X135.468 Y132.486 E470.71282
G1 X135.468 Y102.495 E471.31132
G1 X135.449 Y102.179 E471.31764
G1 X135.4 Y101.879 E471.32371
G1 X135.321 Y101.587 E471.32974
G1 X135.209 Y101.294 E471.336
G1 X135.066 Y101.016 E471.34224
G1 X134.897 Y100.754 E471.34846
G1 X134.707 Y100.518 E471.35451
G1 X134.481 Y100.293 E471.36087
G1 X134.246 Y100.099 E471.36695
G1 X133.98 Y99.93 E471.37324
G1 X133.702 Y99.787 E471.37948
G1 X133.409 Y99.675 E471.38574
G1 X133.121 Y99.596 E471.3917
G1 X132.814 Y99.548 E471.3979
G1 X132.486 Y99.528 E471.40446
G1 X102.515 Y99.532 E472.00256
G1 X102.114 Y99.559 E472.01058
G1 X101.735 Y99.631 E472.01828
G1 X101.317 Y99.768 E472.02706
G1 X100.887 Y100.006 E472.03687
G1 X100.677 Y100.154 E472.042
G1 X100.412 Y100.388 E472.04905
G1 X100.22 Y100.591 E472.05463
G1 X99.896 Y101.054 E472.0659
G1 X99.695 Y101.525 E472.07612
G1 X99.57 Y102.014 E472.0862
G1 X99.528 Y102.493 E472.09579
G1 X99.533 Y132.536 E472.69533
G1 X99.548 Y132.815 E472.70091
G1 X99.596 Y133.121 E472.70709
G1 X99.675 Y133.409 E472.71305
G1 X99.787 Y133.702 E472.71931
G1 X99.93 Y133.98 E472.72555
G1 X100.099 Y134.246 E472.73184
G1 X100.289 Y134.477 E472.73781
G1 X100.515 Y134.707 E472.74424
G1 X100.753 Y134.897 E472.75032
G1 X101.017 Y135.066 E472.75657
G1 X101.294 Y135.209 E472.76279
G1 X101.587 Y135.321 E472.76905
G1 X101.878 Y135.4 E472.77507
G1 X102.186 Y135.448 E472.78129
G1 X102.514 Y135.468 E472.78785
G1 X117.5 Y135.468 E473.08691
G1 F2700 E468.08691
G0 F9000 X117.5 Y134.758
G0 X117.5 Y134.468
G0 X117.5 Y133.698
G0 X117.5 Y132.699
G1 F2700 E473.08691
G1 F1500 X102.468 Y132.698 E473.38689
G1 X102.302 Y132.585 E473.3909
G1 X102.3 Y102.482 E473.99164
G1 X102.354 Y102.362 E473.99426
G1 X102.486 Y102.3 E473.99717
G1 X132.532 Y102.302 E474.59677
G1 X132.669 Y102.391 E474.60003
G1 X132.7 Y102.5 E474.6023
G1 X132.698 Y132.572 E475.20241
G1 X132.576 Y132.7 E475.20594
G1 X117.5 Y132.699 E475.5068
G1 F2700 E470.5068
G0 F9000 X117.5 Y133.41
G0 X117.5 Y133.698
G0 X117.5 Y134.468
G0 X117.5 Y134.295
;TYPE:SKIN
G1 F2700 E475.5068
G1 F1415.1 X102.572 Y134.296 E475.82258
G1 X102.188 Y134.273 E475.83072
G1 X101.776 Y134.138 E475.83989
G1 F1408.5 X101.36 Y133.892 E475.85016
G1 X101.049 Y133.554 E475.85992
G1 F1415.1 X100.859 Y133.225 E475.86796
G1 F1401.9 X100.744 Y132.867 E475.87599
G1 X100.705 Y132.491 E475.88406
G1 F1408.5 X100.702 Y102.53 E476.52083
G1 X100.73 Y102.216 E476.52753
G1 F1418.4 X100.809 Y101.9 E476.5344
G1 F1411.8 X100.929 Y101.625 E476.54076
G1 F1401.9 X101.127 Y101.34 E476.54817
G1 F1398.6 X101.441 Y101.043 E476.55742
G1 F1401.9 X101.79 Y100.844 E476.566
G1 F1415.1 X102.152 Y100.731 E476.57402
G1 X102.545 Y100.704 E476.58236
G1 F1408.5 X132.426 Y100.702 E477.21742
G1 F1398.6 X132.803 Y100.722 E477.22551
G1 F1408.5 X133.221 Y100.858 E477.23485
G1 F1421.8 X133.555 Y101.048 E477.24294
G1 F1415.1 X133.9 Y101.367 E477.25288
G1 X134.134 Y101.772 E477.26277
G1 F1421.8 X134.253 Y102.122 E477.27055
G1 F1418.4 X134.291 Y102.477 E477.27809
G1 F1415.1 X134.296 Y132.424 E477.91157
G1 F1405.2 X134.271 Y132.803 E477.91966
G1 F1408.5 X134.134 Y133.226 E477.92911
G1 F1415.1 X133.946 Y133.553 E477.93709
G1 F1405.2 X133.633 Y133.895 E477.94697
G1 F1408.5 X133.224 Y134.133 E477.95702
G1 F1411.8 X132.867 Y134.251 E477.965
G1 X132.463 Y134.294 E477.97361
G1 X117.5 Y134.295 E478.29088
G0 F9000 X117.5 Y133.867
G1 F1428.6 X132.56 Y133.866 E478.60644
G1 F1432 X132.87 Y133.815 E478.61301
G1 F1442.3 X133.189 Y133.68 E478.6202
G1 F1438.8 X133.427 Y133.506 E478.62633
G1 F1432 X133.663 Y133.217 E478.63413
G1 F1435.4 X133.782 Y132.978 E478.6397
G1 F1442.3 X133.87 Y132.627 E478.64721
G1 X133.862 Y102.276 E479.27713
G1 X133.727 Y101.886 E479.28569
G1 F1421.8 X133.57 Y101.638 E479.29187
G1 F1415.1 X133.305 Y101.389 E479.29956
G1 F1421.8 X133.05 Y101.243 E479.30575
G1 F1415.1 X132.676 Y101.137 E479.31397
G1 F1408.5 X102.365 Y101.128 E479.95818
G1 X101.974 Y101.229 E479.96676
G1 F1415.1 X101.611 Y101.444 E479.97569
G1 F1421.8 X101.349 Y101.741 E479.98402
G1 F1425.2 X101.2 Y102.06 E479.99142
G1 X101.134 Y102.381 E479.9983
G1 X101.128 Y132.561 E480.6322
G1 X101.227 Y133.009 E480.64183
G1 X101.356 Y133.257 E480.6477
G1 F1415.1 X101.609 Y133.544 E480.6558
G1 F1408.5 X101.971 Y133.762 E480.66478
G1 F1421.8 X102.321 Y133.869 E480.67248
G1 F1428.6 X117.5 Y133.867 E480.99054
;MESH:NONMESH
G0 F300 X117.5 Y133.867 Z1.32
G0 F9000 X117.5 Y133.499
;TIME_ELAPSED:1181.930187
;LAYER:10
;TYPE:WALL-INNER
;MESH:robotface-cover.stl
G1 F1500 X102.437 Y133.499 E481.29114
G1 X102.191 Y133.452 E481.29614
G1 X101.997 Y133.365 E481.30038
G1 X101.792 Y133.208 E481.30554
G1 X101.656 Y133.038 E481.30988
G1 X101.501 Y132.66 E481.31803
G1 X101.503 Y102.321 E481.92348
G1 X101.646 Y101.979 E481.93088
G1 X101.93 Y101.678 E481.93914
G1 X102.191 Y101.548 E481.94495
G1 X102.431 Y101.502 E481.94983
G1 X132.563 Y101.501 E482.55115
G1 X132.854 Y101.562 E482.55708
G1 X133.05 Y101.663 E482.56148
G1 X133.31 Y101.912 E482.56867
G1 X133.417 Y102.099 E482.57297
G1 X133.499 Y102.442 E482.58
G1 X133.5 Y132.563 E483.1811
G1 X133.433 Y132.864 E483.18725
G1 X133.202 Y133.215 E483.19564
G1 X132.86 Y133.435 E483.20375
G1 X132.556 Y133.499 E483.20995
G1 X117.5 Y133.499 E483.51041
G0 F9000 X117.5 Y133.095
G1 F1500 X102.43 Y133.097 E483.81115
G1 X102.17 Y133.002 E483.81668
G1 X102.011 Y132.85 E483.82107
G1 X101.903 Y132.568 E483.82709
G1 X101.9 Y102.396 E484.42921
G1 X101.987 Y102.187 E484.43372
G1 X102.111 Y102.042 E484.43753
G1 X102.315 Y101.929 E484.44219
G1 X102.458 Y101.901 E484.44509
G1 X132.569 Y101.903 E485.04599
G1 X132.774 Y101.965 E485.05026
G1 X133.009 Y102.18 E485.05662
G1 X133.099 Y102.387 E485.06113
G1 X133.1 Y132.538 E485.66282
G1 X133.033 Y132.777 E485.66777
G1 X132.922 Y132.929 E485.67153
G1 X132.598 Y133.093 E485.67878
G1 X117.5 Y133.095 E485.98007
G1 F2700 E480.98007
G0 F9000 X117.5 Y133.41
G0 X117.5 Y133.699
G0 X117.5 Y134.616
G0 X117.5 Y134.816
G1 F2700 E485.98007
G1 F1500 X132.477 Y134.815 E486.27896
G1 X132.742 Y134.8 E486.28425
G1 X133.215 Y134.701 E486.2939
G1 X133.525 Y134.583 E486.30052
G1 X133.849 Y134.376 E486.30819
G1 X134.145 Y134.138 E486.31577
G1 X134.363 Y133.866 E486.32273
G1 X134.577 Y133.535 E486.33059
G1 X134.702 Y133.211 E486.33752
G1 X134.796 Y132.757 E486.34677
G1 X134.816 Y132.456 E486.35279
G1 X134.815 Y102.315 E486.95429
G1 X134.698 Y101.777 E486.96528
G1 X134.585 Y101.479 E486.97164
G1 X134.376 Y101.146 E486.97948
G1 X134.142 Y100.854 E486.98695
G1 X133.873 Y100.637 E486.99385
G1 X133.655 Y100.494 E486.99905
G1 X133.211 Y100.297 E487.00874
G1 X132.761 Y100.2 E487.01793
G1 X132.436 Y100.181 E487.02443
G1 X102.521 Y100.185 E487.62141
G1 X102.224 Y100.206 E487.62736
G1 X101.944 Y100.257 E487.63303
G1 X101.651 Y100.352 E487.63918
G1 X101.381 Y100.471 E487.64507
G1 X100.997 Y100.738 E487.6544
G1 X100.649 Y101.11 E487.66457
G1 X100.463 Y101.413 E487.67166
G1 X100.303 Y101.784 E487.67973
G1 X100.213 Y102.145 E487.68715
G1 X100.18 Y102.528 E487.69482
G1 X100.185 Y132.489 E488.29273
G1 X100.21 Y132.895 E488.30084
G1 X100.296 Y133.207 E488.3073
G1 X100.481 Y133.632 E488.31655
G1 X100.618 Y133.847 E488.32164
G1 X100.782 Y134.05 E488.32685
G1 X101.126 Y134.361 E488.3361
G1 X101.339 Y134.5 E488.34118
G1 X101.696 Y134.683 E488.34918
G1 X102.236 Y134.797 E488.3602
G1 X102.54 Y134.816 E488.36628
G1 X117.5 Y134.816 E488.66482
G0 F9000 X117.5 Y135.216
G1 F1500 X132.471 Y135.216 E488.96358
G1 X132.786 Y135.198 E488.96988
G1 X133.068 Y135.152 E488.97558
G1 X133.337 Y135.083 E488.98112
G1 X133.586 Y134.987 E488.98645
G1 X133.83 Y134.862 E488.99192
G1 X134.082 Y134.702 E488.99788
G1 X134.32 Y134.511 E489.00397
G1 X134.502 Y134.332 E489.00906
G1 X134.688 Y134.1 E489.01499
G1 X134.852 Y133.846 E489.02103
G1 X134.98 Y133.599 E489.02658
G1 X135.083 Y133.334 E489.03225
G1 X135.151 Y133.073 E489.03764
G1 X135.194 Y132.801 E489.04313
G1 X135.216 Y132.469 E489.04977
G1 X135.216 Y102.506 E489.64772
G1 X135.199 Y102.207 E489.65369
G1 X135.152 Y101.931 E489.65928
G1 X135.079 Y101.655 E489.66498
G1 X134.986 Y101.408 E489.67024
G1 X134.866 Y101.174 E489.67549
G1 X134.702 Y100.913 E489.68164
G1 X134.511 Y100.676 E489.68772
G1 X134.332 Y100.493 E489.69283
G1 X134.109 Y100.314 E489.69853
G1 X133.857 Y100.148 E489.70455
G1 X133.604 Y100.018 E489.71023
G1 X133.334 Y99.916 E489.71599
G1 X133.069 Y99.844 E489.72147
G1 X132.805 Y99.802 E489.72681
G1 X132.469 Y99.781 E489.73352
G1 X102.529 Y99.784 E490.33101
G1 X102.174 Y99.809 E490.33811
G1 X101.847 Y99.868 E490.34474
G1 X101.507 Y99.978 E490.35187
G1 X101.184 Y100.121 E490.35892
G1 X100.734 Y100.433 E490.36985
G1 X100.329 Y100.866 E490.38168
G1 X100.107 Y101.229 E490.39017
G1 X99.923 Y101.656 E490.39945
G1 X99.818 Y102.079 E490.40815
G1 X99.78 Y102.511 E490.4168
G1 X99.784 Y132.482 E491.01491
G1 X99.802 Y132.791 E491.02108
G1 X99.841 Y133.061 E491.02653
G1 X99.916 Y133.332 E491.03214
G1 X100.015 Y133.591 E491.03767
G1 X100.132 Y133.829 E491.04297
G1 X100.293 Y134.081 E491.04893
G1 X100.484 Y134.318 E491.05501
G1 X100.668 Y134.502 E491.0602
G1 X100.888 Y134.684 E491.0659
G1 X101.138 Y134.847 E491.07185
G1 X101.399 Y134.98 E491.0777
G1 X101.662 Y135.083 E491.08334
G1 X101.927 Y135.151 E491.0888
G1 X102.192 Y135.195 E491.09416
G1 X102.527 Y135.216 E491.10086
G1 X117.5 Y135.216 E491.39966
G0 F9000 X117.5 Y135.616
;TYPE:WALL-OUTER
G1 F1500 X132.482 Y135.616 E491.69864
G1 X132.83 Y135.596 E491.7056
G1 X133.15 Y135.544 E491.71207
G1 X133.459 Y135.465 E491.71843
G1 X133.75 Y135.353 E491.72465
G1 X134.028 Y135.21 E491.73089
G1 X134.315 Y135.028 E491.73767
G1 X134.586 Y134.81 E491.74461
G1 X134.799 Y134.601 E491.75057
G1 X135.013 Y134.334 E491.7574
G1 X135.198 Y134.047 E491.76421
G1 X135.345 Y133.765 E491.77056
G1 X135.465 Y133.458 E491.77714
G1 X135.543 Y133.155 E491.78338
G1 X135.592 Y132.845 E491.78964
G1 X135.616 Y132.481 E491.79692
G1 X135.616 Y102.494 E492.39535
G1 X135.597 Y102.163 E492.40196
G1 X135.544 Y101.847 E492.40836
G1 X135.461 Y101.533 E492.41484
G1 X135.352 Y101.246 E492.42096
G1 X135.214 Y100.976 E492.42702
G1 X135.028 Y100.681 E492.43398
G1 X134.81 Y100.41 E492.44092
G1 X134.601 Y100.197 E492.44687
G1 X134.345 Y99.99 E492.45344
G1 X134.059 Y99.802 E492.46027
G1 X133.766 Y99.652 E492.46684
G1 X133.458 Y99.535 E492.47341
G1 X133.153 Y99.452 E492.47972
G1 X132.849 Y99.404 E492.48586
G1 X132.481 Y99.381 E492.49322
G1 X102.515 Y99.384 E493.09123
G1 X102.125 Y99.411 E493.09903
G1 X101.749 Y99.479 E493.10665
G1 X101.364 Y99.604 E493.11473
G1 X100.987 Y99.771 E493.12296
G1 X100.472 Y100.129 E493.13548
G1 X100.009 Y100.622 E493.14897
G1 X99.751 Y101.045 E493.15886
G1 X99.543 Y101.528 E493.16936
G1 X99.422 Y102.013 E493.17933
G1 X99.38 Y102.493 E493.18895
G1 X99.384 Y132.494 E493.78765
G1 X99.404 Y132.831 E493.79439
G1 X99.449 Y133.143 E493.80068
G1 X99.535 Y133.457 E493.80717
G1 X99.648 Y133.751 E493.81346
G1 X99.783 Y134.025 E493.81955
G1 X99.967 Y134.315 E493.82641
G1 X100.186 Y134.586 E493.83336
G1 X100.399 Y134.799 E493.83937
G1 X100.651 Y135.006 E493.84588
G1 X100.937 Y135.194 E493.85271
G1 X101.235 Y135.345 E493.85938
G1 X101.538 Y135.465 E493.86588
G1 X101.845 Y135.543 E493.8722
G1 X102.147 Y135.593 E493.87831
G1 X102.515 Y135.616 E493.88567
G1 X117.5 Y135.616 E494.18471
G1 F2700 E489.18471
G0 F9000 X117.5 Y134.906
G0 X117.5 Y134.616
G0 X117.5 Y133.699
G0 X117.5 Y132.699
G1 F2700 E494.18471
G1 F1500 X102.467 Y132.698 E494.48471
G1 X102.3 Y132.566 E494.48896
G1 X102.305 Y102.451 E495.08994
G1 X102.37 Y102.347 E495.09238
G1 X102.454 Y102.3 E495.09431
G1 X132.577 Y102.302 E495.69544
G1 X132.694 Y102.448 E495.69918
G1 X132.696 Y132.544 E496.29977
G1 X132.607 Y132.67 E496.30285
G1 X132.5 Y132.7 E496.30507
G1 X117.5 Y132.699 E496.60441
G1 F2700 E491.60441
G0 F9000 X117.5 Y133.41
G0 X117.5 Y133.699
G0 X117.5 Y134.616
G0 X117.5 Y134.405
;TYPE:SKIN
G1 F2700 E496.60441
G1 F1207.2 X102.568 Y134.407 E496.97466
G1 F1209.7 X102.282 Y134.391 E496.98175
G1 F1207.2 X101.82 Y134.287 E496.99349
G1 F1200 X101.364 Y134.025 E497.00661
G1 F1195.2 X101.089 Y133.775 E497.01591
G1 X100.835 Y133.424 E497.02677
G1 X100.686 Y133.076 E497.03625
G1 F1185.8 X100.62 Y132.83 E497.04268
G1 F1192.8 X100.593 Y132.467 E497.05181
G1 F1202.4 X100.59 Y102.53 E497.7971
G1 F1200 X100.616 Y102.213 E497.80503
G1 F1204.8 X100.689 Y101.913 E497.8127
G1 F1209.7 X100.825 Y101.6 E497.82115
G1 F1207.2 X100.971 Y101.364 E497.82803
G1 F1200 X101.274 Y101.043 E497.83904
G1 F1204.8 X101.632 Y100.789 E497.84995
G1 F1217 X102.135 Y100.62 E497.863
G1 F1209.7 X102.545 Y100.594 E497.87316
G1 F1200 X132.411 Y100.59 E498.61817
G1 F1195.2 X132.825 Y100.614 E498.62856
G1 X133.365 Y100.79 E498.64278
G1 F1204.8 X133.788 Y101.093 E498.65571
G1 F1207.2 X134.044 Y101.385 E498.66534
G1 F1200 X134.299 Y101.844 E498.67844
G1 F1197.6 X134.402 Y102.351 E498.69137
G1 F1202.4 X134.407 Y132.408 E499.43965
G1 F1207.2 X134.391 Y132.751 E499.44816
G1 F1200 X134.286 Y133.18 E499.45918
G1 F1207.2 X134.132 Y133.453 E499.46695
G1 F1202.4 X133.965 Y133.721 E499.47481
G1 F1204.8 X133.772 Y133.905 E499.48144
G1 F1202.4 X133.528 Y134.107 E499.48932
G1 F1192.8 X133.091 Y134.31 E499.50141
G1 F1209.7 X132.646 Y134.403 E499.51266
G1 X117.5 Y134.405 E499.88746
G0 F9000 X117.5 Y133.904
G1 F1217 X132.65 Y133.903 E500.26009
G1 F1214.6 X132.979 Y133.824 E500.26843
G1 F1195.2 X133.254 Y133.674 E500.27627
G1 F1197.6 X133.515 Y133.476 E500.28446
G1 F1224.5 X133.782 Y133.099 E500.29575
G1 F1232 X133.904 Y132.7 E500.30589
G1 F1229.5 X133.904 Y122.602 E500.55174
G1 F1217 X133.905 Y112.504 E500.80011
G1 F1204.8 X133.905 Y102.406 E501.051
G1 X133.848 Y102.103 E501.05866
G1 F1214.6 X133.694 Y101.745 E501.06826
G1 F1212.1 X133.45 Y101.459 E501.07755
G1 F1204.8 X133.139 Y101.239 E501.08701
G1 F1207.2 X132.842 Y101.131 E501.09485
G1 F1209.7 X132.581 Y101.092 E501.10138
G1 F1204.8 X102.561 Y101.091 E501.84723
G1 F1209.7 X102.243 Y101.101 E501.85511
G1 F1214.6 X101.818 Y101.263 E501.86632
G1 F1212.1 X101.499 Y101.502 E501.87616
G1 F1217 X101.298 Y101.766 E501.88432
G1 F1219.5 X101.136 Y102.131 E501.89412
G1 F1212.1 X101.092 Y102.476 E501.90271
G1 F1209.7 X101.093 Y132.634 E502.64899
G1 F1217 X101.21 Y133.062 E502.6599
G1 X101.357 Y133.328 E502.66738
G1 F1209.7 X101.692 Y133.649 E502.67886
G1 F1200 X102.022 Y133.826 E502.6882
G1 F1209.7 X102.376 Y133.906 E502.69718
G1 F1219.5 X117.5 Y133.904 E503.06841
;MESH:NONMESH
G0 F300 X117.5 Y133.904 Z1.44
G0 F9000 X117.5 Y133.499
;TIME_ELAPSED:1228.194819
;LAYER:11
;TYPE:WALL-INNER
;MESH:robotface-cover.stl
G1 F1500 X102.447 Y133.499 E503.36881
G1 X102.112 Y133.438 E503.37561
G1 X101.834 Y133.247 E503.38234
G1 X101.586 Y132.907 E503.39074
G1 X101.501 Y132.556 E503.39794
G1 X101.502 Y102.426 E503.99922
G1 X101.546 Y102.198 E504.00385
G1 X101.709 Y101.887 E504.01086
G1 X101.922 Y101.683 E504.01675
G1 X102.203 Y101.544 E504.023
G1 X102.381 Y101.506 E504.02664
G1 X132.553 Y101.501 E504.62875
G1 X132.765 Y101.534 E504.63303
G1 X133.136 Y101.727 E504.64138
G1 X133.365 Y101.996 E504.64843
G1 X133.465 Y102.235 E504.6536
G1 X133.5 Y102.445 E504.65785
G1 X133.499 Y132.553 E505.25868
G1 X133.438 Y132.853 E505.26479
G1 X133.34 Y133.045 E505.2691
G1 X133.165 Y133.248 E505.27444
G1 X132.907 Y133.414 E505.28057
G1 X132.554 Y133.499 E505.28781
G1 X117.5 Y133.499 E505.58823
G0 F9000 X117.5 Y133.1
G1 F1500 X102.468 Y133.1 E505.88821
G1 X102.226 Y133.035 E505.89321
G1 X101.98 Y132.801 E505.89999
G1 X101.903 Y132.564 E505.90496
G1 X101.901 Y102.455 E506.50582
G1 X102.025 Y102.132 E506.51272
G1 X102.199 Y101.98 E506.51733
G1 X102.399 Y101.901 E506.52162
G1 X132.532 Y101.9 E507.12296
G1 X132.774 Y101.965 E507.12796
G1 X132.986 Y102.146 E507.13352
G1 X133.1 Y102.467 E507.14032
G1 X133.094 Y132.594 E507.74154
G1 X132.968 Y132.878 E507.74774
G1 X132.827 Y133.004 E507.75151
G1 X132.533 Y133.1 E507.75768
G1 X117.5 Y133.1 E508.05768
G0 F9000 X117.5 Y133.41
G0 X117.5 Y134.939
G1 F1500 X132.479 Y134.939 E508.35661
G1 X132.759 Y134.924 E508.3622
G1 X133.128 Y134.865 E508.36966
G1 X133.49 Y134.728 E508.37738
G1 X133.722 Y134.609 E508.38259
G1 X134.122 Y134.319 E508.39245
G1 X134.319 Y134.122 E508.39801
G1 X134.609 Y133.722 E508.40787
G1 X134.728 Y133.49 E508.41307
G1 X134.866 Y133.119 E508.42097
G1 X134.924 Y132.759 E508.42825
G1 X134.94 Y132.461 E508.4342
G1 X134.939 Y102.508 E509.03195
G1 X134.924 Y102.234 E509.03742
G1 X134.82 Y101.749 E509.04732
G1 X134.728 Y101.506 E509.05251
G1 X134.609 Y101.274 E509.05771
G1 X134.321 Y100.878 E509.06748
G1 X134.121 Y100.68 E509.0731
G1 X133.835 Y100.445 E509.08048
G1 X133.49 Y100.269 E509.08821
G1 X133.124 Y100.13 E509.09603
G1 X132.759 Y100.072 E509.1034
G1 X132.461 Y100.056 E509.10936
G1 X102.539 Y100.056 E509.70648
G1 X102.22 Y100.076 E509.71286
G1 X101.955 Y100.117 E509.71821
G1 X101.68 Y100.202 E509.72396
G1 X101.28 Y100.379 E509.73269
G1 X101.024 Y100.56 E509.73894
G1 X100.826 Y100.723 E509.74406
G1 X100.561 Y101.006 E509.7518
G1 X100.312 Y101.413 E509.76132
G1 X100.166 Y101.761 E509.76885
G1 X100.088 Y102.113 E509.77604
G1 X100.056 Y102.549 E509.78477
G1 X100.057 Y132.491 E510.38229
G1 X100.072 Y132.758 E510.38763
G1 X100.13 Y133.124 E510.39503
G1 X100.269 Y133.49 E510.40284
G1 X100.387 Y133.723 E510.40805
G1 X100.677 Y134.122 E510.41789
G1 X100.962 Y134.407 E510.42594
G1 X101.274 Y134.609 E510.43335
G1 X101.506 Y134.727 E510.43855
G1 X101.748 Y134.818 E510.44371
G1 X101.991 Y134.884 E510.44873
G1 X102.238 Y134.924 E510.45373
G1 X102.535 Y134.94 E510.45966
G1 X117.5 Y134.939 E510.75831
G0 F9000 X117.5 Y135.34
G1 F1500 X132.471 Y135.34 E511.05707
G1 X132.801 Y135.322 E511.06366
G1 X133.093 Y135.276 E511.06956
G1 X133.37 Y135.2 E511.07529
G1 X133.652 Y135.094 E511.08131
G1 X133.923 Y134.955 E511.08738
G1 X134.167 Y134.797 E511.09319
G1 X134.39 Y134.617 E511.0989
G1 X134.617 Y134.39 E511.10531
G1 X134.797 Y134.166 E511.11105
G1 X134.955 Y133.923 E511.11683
G1 X135.094 Y133.652 E511.12291
G1 X135.2 Y133.37 E511.12892
G1 X135.276 Y133.093 E511.13465
G1 X135.322 Y132.801 E511.14055
G1 X135.34 Y132.471 E511.14715
G1 X135.34 Y102.517 E511.74491
G1 X135.322 Y102.192 E511.75141
G1 X135.276 Y101.903 E511.75725
G1 X135.2 Y101.626 E511.76298
G1 X135.094 Y101.344 E511.76899
G1 X134.955 Y101.073 E511.77507
G1 X134.797 Y100.829 E511.78087
G1 X134.618 Y100.608 E511.78654
G1 X134.389 Y100.383 E511.79295
G1 X134.164 Y100.197 E511.79878
G1 X133.923 Y100.041 E511.80451
G1 X133.652 Y99.902 E511.81058
G1 X133.37 Y99.796 E511.8166
G1 X133.093 Y99.72 E511.82233
G1 X132.801 Y99.674 E511.82823
G1 X132.471 Y99.656 E511.83482
G1 X102.527 Y99.656 E512.43239
G1 X102.177 Y99.678 E512.43939
G1 X101.864 Y99.726 E512.44571
G1 X101.539 Y99.827 E512.4525
G1 X101.082 Y100.029 E512.46247
G1 X100.816 Y100.216 E512.46896
G1 X100.552 Y100.431 E512.47575
G1 X100.241 Y100.762 E512.48482
G1 X99.956 Y101.231 E512.49577
G1 X99.783 Y101.639 E512.50461
G1 X99.692 Y102.055 E512.51311
G1 X99.656 Y102.534 E512.52269
G1 X99.656 Y132.483 E513.12036
G1 X99.674 Y132.8 E513.1267
G1 X99.72 Y133.093 E513.13261
G1 X99.796 Y133.37 E513.13835
G1 X99.902 Y133.652 E513.14436
G1 X100.04 Y133.923 E513.15043
G1 X100.199 Y134.166 E513.15622
G1 X100.379 Y134.39 E513.16196
G1 X100.606 Y134.617 E513.16836
G1 X100.829 Y134.797 E513.17408
G1 X101.073 Y134.956 E513.17989
G1 X101.344 Y135.094 E513.18596
G1 X101.625 Y135.199 E513.19195
G1 X101.907 Y135.276 E513.19778
G1 X102.196 Y135.322 E513.20362
G1 X102.525 Y135.34 E513.2102
G1 X117.5 Y135.34 E513.50904
G0 F9000 X117.5 Y135.74
;TYPE:WALL-OUTER
G1 F1500 X132.482 Y135.74 E513.80802
G1 X132.843 Y135.72 E513.81524
G1 X133.177 Y135.668 E513.82198
G1 X133.494 Y135.581 E513.82854
G1 X133.814 Y135.46 E513.83537
G1 X134.123 Y135.302 E513.8423
G1 X134.402 Y135.121 E513.84893
G1 X134.658 Y134.915 E513.85549
G1 X134.915 Y134.658 E513.86274
G1 X135.121 Y134.402 E513.8693
G1 X135.302 Y134.123 E513.87594
G1 X135.46 Y133.814 E513.88286
G1 X135.581 Y133.494 E513.88969
G1 X135.668 Y133.177 E513.89625
G1 X135.72 Y132.843 E513.903
G1 X135.74 Y132.482 E513.91021
G1 X135.74 Y102.506 E514.50842
G1 X135.72 Y102.15 E514.51553
G1 X135.668 Y101.819 E514.52222
G1 X135.581 Y101.502 E514.52878
G1 X135.46 Y101.182 E514.53561
G1 X135.302 Y100.873 E514.54253
G1 X135.121 Y100.594 E514.54917
G1 X134.915 Y100.339 E514.55571
G1 X134.657 Y100.085 E514.56293
G1 X134.401 Y99.874 E514.56955
G1 X134.123 Y99.694 E514.57616
G1 X133.814 Y99.536 E514.58309
G1 X133.494 Y99.415 E514.58992
G1 X133.177 Y99.328 E514.59648
G1 X132.843 Y99.276 E514.60322
G1 X132.482 Y99.256 E514.61044
G1 X102.515 Y99.256 E515.20846
G1 X102.134 Y99.28 E515.21608
G1 X101.774 Y99.336 E515.22335
G1 X101.399 Y99.452 E515.23118
G1 X100.884 Y99.679 E515.24242
G1 X100.538 Y99.924 E515.25088
G1 X100.278 Y100.139 E515.25761
G1 X99.921 Y100.518 E515.268
G1 X99.599 Y101.048 E515.28038
G1 X99.4 Y101.517 E515.29054
G1 X99.295 Y101.997 E515.30035
G1 X99.256 Y102.52 E515.31081
G1 X99.256 Y132.494 E515.90898
G1 X99.276 Y132.842 E515.91593
G1 X99.328 Y133.177 E515.9227
G1 X99.415 Y133.494 E515.92926
G1 X99.536 Y133.814 E515.93609
G1 X99.694 Y134.123 E515.94301
G1 X99.875 Y134.402 E515.94965
G1 X100.081 Y134.658 E515.95621
G1 X100.338 Y134.915 E515.96346
G1 X100.594 Y135.121 E515.97002
G1 X100.873 Y135.302 E515.97665
G1 X101.182 Y135.46 E515.98358
G1 X101.502 Y135.581 E515.99041
G1 X101.823 Y135.668 E515.99704
G1 X102.154 Y135.72 E516.00373
G1 X102.514 Y135.74 E516.01092
G1 X117.5 Y135.74 E516.30999
G1 F2700 E511.30999
G0 F9000 X117.5 Y135.032
G0 X117.5 Y133.41
G0 X117.5 Y132.699
G1 F2700 E516.30999
G1 F1500 X102.428 Y132.698 E516.61076
G1 X102.3 Y132.576 E516.61429
G1 X102.302 Y102.466 E517.21517
G1 X102.417 Y102.3 E517.2192
G1 X132.532 Y102.302 E517.82018
G1 X132.628 Y102.345 E517.82228
G1 X132.699 Y102.45 E517.82481
G1 X132.7 Y132.568 E518.42584
G1 X132.618 Y132.662 E518.42833
G1 X132.511 Y132.7 E518.4306
G1 X117.5 Y132.699 E518.73016
G0 F9000 X117.5 Y133.41
G0 X118.048 Y133.579
;TYPE:FILL
G1 F3000 X119.328 Y134.859 E518.76628
G0 F9000 X118.006 Y134.86
G1 F3000 X118.349 Y133.579 E518.79275
G0 F9000 X124.217 Y134.86
G1 F3000 X124.561 Y133.578 E518.81924
G0 F9000 X126.533 Y133.579
G1 F3000 X127.813 Y134.859 E518.85536
G0 F9000 X126.191 Y134.86
G1 F3000 X130.972 Y133.578 E518.95414
G0 F9000 X130.772 Y133.578
G1 F3000 X130.429 Y134.86 E518.98063
G0 F9000 X131.498 Y133.677
G0 X133.233 Y133.402
G0 X133.446 Y133.191
G0 X133.66 Y132.636
G0 X133.705 Y127.969
G0 X133.799 Y126.669
G0 X133.58 Y126.668
G1 F3000 X134.86 Y126.325 E519.00707
G0 F9000 X134.86 Y124.935
G1 F3000 X133.579 Y123.654 E519.04322
G0 F9000 X133.58 Y123.102
G1 F3000 X134.86 Y118.324 E519.14194
G0 F9000 X134.859 Y120.114
G1 F3000 X133.58 Y120.456 E519.16836
G0 F9000 X133.799 Y120.457
G0 X134.86 Y116.45
G1 F3000 X133.58 Y115.169 E519.2045
G0 F9000 X133.58 Y114.245
G1 F3000 X134.859 Y113.902 E519.23092
G0 F9000 X134.86 Y107.965
G1 F3000 X133.58 Y106.684 E519.26706
G0 F9000 X133.799 Y106.685
G0 X133.799 Y108.034
G0 X133.581 Y108.033
G1 F3000 X134.859 Y107.691 E519.29346
G0 F9000 X133.716 Y105.794
G0 X133.661 Y102.331
G0 X133.439 Y101.815
G0 X133.211 Y101.564
G0 X131.44 Y101.306
G0 X131.553 Y100.227
G0 X132.887 Y100.241
G0 X133.515 Y100.445
G0 X133.918 Y100.705
G0 X134.294 Y101.076
G0 X134.581 Y101.571
G0 X134.755 Y102.105
G0 X134.768 Y103.413
G0 X133.69 Y103.529
G0 X133.338 Y101.662
G0 X128.316 Y101.42
G1 F3000 X127.032 Y100.136 E519.3297
G0 F9000 X127.31 Y100.135
G1 F3000 X126.965 Y101.422 E519.35629
G0 F9000 X121.098 Y100.136
G1 F3000 X120.754 Y101.422 E519.38285
G0 F9000 X119.831 Y101.421
G1 F3000 X118.546 Y100.136 E519.41912
G0 F9000 X116.686 Y100.136
G1 F3000 X111.889 Y101.422 E519.51823
G0 F9000 X111.347 Y101.422
G1 F3000 X110.062 Y100.137 E519.55449
G0 F9000 X108.675 Y100.136
G1 F3000 X108.33 Y101.422 E519.58107
G0 F9000 X114.542 Y101.422
G1 F3000 X114.887 Y100.136 E519.60764
G0 F9000 X101.662 Y101.662
G0 X101.423 Y104.019
G1 F3000 X100.136 Y108.82 E519.70683
G0 F9000 X100.246 Y106.535
G0 X100.282 Y103.573
G0 X101.329 Y103.673
G0 X101.507 Y101.899
G0 X101.76 Y101.605
G0 X103.721 Y101.329
G0 X103.632 Y100.228
G0 X102.081 Y100.246
G0 X101.36 Y100.52
G0 X100.993 Y100.779
G0 X100.69 Y101.104
G0 X100.319 Y101.81
G0 X100.217 Y102.555
G0 X100.261 Y106.083
G0 X101.424 Y108.469
G1 F3000 X100.136 Y107.182 E519.74316
G0 F9000 X100.136 Y104.571
G1 F3000 X101.423 Y104.226 E519.76975
G0 F9000 X101.423 Y110.438
G1 F3000 X100.137 Y110.783 E519.79633
G0 F9000 X100.136 Y115.667
G1 F3000 X101.425 Y116.956 E519.8327
G0 F9000 X101.424 Y116.649
G1 F3000 X100.137 Y116.994 E519.85929
G1 F2700 E514.85929
G0 F9000 X100.248 Y102.136
G0 X100.456 Y101.487
G0 X100.69 Y101.104
G0 X100.993 Y100.779
G0 X101.36 Y100.52
G0 X102.081 Y100.246
G0 X103.632 Y100.228
G0 X103.721 Y101.329
G0 X101.76 Y101.605
G0 X101.424 Y122.861
G1 F2700 E519.85929
G1 F3000 X100.137 Y123.206 E519.88588
G0 F9000 X100.136 Y124.152
G1 F3000 X101.426 Y125.442 E519.92229
G0 F9000 X101.426 Y127.19
G1 F3000 X100.219 Y131.694 E520.01535
G0 F9000 X100.156 Y131.693
G0 X100.138 Y129.417
G1 F3000 X101.424 Y129.072 E520.04192
G0 F9000 X101.666 Y132.353
G0 X101.662 Y133.338
G0 X102.795 Y133.347
G0 X103.539 Y133.693
G0 X103.425 Y134.769
G0 X103.274 Y134.789
G1 F3000 X107.789 Y133.579 E520.1352
G0 F9000 X109.563 Y133.579
G1 F3000 X110.843 Y134.859 E520.17132
G0 F9000 X111.794 Y134.861
G1 F3000 X112.137 Y133.579 E520.19781
G0 F9000 X105.926 Y133.578
G1 F3000 X105.582 Y134.861 E520.22431
G0 F9000 X103.52 Y134.535
G0 X103.182 Y134.499
;TYPE:SKIN
G1 F1067.6 X102.575 Y134.499 E520.24133
G1 F1063.8 X102.164 Y134.475 E520.25292
G1 F1079.1 X101.844 Y134.382 E520.26216
G1 X101.579 Y134.285 E520.26999
G1 F1067.6 X101.09 Y133.93 E520.28693
G1 F1075.3 X100.775 Y133.518 E520.30137
G1 F1083 X100.672 Y133.319 E520.30756
G1 F1075.3 X100.521 Y132.834 E520.3217
G1 F1061.9 X100.498 Y132.479 E520.33173
G1 F1063.8 X100.498 Y131.786 E520.35123
G1 X101.062 Y131.726 E520.36719
G1 X101.07 Y132.687 E520.39423
G1 F1071.4 X101.192 Y133.147 E520.40753
G1 X101.571 Y133.602 E520.42407
G1 F1075.3 X101.953 Y133.852 E520.43678
G1 F1085 X102.338 Y133.933 E520.44764
G1 F1079.1 X103.241 Y133.937 E520.47268
G1 F1069.5 X103.182 Y134.499 E520.4885
G0 F9000 X103.52 Y134.535
G0 X131.479 Y134.531
G0 X131.816 Y134.496
G1 F1071.4 X131.756 Y133.936 E520.50424
G1 F1075.3 X132.65 Y133.935 E520.52912
G1 F1077.2 X132.984 Y133.85 E520.5387
G1 F1073.3 X133.402 Y133.624 E520.55195
G1 F1075.3 X133.672 Y133.353 E520.5626
G1 F1085 X133.848 Y132.992 E520.57368
G1 F1079.1 X133.933 Y132.683 E520.58257
G1 F1067.6 X133.937 Y131.773 E520.60809
G1 X134.499 Y131.833 E520.62393
G1 X134.499 Y132.415 E520.64025
G1 F1069.5 X134.474 Y132.831 E520.65192
G1 F1079.1 X134.373 Y133.161 E520.66149
G1 F1075.3 X134.288 Y133.403 E520.66863
G1 F1065.7 X134.028 Y133.791 E520.68175
G1 F1069.5 X133.743 Y134.071 E520.69293
G1 F1063.8 X133.265 Y134.346 E520.70845
G1 F1058.2 X132.832 Y134.474 E520.72122
G1 F1063.8 X132.46 Y134.496 E520.73171
G1 F1071.4 X131.816 Y134.496 E520.7497
G1 F2700 E515.7497
G0 F9000 X131.479 Y134.531
G0 X131.461 Y133.694
G0 X133.338 Y133.338
G0 X133.6 Y103.228
G0 X133.939 Y103.229
G1 F2700 E520.7497
G1 F1075.3 X133.931 Y102.269 E520.77643
G1 X133.812 Y101.912 E520.7869
G1 F1069.5 X133.643 Y101.621 E520.79632
G1 F1071.4 X133.372 Y101.336 E520.80731
G1 F1079.1 X133.034 Y101.163 E520.81784
G1 F1071.4 X132.686 Y101.062 E520.82796
G1 F1067.6 X131.736 Y101.059 E520.8546
G1 X131.794 Y100.497 E520.87044
G1 X132.417 Y100.497 E520.88791
G1 X132.836 Y100.519 E520.89967
G1 F1063.8 X133.389 Y100.702 E520.91606
G1 F1069.5 X133.742 Y100.923 E520.92772
G1 F1071.4 X134.067 Y101.247 E520.94054
G1 F1067.6 X134.323 Y101.686 E520.95479
G1 F1075.3 X134.476 Y102.156 E520.96855
G1 X134.497 Y102.525 E520.97884
G1 X134.497 Y103.169 E520.99677
G1 X133.939 Y103.229 E521.01239
G1 F2700 E516.01239
G0 F9000 X133.6 Y103.228
G0 X133.338 Y101.662
G0 X101.662 Y101.662
G0 X101.65 Y103.708
G0 X101.027 Y103.717
G0 X101.059 Y103.378
G1 F2700 E521.01239
G1 F1067.6 X100.497 Y103.324 E521.02822
G1 X100.497 Y102.575 E521.04922
G1 F1063.8 X100.529 Y102.168 E521.06071
G1 F1060.1 X100.589 Y101.894 E521.06863
G1 F1071.4 X100.698 Y101.615 E521.077
G1 X100.915 Y101.278 E521.0882
G1 F1060.1 X101.178 Y100.993 E521.09915
G1 F1063.8 X101.502 Y100.764 E521.11031
G1 F1060.1 X101.831 Y100.617 E521.12049
G1 F1054.5 X102.132 Y100.528 E521.1294
G1 F1056.3 X102.537 Y100.498 E521.14091
G1 F1067.6 X103.382 Y100.497 E521.1646
G1 X103.43 Y101.059 E521.18041
G1 F1071.4 X102.35 Y101.061 E521.21059
G1 X101.876 Y101.196 E521.22436
G1 F1069.5 X101.562 Y101.404 E521.2349
G1 F1071.4 X101.198 Y101.816 E521.25026
G1 F1075.3 X101.068 Y102.35 E521.26556
G1 F1071.4 X101.059 Y103.378 E521.29428
G0 F9000 X100.997 Y104.016
G1 F2700 E516.29428
;MESH:NONMESH
G0 F300 X100.997 Y104.016 Z1.56
G0 F9000 X101.664 Y125.366
G0 X101.662 Y133.338
G0 X106.128 Y133.34
G0 X117.5 Y133.499
;TIME_ELAPSED:1277.898310
;LAYER:12
;TYPE:WALL-INNER
;MESH:robotface-cover.stl
G1 F2700 E521.29428
G1 F1500 X102.381 Y133.499 E521.596
G1 X101.95 Y133.336 E521.60519
G1 X101.664 Y133.05 E521.61326
G1 X101.568 Y132.865 E521.61742
G1 X101.501 Y132.62 E521.62249
G1 X101.502 Y102.426 E522.22504
G1 X101.562 Y102.15 E522.23068
G1 X101.769 Y101.791 E522.23895
G1 X102.069 Y101.597 E522.24608
G1 X102.447 Y101.501 E522.25386
G1 X132.619 Y101.499 E522.85598
G1 X132.864 Y101.568 E522.86106
G1 X133.208 Y101.792 E522.86925
G1 X133.434 Y102.139 E522.87751
G1 X133.499 Y102.444 E522.88374
G1 X133.5 Y132.622 E523.48597
G1 X133.433 Y132.865 E523.491
G1 X133.241 Y133.196 E523.49864
G1 X132.889 Y133.438 E523.50716
G1 X132.552 Y133.499 E523.514
G1 X117.5 Y133.499 E523.81438
G0 F9000 X117.5 Y133.1
G1 F1500 X102.469 Y133.1 E524.11434
G1 X102.255 Y133.049 E524.11873
G1 X101.998 Y132.83 E524.12546
G1 X101.901 Y132.614 E524.13019
G1 X101.906 Y102.409 E524.73296
G1 X101.984 Y102.192 E524.73756
G1 X102.113 Y102.041 E524.74153
G1 X102.299 Y101.934 E524.74581
G1 X102.468 Y101.9 E524.74925
G1 X132.532 Y101.9 E525.34921
G1 X132.771 Y101.964 E525.35415
G1 X132.925 Y102.075 E525.35794
G1 X133.061 Y102.283 E525.3629
G1 X133.093 Y102.404 E525.36539
G1 X133.1 Y132.532 E525.96663
G1 X133.02 Y132.801 E525.97223
G1 X132.772 Y133.036 E525.97905
G1 X132.532 Y133.1 E525.98401
G1 X117.5 Y133.1 E526.28399
G0 F9000 X117.5 Y133.41
G0 X117.5 Y135.06
G1 F1500 X132.481 Y135.059 E526.58295
G1 X132.77 Y135.043 E526.58872
G1 X133.04 Y135 E526.59418
G1 X133.285 Y134.935 E526.59924
G1 X133.535 Y134.838 E526.60459
G1 X133.784 Y134.712 E526.61016
G1 X134.002 Y134.57 E526.61535
G1 X134.201 Y134.409 E526.62046
G1 X134.406 Y134.203 E526.62626
G1 X134.57 Y133.998 E526.6315
G1 X134.713 Y133.781 E526.63668
G1 X134.837 Y133.534 E526.6422
G1 X134.935 Y133.284 E526.64756
G1 X135 Y133.041 E526.65258
G1 X135.043 Y132.766 E526.65813
G1 X135.06 Y132.462 E526.66421
G1 X135.059 Y102.495 E527.26223
G1 X135.045 Y102.232 E527.26749
G1 X135 Y101.96 E527.27299
G1 X134.935 Y101.713 E527.27809
G1 X134.837 Y101.459 E527.28352
G1 X134.713 Y101.214 E527.289
G1 X134.57 Y100.998 E527.29417
G1 X134.406 Y100.793 E527.29941
G1 X134.2 Y100.588 E527.30521
G1 X134.002 Y100.426 E527.31031
G1 X133.784 Y100.284 E527.3155
G1 X133.535 Y100.159 E527.32106
G1 X133.284 Y100.061 E527.32644
G1 X133.04 Y99.996 E527.33148
G1 X132.766 Y99.953 E527.33702
G1 X132.442 Y99.937 E527.34349
G1 X102.534 Y99.936 E527.94034
G1 X102.228 Y99.953 E527.94645
G1 X101.969 Y99.993 E527.95168
G1 X101.642 Y100.079 E527.95843
G1 X101.383 Y100.194 E527.96408
G1 X101.038 Y100.389 E527.97199
G1 X100.67 Y100.7 E527.98161
G1 X100.394 Y101.039 E527.99033
G1 X100.185 Y101.388 E527.99845
G1 X100.053 Y101.743 E528.00601
G1 X99.969 Y102.116 E528.01364
G1 X99.936 Y102.549 E528.0223
G1 X99.936 Y132.46 E528.61921
G1 X99.952 Y132.768 E528.62537
G1 X99.996 Y133.04 E528.63086
G1 X100.061 Y133.284 E528.6359
G1 X100.159 Y133.535 E528.64128
G1 X100.283 Y133.781 E528.64678
G1 X100.425 Y133.999 E528.65197
G1 X100.59 Y134.203 E528.65721
G1 X100.793 Y134.406 E528.66294
G1 X100.998 Y134.57 E528.66817
G1 X101.214 Y134.713 E528.67334
G1 X101.459 Y134.837 E528.67882
G1 X101.714 Y134.935 E528.68428
G1 X101.96 Y135 E528.68935
G1 X102.23 Y135.044 E528.69481
G1 X102.534 Y135.06 E528.70089
G1 X117.5 Y135.06 E528.99955
G0 F9000 X117.5 Y135.46
G1 F1500 X132.472 Y135.46 E529.29833
G1 X132.812 Y135.442 E529.30513
G1 X133.123 Y135.392 E529.31141
G1 X133.409 Y135.316 E529.31732
G1 X133.698 Y135.203 E529.32351
G1 X133.984 Y135.059 E529.3299
G1 X134.238 Y134.894 E529.33595
G1 X134.469 Y134.706 E529.34189
G1 X134.704 Y134.471 E529.34852
G1 X134.894 Y134.234 E529.35458
G1 X135.059 Y133.982 E529.36059
G1 X135.203 Y133.698 E529.36695
G1 X135.316 Y133.409 E529.37314
G1 X135.392 Y133.123 E529.37905
G1 X135.442 Y132.808 E529.38541
G1 X135.46 Y132.472 E529.39213
G1 X135.46 Y102.505 E529.99015
G1 X135.443 Y102.189 E529.99647
G1 X135.392 Y101.877 E530.00277
G1 X135.316 Y101.59 E530.0087
G1 X135.203 Y101.297 E530.01497
G1 X135.059 Y101.014 E530.0213
G1 X134.894 Y100.762 E530.02731
G1 X134.704 Y100.526 E530.03336
G1 X134.469 Y100.29 E530.04001
G1 X134.238 Y100.102 E530.04595
G1 X133.984 Y99.937 E530.05199
G1 X133.698 Y99.793 E530.05838
G1 X133.409 Y99.68 E530.06458
G1 X133.123 Y99.604 E530.07048
G1 X132.808 Y99.554 E530.07685
G1 X132.472 Y99.537 E530.08356
G1 X102.524 Y99.536 E530.68121
G1 X102.187 Y99.554 E530.68794
G1 X101.887 Y99.601 E530.694
G1 X101.509 Y99.701 E530.7018
G1 X101.203 Y99.837 E530.70849
G1 X100.808 Y100.059 E530.71753
G1 X100.383 Y100.419 E530.72864
G1 X100.065 Y100.809 E530.73869
G1 X99.823 Y101.214 E530.7481
G1 X99.669 Y101.628 E530.75692
G1 X99.572 Y102.057 E530.76569
G1 X99.536 Y102.534 E530.77524
G1 X99.536 Y132.46 E531.37244
G1 X99.554 Y132.811 E531.37946
G1 X99.604 Y133.123 E531.38576
G1 X99.68 Y133.409 E531.39167
G1 X99.793 Y133.698 E531.39786
G1 X99.937 Y133.982 E531.40422
G1 X100.102 Y134.234 E531.41023
G1 X100.292 Y134.47 E531.41627
G1 X100.526 Y134.704 E531.42288
G1 X100.762 Y134.894 E531.42892
G1 X101.014 Y135.059 E531.43494
G1 X101.297 Y135.203 E531.44127
G1 X101.59 Y135.316 E531.44754
G1 X101.877 Y135.392 E531.45346
G1 X102.188 Y135.442 E531.45975
G1 X102.524 Y135.46 E531.46646
G1 X117.5 Y135.46 E531.76533
G0 F9000 X117.5 Y135.86
;TYPE:WALL-OUTER
G1 F1500 X132.482 Y135.86 E532.06431
G1 X132.854 Y135.84 E532.07174
G1 X133.206 Y135.784 E532.07886
G1 X133.533 Y135.697 E532.08561
G1 X133.862 Y135.569 E532.09265
G1 X134.184 Y135.406 E532.09986
G1 X134.474 Y135.218 E532.10675
G1 X134.737 Y135.003 E532.11353
G1 X135.002 Y134.738 E532.12101
G1 X135.218 Y134.47 E532.12788
G1 X135.406 Y134.183 E532.13473
G1 X135.569 Y133.862 E532.14191
G1 X135.697 Y133.533 E532.14896
G1 X135.784 Y133.206 E532.15571
G1 X135.84 Y132.85 E532.1629
G1 X135.86 Y132.482 E532.17026
G1 X135.86 Y102.494 E532.7687
G1 X135.841 Y102.146 E532.77565
G1 X135.784 Y101.794 E532.78277
G1 X135.697 Y101.466 E532.78954
G1 X135.569 Y101.134 E532.79664
G1 X135.406 Y100.813 E532.80383
G1 X135.218 Y100.526 E532.81067
G1 X135.002 Y100.258 E532.81754
G1 X134.737 Y99.993 E532.82502
G1 X134.474 Y99.778 E532.8318
G1 X134.184 Y99.59 E532.8387
G1 X133.862 Y99.427 E532.8459
G1 X133.533 Y99.299 E532.85294
G1 X133.206 Y99.212 E532.8597
G1 X132.85 Y99.156 E532.86689
G1 X132.482 Y99.137 E532.87424
G1 X102.514 Y99.136 E533.47229
G1 X102.145 Y99.156 E533.47966
G1 X101.805 Y99.209 E533.48653
G1 X101.375 Y99.322 E533.4954
G1 X101.023 Y99.479 E533.50309
G1 X100.579 Y99.729 E533.51326
G1 X100.096 Y100.137 E533.52588
G1 X99.737 Y100.579 E533.53724
G1 X99.461 Y101.04 E533.54796
G1 X99.285 Y101.514 E533.55805
G1 X99.175 Y101.998 E533.56796
G1 X99.136 Y102.52 E533.57841
G1 X99.136 Y132.502 E534.17673
G1 X99.156 Y132.854 E534.18376
G1 X99.212 Y133.206 E534.19088
G1 X99.299 Y133.533 E534.19763
G1 X99.427 Y133.862 E534.20467
G1 X99.59 Y134.183 E534.21186
G1 X99.778 Y134.47 E534.21871
G1 X99.994 Y134.738 E534.22557
G1 X100.258 Y135.002 E534.23303
G1 X100.526 Y135.218 E534.23989
G1 X100.813 Y135.406 E534.24674
G1 X101.134 Y135.569 E534.25393
G1 X101.466 Y135.697 E534.26103
G1 X101.794 Y135.784 E534.2678
G1 X102.146 Y135.84 E534.27491
G1 X102.514 Y135.86 E534.28227
G1 X117.5 Y135.86 E534.58133
G1 F2700 E529.58133
G0 F9000 X117.5 Y135.152
G0 X117.5 Y133.41
G0 X117.5 Y132.699
G1 F2700 E534.58133
G1 F1500 X102.468 Y132.698 E534.88131
G1 X102.374 Y132.657 E534.88335
G1 X102.302 Y132.532 E534.88623
G1 X102.304 Y102.455 E535.48645
G1 X102.357 Y102.359 E535.48864
G1 X102.489 Y102.3 E535.49153
G1 X132.521 Y102.3 E536.09085
G1 X132.618 Y102.337 E536.09292
G1 X132.698 Y102.468 E536.09598
G1 X132.7 Y132.576 E536.69682
G1 X132.569 Y132.7 E536.70042
G1 X117.5 Y132.699 E537.00114
G0 F9000 X117.5 Y133.41
G0 X118.167 Y133.577
;TYPE:FILL
G1 F3000 X119.568 Y134.978 E537.04068
G0 F9000 X117.886 Y134.979
G1 F3000 X118.261 Y133.577 E537.06964
G0 F9000 X124.098 Y134.978
G1 F3000 X124.473 Y133.578 E537.09856
G0 F9000 X126.079 Y134.978
G1 F3000 X131.301 Y133.578 E537.20645
G0 F9000 X130.684 Y133.578
G1 F3000 X130.309 Y134.978 E537.23538
G0 F9000 X128.052 Y134.977
G1 F3000 X126.653 Y133.578 E537.27486
G0 F9000 X133.338 Y133.338
G0 X133.453 Y133.002
G1 F3000 X134.972 Y132.595 E537.30624
G0 F9000 X134.851 Y133.291
G1 F3000 X133.58 Y132.02 E537.34211
G0 F9000 X133.58 Y126.756
G1 F3000 X134.979 Y126.381 E537.37102
G0 F9000 X134.98 Y124.935
G1 F3000 X133.58 Y123.534 E537.41054
G0 F9000 X133.58 Y122.773
G1 F3000 X134.979 Y117.551 E537.51843
G0 F9000 X134.979 Y116.448
G1 F3000 X133.579 Y115.048 E537.55794
G0 F9000 X133.579 Y114.333
G1 F3000 X134.979 Y113.958 E537.58686
G0 F9000 X134.978 Y107.962
G1 F3000 X133.578 Y106.562 E537.62637
G0 F9000 X133.578 Y108.121
G1 F3000 X134.978 Y107.746 E537.6553
G0 F9000 X133.42 Y101.952
G1 F3000 X134.8 Y101.583 E537.6838
G0 F9000 X133.051 Y101.562
G1 F3000 X133.419 Y100.19 E537.71215
G0 F9000 X128.435 Y101.42
G1 F3000 X127.032 Y100.017 E537.75175
G0 F9000 X127.254 Y100.017
G1 F3000 X126.878 Y101.42 E537.78073
G0 F9000 X121.042 Y100.016
G1 F3000 X120.666 Y101.422 E537.80978
G0 F9000 X119.952 Y101.422
G1 F3000 X118.547 Y100.017 E537.84943
G0 F9000 X117.464 Y100.016
G1 F3000 X112.211 Y101.424 E537.95796
G0 F9000 X111.468 Y101.423
G1 F3000 X110.062 Y100.017 E537.99764
G0 F9000 X108.619 Y100.016
G1 F3000 X108.242 Y101.425 E538.02675
G0 F9000 X102.985 Y101.425
G1 F3000 X101.705 Y100.145 E538.06287
G0 F9000 X102.406 Y100.023
G1 F3000 X101.995 Y101.557 E538.09456
G0 F9000 X101.695 Y101.651
G0 X101.423 Y103.691
G1 F3000 X100.016 Y108.941 E538.20303
G0 F9000 X101.424 Y108.349
G1 F3000 X100.015 Y106.941 E538.24278
G0 F9000 X100.017 Y104.691
G1 F3000 X101.422 Y104.314 E538.27181
G0 F9000 X101.423 Y110.526
G1 F3000 X100.017 Y110.903 E538.30086
G0 F9000 X100.015 Y115.426
G1 F3000 X101.425 Y116.835 E538.34064
G1 X101.424 Y116.737
G1 X100.016 Y117.114 E538.36973
G0 F9000 X101.424 Y122.949
G1 F3000 X100.016 Y123.326 E538.39881
G0 F9000 X100.015 Y123.911
G1 F3000 X101.426 Y125.322 E538.43864
G0 F9000 X101.425 Y126.865
G1 F3000 X100.016 Y132.122 E538.54725
G0 F9000 X100.015 Y132.397
G1 F3000 X102.598 Y134.98 E538.62015
G0 F9000 X102.886 Y134.98
G1 F3000 X108.133 Y133.575 E538.72854
G0 F9000 X109.68 Y133.576
G1 F3000 X111.083 Y134.979 E538.76814
G0 F9000 X111.674 Y134.98
G1 F3000 X112.05 Y133.575 E538.79717
G0 F9000 X105.839 Y133.575
G1 F3000 X105.462 Y134.981 E538.82621
G0 F9000 X101.662 Y133.338
G0 X101.425 Y129.16
G1 F3000 X100.016 Y129.538 E538.85533
G1 F2700 E533.85533
G0 F9000 X101.662 Y101.662
G0 X114.454 Y101.424
G1 F2700 E538.85533
G1 F3000 X114.831 Y100.016 E538.88441
G1 F2700 E533.88441
G0 F9000 X133.338 Y101.662
G0 X133.58 Y120.544
G1 F2700 E538.88441
G1 F3000 X134.978 Y120.17 E538.91329
G0 F9000 X134.852 Y120.169
;MESH:NONMESH
G0 F300 X134.852 Y120.169 Z1.68
G0 F9000 X133.338 Y133.338
G0 X117.5 Y133.499
;TIME_ELAPSED:1322.508020
;LAYER:13
;TYPE:WALL-INNER
;MESH:robotface-cover.stl
G1 F1500 X102.449 Y133.499 E539.21365
G1 X102.234 Y133.465 E539.218
G1 X101.95 Y133.336 E539.22422
G1 X101.715 Y133.12 E539.23059
G1 X101.586 Y132.908 E539.23554
G1 X101.501 Y132.558 E539.24273
G1 X101.502 Y102.427 E539.84403
G1 X101.539 Y102.22 E539.84822
G1 X101.719 Y101.875 E539.85599
G1 X101.896 Y101.702 E539.86093
G1 X102.197 Y101.546 E539.8677
G1 X102.445 Y101.501 E539.87273
G1 X132.561 Y101.501 E540.47372
G1 X132.757 Y101.533 E540.47769
G1 X133.042 Y101.658 E540.4839
G1 X133.282 Y101.875 E540.49035
G1 X133.414 Y102.091 E540.4954
G1 X133.499 Y102.443 E540.50263
G1 X133.502 Y132.639 E541.10523
G1 X133.414 Y132.907 E541.11085
G1 X133.274 Y133.135 E541.11619
G1 X132.991 Y133.373 E541.12357
G1 X132.555 Y133.499 E541.13263
G1 X117.5 Y133.499 E541.43307
G0 F9000 X117.5 Y133.098
G1 F1500 X102.469 Y133.1 E541.73303
G1 X102.229 Y133.036 E541.73799
G1 X102.009 Y132.846 E541.74379
G1 X101.9 Y132.535 E541.75036
G1 X101.901 Y102.456 E542.35062
G1 X101.938 Y102.287 E542.35407
G1 X102.103 Y102.049 E542.35985
G1 X102.248 Y101.955 E542.3633
G1 X102.467 Y101.9 E542.36781
G1 X132.537 Y101.9 E542.96789
G1 X132.772 Y101.963 E542.97274
G1 X132.905 Y102.056 E542.97598
G1 X133.048 Y102.254 E542.98086
G1 X133.1 Y102.466 E542.98521
G1 X133.101 Y132.567 E543.58591
G1 X133.019 Y132.804 E543.59091
G1 X132.821 Y133.009 E543.5966
G1 X132.586 Y133.095 E543.6016
G1 X117.5 Y133.098 E543.90265
G0 F9000 X117.5 Y133.41
G0 X117.5 Y135.18
G1 F1500 X132.486 Y135.179 E544.20171
G1 X132.762 Y135.163 E544.20723
G1 X133.026 Y135.126 E544.21255
G1 X133.304 Y135.053 E544.21829
G1 X133.699 Y134.904 E544.22671
G1 X134.051 Y134.683 E544.23501
G1 X134.266 Y134.511 E544.2405
G1 X134.472 Y134.308 E544.24627
G1 X134.678 Y134.057 E544.25275
G1 X134.815 Y133.846 E544.25777
G1 X134.945 Y133.588 E544.26354
G1 X135.042 Y133.34 E544.26885
G1 X135.12 Y133.055 E544.27475
G1 X135.163 Y132.781 E544.28028
G1 X135.18 Y132.466 E544.28658
G1 X135.179 Y102.493 E544.88472
G1 X135.164 Y102.23 E544.88998
G1 X135.126 Y101.976 E544.89511
G1 X135.052 Y101.68 E544.90119
G1 X134.908 Y101.302 E544.90927
G1 X134.685 Y100.951 E544.91757
G1 X134.511 Y100.734 E544.92312
G1 X134.306 Y100.525 E544.92896
G1 X133.964 Y100.242 E544.93782
G1 X133.586 Y100.051 E544.94627
G1 X133.348 Y99.957 E544.95138
G1 X133.061 Y99.88 E544.95731
G1 X132.775 Y99.836 E544.96308
G1 X132.461 Y99.816 E544.96936
G1 X102.513 Y99.817 E545.567
G1 X102.243 Y99.832 E545.5724
G1 X101.993 Y99.872 E545.57745
G1 X101.697 Y99.949 E545.58356
G1 X101.379 Y100.064 E545.5903
G1 X101.067 Y100.24 E545.59745
G1 X100.812 Y100.412 E545.60359
G1 X100.542 Y100.675 E545.61111
G1 X100.265 Y101.02 E545.61994
G1 X100.072 Y101.377 E545.62804
G1 X99.933 Y101.746 E545.63591
G1 X99.849 Y102.116 E545.64348
G1 X99.816 Y102.549 E545.65215
G1 X99.817 Y132.503 E546.24991
G1 X99.832 Y132.758 E546.25501
G1 X99.871 Y133.02 E546.2603
G1 X99.944 Y133.313 E546.26632
G1 X100.09 Y133.698 E546.27454
G1 X100.312 Y134.048 E546.28281
G1 X100.487 Y134.269 E546.28844
G1 X100.685 Y134.47 E546.29407
G1 X100.939 Y134.675 E546.30058
G1 X101.154 Y134.817 E546.30572
G1 X101.41 Y134.946 E546.31144
G1 X101.653 Y135.042 E546.31666
G1 X101.939 Y135.121 E546.32258
G1 X102.215 Y135.163 E546.32815
G1 X102.533 Y135.18 E546.3345
G1 X117.5 Y135.18 E546.63319
G0 F9000 X117.5 Y135.58
G1 F1500 X132.475 Y135.58 E546.93203
G1 X132.801 Y135.562 E546.93854
G1 X133.105 Y135.519 E546.94467
G1 X133.425 Y135.435 E546.95127
G1 X133.757 Y135.31 E546.95835
G1 X134.011 Y135.181 E546.96404
G1 X134.283 Y135.01 E546.97045
G1 X134.532 Y134.811 E546.97681
G1 X134.768 Y134.578 E546.98343
G1 X135.002 Y134.293 E546.99079
G1 X135.162 Y134.045 E546.99668
G1 X135.311 Y133.751 E547.00326
G1 X135.422 Y133.466 E547.00936
G1 X135.512 Y133.14 E547.01611
G1 X135.561 Y132.822 E547.02253
G1 X135.58 Y132.476 E547.02944
G1 X135.58 Y102.505 E547.62755
G1 X135.562 Y102.19 E547.63384
G1 X135.519 Y101.898 E547.63973
G1 X135.434 Y101.56 E547.64669
G1 X135.314 Y101.244 E547.65344
G1 X135.182 Y100.987 E547.6592
G1 X135.011 Y100.718 E547.66556
G1 X134.81 Y100.468 E547.67196
G1 X134.577 Y100.231 E547.6786
G1 X134.292 Y99.993 E547.68601
G1 X134.045 Y99.834 E547.69187
G1 X133.75 Y99.685 E547.69846
G1 X133.472 Y99.576 E547.70442
G1 X133.144 Y99.488 E547.7112
G1 X132.819 Y99.438 E547.71776
G1 X132.473 Y99.416 E547.72468
G1 X102.524 Y99.416 E548.32234
G1 X102.2 Y99.434 E548.32882
G1 X101.911 Y99.48 E548.33466
G1 X101.578 Y99.566 E548.34152
G1 X101.212 Y99.699 E548.34929
G1 X100.856 Y99.899 E548.35744
G1 X100.56 Y100.101 E548.3646
G1 X100.245 Y100.405 E548.37333
G1 X99.931 Y100.798 E548.38337
G1 X99.707 Y101.211 E548.39275
G1 X99.549 Y101.63 E548.40168
G1 X99.452 Y102.057 E548.41042
G1 X99.416 Y102.535 E548.41999
G1 X99.416 Y132.491 E549.01779
G1 X99.434 Y132.799 E549.02395
G1 X99.478 Y133.098 E549.02998
G1 X99.562 Y133.432 E549.03685
G1 X99.682 Y133.752 E549.04367
G1 X99.813 Y134.009 E549.04943
G1 X99.986 Y134.28 E549.05584
G1 X100.187 Y134.534 E549.06231
G1 X100.416 Y134.766 E549.06881
G1 X100.703 Y134.999 E549.07619
G1 X100.954 Y135.163 E549.08217
G1 X101.246 Y135.311 E549.08871
G1 X101.526 Y135.422 E549.09472
G1 X101.855 Y135.512 E549.10153
G1 X102.174 Y135.562 E549.10797
G1 X102.523 Y135.58 E549.11494
G1 X117.5 Y135.58 E549.41383
G0 F9000 X117.5 Y135.98
;TYPE:WALL-OUTER
G1 F1500 X132.486 Y135.98 E549.71289
G1 X132.84 Y135.96 E549.71996
G1 X133.184 Y135.911 E549.7269
G1 X133.547 Y135.817 E549.73438
G1 X133.919 Y135.676 E549.74232
G1 X134.209 Y135.529 E549.74881
G1 X134.515 Y135.336 E549.75603
G1 X134.798 Y135.11 E549.76325
G1 X135.064 Y134.848 E549.77071
G1 X135.326 Y134.529 E549.77894
G1 X135.51 Y134.244 E549.78571
G1 X135.677 Y133.914 E549.79309
G1 X135.802 Y133.592 E549.79999
G1 X135.904 Y133.225 E549.80759
G1 X135.96 Y132.863 E549.8149
G1 X135.98 Y132.486 E549.82243
G1 X135.98 Y102.494 E550.42095
G1 X135.96 Y102.149 E550.42785
G1 X135.911 Y101.82 E550.43449
G1 X135.816 Y101.44 E550.44231
G1 X135.68 Y101.082 E550.44995
G1 X135.53 Y100.788 E550.45654
G1 X135.337 Y100.485 E550.4637
G1 X135.11 Y100.202 E550.47094
G1 X134.848 Y99.936 E550.47839
G1 X134.529 Y99.67 E550.48668
G1 X134.244 Y99.486 E550.49345
G1 X133.914 Y99.319 E550.50083
G1 X133.597 Y99.195 E550.50763
G1 X133.226 Y99.096 E550.51529
G1 X132.862 Y99.04 E550.52264
G1 X132.485 Y99.016 E550.53018
G1 X102.514 Y99.016 E551.12828
G1 X102.158 Y99.036 E551.1354
G1 X101.829 Y99.088 E551.14204
G1 X101.46 Y99.184 E551.14965
G1 X101.044 Y99.335 E551.15849
G1 X100.646 Y99.559 E551.1676
G1 X100.401 Y99.724 E551.17349
G1 X100.187 Y99.905 E551.17909
G1 X99.949 Y100.135 E551.18569
G1 X99.596 Y100.576 E551.19696
G1 X99.343 Y101.044 E551.20758
G1 X99.165 Y101.514 E551.21761
G1 X99.055 Y101.998 E551.22752
G1 X99.016 Y102.52 E551.23796
G1 X99.016 Y132.502 E551.83629
G1 X99.036 Y132.839 E551.84302
G1 X99.085 Y133.176 E551.84982
G1 X99.18 Y133.552 E551.85756
G1 X99.316 Y133.914 E551.86527
G1 X99.466 Y134.208 E551.87186
G1 X99.66 Y134.512 E551.87906
G1 X99.887 Y134.799 E551.88636
G1 X100.147 Y135.063 E551.89375
G1 X100.467 Y135.322 E551.90197
G1 X100.753 Y135.51 E551.9088
G1 X101.082 Y135.677 E551.91616
G1 X101.4 Y135.802 E551.92298
G1 X101.771 Y135.904 E551.93066
G1 X102.133 Y135.96 E551.93797
G1 X102.513 Y135.98 E551.94556
G1 X117.5 Y135.98 E552.24465
G1 F2700 E547.24465
G0 F9000 X117.5 Y135.272
G0 X117.5 Y133.41
G0 X117.5 Y132.7
G1 F2700 E552.24465
G1 F1500 X102.489 Y132.7 E552.54421
G1 X102.39 Y132.668 E552.54628
G1 X102.303 Y132.539 E552.54939
G1 X102.301 Y102.471 E553.14943
G1 X102.367 Y102.349 E553.1522
G1 X102.481 Y102.3 E553.15467
G1 X132.521 Y102.3 E553.75415
G1 X132.643 Y102.359 E553.75686
G1 X132.697 Y102.46 E553.75914
G1 X132.701 Y132.552 E554.35966
G1 X132.641 Y132.643 E554.36184
G1 X132.529 Y132.699 E554.36434
G1 X117.5 Y132.7 E554.66426
G0 F9000 X117.5 Y133.41
G0 X118.174 Y133.578
;TYPE:FILL
G1 F3000 X117.766 Y135.101 E554.69572
G0 F9000 X118.288 Y133.58
G1 F3000 X119.807 Y135.099 E554.73859
G0 F9000 X123.978 Y135.1
G1 F3000 X124.386 Y133.578 E554.77004
G0 F9000 X125.948 Y135.1
G1 F3000 X131.625 Y133.579 E554.88732
G0 F9000 X130.598 Y133.578
G1 F3000 X130.19 Y135.1 E554.91877
G0 F9000 X128.293 Y135.099
G1 F3000 X126.773 Y133.58 E554.96165
G0 F9000 X133.338 Y133.338
G0 X133.384 Y133.107
G1 F3000 X135.088 Y132.65 E554.99686
G0 F9000 X134.973 Y133.294
G1 F3000 X133.582 Y131.903 E555.03611
G0 F9000 X133.582 Y126.843
G1 F3000 X135.099 Y126.436 E555.06746
G0 F9000 X135.1 Y124.936
G1 F3000 X133.581 Y123.417 E555.11033
G0 F9000 X133.581 Y122.443
G1 F3000 X135.1 Y116.775 E555.22743
G0 F9000 X135.1 Y116.451
G1 F3000 X133.58 Y114.931 E555.27033
G0 F9000 X133.581 Y114.42
G1 F3000 X135.099 Y114.013 E555.30169
G0 F9000 X133.58 Y108.208
G1 F3000 X135.098 Y107.801 E555.33305
G1 X135.1 Y107.965
G1 X133.579 Y106.444 E555.37598
G0 F9000 X133.466 Y102.027
G1 F3000 X134.948 Y101.63 E555.4066
G0 F9000 X132.974 Y101.528
G1 F3000 X133.371 Y100.046 E555.43722
G0 F9000 X128.556 Y101.421
G1 F3000 X127.031 Y99.897 E555.48024
G1 X127.199 Y99.895
G1 X126.79 Y101.422 E555.51179
G0 F9000 X120.988 Y99.896
G1 F3000 X120.579 Y101.421 E555.5433
G0 F9000 X120.07 Y101.421
G1 F3000 X118.546 Y99.897 E555.58631
G0 F9000 X118.236 Y99.896
G1 F3000 X112.545 Y101.421 E555.70388
G0 F9000 X111.585 Y101.421
G1 F3000 X110.061 Y99.897 E555.74689
G0 F9000 X108.564 Y99.896
G1 F3000 X108.155 Y101.422 E555.77842
G0 F9000 X103.1 Y101.421
G1 F3000 X101.708 Y100.029 E555.81771
G0 F9000 X102.35 Y99.906
G1 F3000 X101.894 Y101.608 E555.85287
G0 F9000 X101.894 Y101.59
G0 X101.42 Y103.378
G1 F3000 X99.897 Y109.061 E555.97028
G0 F9000 X101.421 Y108.228
G1 F3000 X99.896 Y106.702 E556.01334
G0 F9000 X99.897 Y104.81
G1 F3000 X101.419 Y104.402 E556.04478
G0 F9000 X101.42 Y110.614
G1 F3000 X99.897 Y111.022 E556.07625
G0 F9000 X99.896 Y115.188
G1 F3000 X101.421 Y116.713 E556.11928
G1 X101.42 Y116.825
G1 X99.897 Y117.233 E556.15075
G0 F9000 X101.42 Y123.037
G1 F3000 X99.897 Y123.445 E556.18221
G0 F9000 X99.896 Y123.673
G1 F3000 X101.421 Y125.198 E556.22525
G0 F9000 X101.421 Y126.555
G1 F3000 X99.897 Y132.241 E556.34273
G1 X99.896 Y132.158
G1 X102.837 Y135.099 E556.42573
G1 X102.763 Y135.1
G1 X108.443 Y133.579 E556.54307
G0 F9000 X109.802 Y133.58
G1 F3000 X111.322 Y135.099 E556.58596
G0 F9000 X111.554 Y135.101
G1 F3000 X111.962 Y133.579 E556.6174
G0 F9000 X105.751 Y133.578
G1 F3000 X105.343 Y135.101 E556.64887
G0 F9000 X101.662 Y133.338
G0 X101.421 Y129.248
G1 F3000 X99.898 Y129.657 E556.68034
G1 F2700 E551.68034
G0 F9000 X101.662 Y101.662
G0 X114.367 Y101.421
G1 F2700 E556.68034
G1 F3000 X114.776 Y99.896 E556.71185
G1 F2700 E551.71185
G0 F9000 X133.338 Y101.662
G0 X133.581 Y120.631
G1 F2700 E556.71185
G1 F3000 X135.099 Y120.224 E556.74321
G0 F9000 X134.972 Y120.223
;MESH:NONMESH
G0 F300 X134.972 Y120.223 Z1.8
G0 F9000 X133.338 Y133.338
G0 X117.5 Y133.499
;TIME_ELAPSED:1366.895997
;LAYER:14
;TYPE:WALL-INNER
;MESH:robotface-cover.stl
G1 F1500 X102.441 Y133.499 E557.04373
G1 X102.088 Y133.412 E557.05098
G1 X101.875 Y133.281 E557.05597
G1 X101.632 Y132.998 E557.06342
G1 X101.505 Y132.693 E557.07001
G1 X101.502 Y102.432 E557.6739
G1 X101.563 Y102.148 E557.6797
G1 X101.751 Y101.836 E557.68697
G1 X102.024 Y101.62 E557.69392
G1 X102.4 Y101.504 E557.70177
G1 X132.559 Y101.501 E558.30362
G1 X132.763 Y101.534 E558.30775
G1 X133.086 Y101.688 E558.31489
G1 X133.246 Y101.832 E558.31918
G1 X133.431 Y102.131 E558.3262
G1 X133.495 Y102.391 E558.33154
G1 X133.5 Y132.558 E558.93356
G1 X133.455 Y132.801 E558.93849
G1 X133.337 Y133.051 E558.94401
G1 X133.214 Y133.204 E558.94793
G1 X132.952 Y133.394 E558.95438
G1 X132.559 Y133.499 E558.9625
G1 X117.5 Y133.499 E559.26302
G0 F9000 X117.5 Y133.1
G1 F1500 X102.464 Y133.1 E559.56308
G1 X102.231 Y133.037 E559.5679
G1 X102.099 Y132.948 E559.57107
G1 X101.952 Y132.747 E559.57604
G1 X101.906 Y132.592 E559.57927
G1 X101.901 Y102.459 E560.18061
G1 X101.938 Y102.289 E560.18408
G1 X102.05 Y102.102 E560.18843
G1 X102.292 Y101.936 E560.19428
G1 X102.44 Y101.902 E560.19731
G1 X132.614 Y101.9 E560.79947
G1 X132.831 Y101.998 E560.80422
G1 X133.002 Y102.169 E560.80905
G1 X133.1 Y102.463 E560.81523
G1 X133.1 Y132.535 E561.41535
G1 X133.073 Y132.681 E561.41831
G1 X132.969 Y132.876 E561.42272
G1 X132.831 Y133.002 E561.42645
G1 X132.536 Y133.1 E561.43266
G1 X117.5 Y133.1 E561.73272
G0 F9000 X117.5 Y133.41
G0 X117.5 Y135.284
G1 F1500 X132.458 Y135.284 E562.03122
G1 X132.795 Y135.264 E562.03796
G1 X133.084 Y135.22 E562.04379
G1 X133.348 Y135.148 E562.04925
G1 X133.637 Y135.036 E562.05544
G1 X133.889 Y134.909 E562.06107
G1 X134.133 Y134.748 E562.0669
G1 X134.355 Y134.573 E562.07254
G1 X134.571 Y134.354 E562.07868
G1 X134.75 Y134.131 E562.08439
G1 X134.909 Y133.889 E562.09017
G1 X135.038 Y133.635 E562.09585
G1 X135.151 Y133.344 E562.10208
G1 X135.219 Y133.088 E562.10737
G1 X135.264 Y132.795 E562.11328
G1 X135.284 Y132.458 E562.12002
G1 X135.284 Y102.519 E562.71748
G1 X135.264 Y102.199 E562.72388
G1 X135.22 Y101.909 E562.72974
G1 X135.152 Y101.653 E562.73502
G1 X135.038 Y101.365 E562.7412
G1 X134.908 Y101.105 E562.747
G1 X134.75 Y100.865 E562.75274
G1 X134.573 Y100.645 E562.75837
G1 X134.355 Y100.426 E562.76454
G1 X134.13 Y100.246 E562.77029
G1 X133.889 Y100.087 E562.77605
G1 X133.637 Y99.96 E562.78168
G1 X133.347 Y99.848 E562.78789
G1 X133.084 Y99.777 E562.79332
G1 X132.794 Y99.732 E562.79918
G1 X132.458 Y99.713 E562.8059
G1 X102.313 Y99.717 E563.40747
G1 X101.985 Y99.757 E563.41407
G1 X101.732 Y99.821 E563.41927
G1 X101.423 Y99.935 E563.42585
G1 X101.162 Y100.052 E563.43156
G1 X100.735 Y100.343 E563.44187
G1 X100.412 Y100.658 E563.45087
G1 X100.152 Y101.005 E563.45952
G1 X99.956 Y101.366 E563.46772
G1 X99.817 Y101.737 E563.47563
G1 X99.741 Y102.11 E563.48322
G1 X99.712 Y102.542 E563.49186
G1 X99.712 Y132.477 E564.08925
G1 X99.732 Y132.793 E564.09557
G1 X99.776 Y133.083 E564.10142
G1 X99.848 Y133.344 E564.10683
G1 X99.96 Y133.638 E564.1131
G1 X100.087 Y133.889 E564.11872
G1 X100.246 Y134.131 E564.1245
G1 X100.423 Y134.352 E564.13015
G1 X100.644 Y134.573 E564.13638
G1 X100.865 Y134.749 E564.14202
G1 X101.105 Y134.908 E564.14777
G1 X101.362 Y135.037 E564.1535
G1 X101.649 Y135.148 E564.15965
G1 X101.915 Y135.219 E564.16514
G1 X102.206 Y135.264 E564.17102
G1 X102.538 Y135.284 E564.17765
G1 X117.5 Y135.284 E564.47624
G0 F9000 X117.5 Y135.684
G1 F1500 X132.47 Y135.684 E564.77498
G1 X132.837 Y135.662 E564.78232
G1 X133.167 Y135.612 E564.78898
G1 X133.473 Y135.529 E564.7953
G1 X133.8 Y135.402 E564.8023
G1 X134.09 Y135.256 E564.80878
G1 X134.368 Y135.073 E564.81543
G1 X134.623 Y134.872 E564.82191
G1 X134.871 Y134.62 E564.82896
G1 X135.074 Y134.366 E564.83545
G1 X135.256 Y134.09 E564.84205
G1 X135.403 Y133.798 E564.84857
G1 X135.532 Y133.469 E564.85562
G1 X135.611 Y133.169 E564.86181
G1 X135.662 Y132.837 E564.86852
G1 X135.684 Y132.47 E564.87585
G1 X135.684 Y102.507 E565.4738
G1 X135.662 Y102.157 E565.4808
G1 X135.612 Y101.827 E565.48746
G1 X135.532 Y101.528 E565.49363
G1 X135.403 Y101.202 E565.50063
G1 X135.255 Y100.905 E565.50725
G1 X135.074 Y100.63 E565.51382
G1 X134.872 Y100.377 E565.52028
G1 X134.622 Y100.128 E565.52733
G1 X134.366 Y99.922 E565.53388
G1 X134.09 Y99.741 E565.54047
G1 X133.8 Y99.594 E565.54696
G1 X133.472 Y99.468 E565.55397
G1 X133.167 Y99.385 E565.56028
G1 X132.836 Y99.334 E565.56696
G1 X132.47 Y99.313 E565.57428
G1 X102.288 Y99.317 E566.17659
G1 X101.911 Y99.363 E566.18417
G1 X101.614 Y99.439 E566.19029
G1 X101.272 Y99.564 E566.19756
G1 X100.966 Y99.702 E566.20425
G1 X100.481 Y100.032 E566.21596
G1 X100.11 Y100.393 E566.22629
G1 X99.815 Y100.789 E566.23615
G1 X99.592 Y101.199 E566.24546
G1 X99.431 Y101.626 E566.25457
G1 X99.344 Y102.056 E566.26332
G1 X99.312 Y102.529 E566.27278
G1 X99.312 Y132.489 E566.87067
G1 X99.334 Y132.836 E566.8776
G1 X99.384 Y133.166 E566.88427
G1 X99.468 Y133.469 E566.89054
G1 X99.594 Y133.8 E566.89761
G1 X99.74 Y134.09 E566.90409
G1 X99.922 Y134.366 E566.91068
G1 X100.124 Y134.619 E566.91715
G1 X100.377 Y134.872 E566.92429
G1 X100.63 Y135.073 E566.93073
G1 X100.905 Y135.255 E566.93731
G1 X101.2 Y135.403 E566.9439
G1 X101.524 Y135.528 E566.95083
G1 X101.832 Y135.611 E566.9572
G1 X102.164 Y135.662 E566.9639
G1 X102.526 Y135.684 E566.97114
G1 X117.5 Y135.684 E567.26996
G0 F9000 X117.5 Y136.084
;TYPE:WALL-OUTER
G1 F1500 X132.482 Y136.084 E567.56894
G1 X132.879 Y136.06 E567.57688
G1 X133.25 Y136.004 E567.58437
G1 X133.597 Y135.909 E567.59155
G1 X133.962 Y135.768 E567.59936
G1 X134.291 Y135.602 E567.60671
G1 X134.602 Y135.397 E567.61414
G1 X134.89 Y135.17 E567.62146
G1 X135.17 Y134.886 E567.62942
G1 X135.398 Y134.602 E567.63669
G1 X135.602 Y134.291 E567.64411
G1 X135.769 Y133.962 E567.65147
G1 X135.913 Y133.593 E567.65938
G1 X136.003 Y133.251 E567.66643
G1 X136.06 Y132.879 E567.67394
G1 X136.084 Y132.482 E567.68188
G1 X136.084 Y102.495 E568.2803
G1 X136.06 Y102.114 E568.28792
G1 X136.004 Y101.745 E568.29537
G1 X135.913 Y101.403 E568.30243
G1 X135.769 Y101.038 E568.31026
G1 X135.602 Y100.705 E568.3177
G1 X135.398 Y100.394 E568.32512
G1 X135.17 Y100.11 E568.33239
G1 X134.89 Y99.83 E568.34029
G1 X134.602 Y99.598 E568.34767
G1 X134.291 Y99.394 E568.35509
G1 X133.962 Y99.228 E568.36245
G1 X133.597 Y99.087 E568.37026
G1 X133.25 Y98.993 E568.37743
G1 X132.878 Y98.936 E568.38494
G1 X132.482 Y98.913 E568.39286
G1 X102.263 Y98.917 E568.99591
G1 X101.837 Y98.969 E569.00447
G1 X101.496 Y99.056 E569.0115
G1 X101.12 Y99.194 E569.01949
G1 X100.77 Y99.352 E569.02715
G1 X100.227 Y99.72 E569.04024
G1 X99.808 Y100.129 E569.05193
G1 X99.477 Y100.573 E569.06298
G1 X99.227 Y101.032 E569.07341
G1 X99.045 Y101.516 E569.08373
G1 X98.947 Y102.003 E569.09364
G1 X98.912 Y102.515 E569.10388
G1 X98.912 Y132.501 E569.70229
G1 X98.936 Y132.878 E569.70983
G1 X98.992 Y133.25 E569.71733
G1 X99.087 Y133.593 E569.72444
G1 X99.228 Y133.962 E569.73232
G1 X99.394 Y134.291 E569.73967
G1 X99.598 Y134.602 E569.7471
G1 X99.826 Y134.886 E569.75436
G1 X100.11 Y135.17 E569.76238
G1 X100.394 Y135.397 E569.76963
G1 X100.705 Y135.602 E569.77707
G1 X101.038 Y135.769 E569.7845
G1 X101.399 Y135.909 E569.79223
G1 X101.75 Y136.003 E569.79948
G1 X102.122 Y136.06 E569.80699
G1 X102.514 Y136.084 E569.81483
G1 X117.5 Y136.084 E570.11389
G1 F2700 E565.11389
G0 F9000 X117.5 Y135.375
G0 X117.5 Y133.41
G0 X117.5 Y132.699
G1 F2700 E570.11389
G1 F1500 X102.469 Y132.698 E570.41385
G1 X102.366 Y132.65 E570.41612
G1 X102.3 Y132.513 E570.41915
G1 X102.303 Y102.46 E571.01889
G1 X102.36 Y102.356 E571.02126
G1 X102.48 Y102.3 E571.0239
G1 X132.531 Y102.302 E571.6236
G1 X132.618 Y102.337 E571.62547
G1 X132.696 Y102.456 E571.62831
G1 X132.696 Y132.544 E572.22875
G1 X132.657 Y132.626 E572.23056
G1 X132.555 Y132.7 E572.23308
G1 X117.5 Y132.699 E572.53352
G0 F9000 X117.5 Y133.41
G0 X118.086 Y133.578
;TYPE:FILL
G1 F3000 X117.65 Y135.205 E572.56713
G0 F9000 X118.407 Y133.579
G1 F3000 X120.032 Y135.204 E572.61299
G0 F9000 X123.862 Y135.205
G1 F3000 X124.298 Y133.579 E572.64659
G0 F9000 X125.888 Y135.204
G1 F3000 X131.953 Y133.579 E572.77189
G0 F9000 X133.338 Y133.338
G0 X133.306 Y133.216
G1 F3000 X135.189 Y132.712 E572.81079
G0 F9000 X135.088 Y133.289
G1 F3000 X133.58 Y131.781 E572.85335
G0 F9000 X133.338 Y133.338
G0 X130.509 Y133.579
G1 F3000 X130.074 Y135.205 E572.88694
G0 F9000 X128.517 Y135.204
G1 F3000 X126.892 Y133.579 E572.9328
G0 F9000 X133.338 Y133.338
G0 X133.581 Y126.931
G1 F3000 X135.204 Y126.496 E572.96633
G0 F9000 X135.204 Y124.92
G1 F3000 X133.58 Y123.296 E573.01216
G0 F9000 X133.58 Y122.117
G1 F3000 X135.203 Y116.06 E573.1373
G0 F9000 X135.204 Y116.434
G1 F3000 X133.58 Y114.811 E573.18312
G0 F9000 X133.581 Y114.507
G1 F3000 X135.204 Y114.073 E573.21665
G0 F9000 X133.582 Y108.296
G1 F3000 X135.203 Y107.861 E573.25014
G1 X135.204 Y107.949
G1 X133.58 Y106.326 E573.29596
G0 F9000 X133.505 Y102.105
G1 F3000 X135.077 Y101.683 E573.32844
G0 F9000 X132.891 Y101.507
G1 F3000 X133.316 Y99.923 E573.36117
G0 F9000 X128.676 Y101.421
G1 F3000 X127.049 Y99.795 E573.40707
G1 X127.139 Y99.793
G1 X126.703 Y101.421 E573.44071
G0 F9000 X120.927 Y99.795
G1 F3000 X120.491 Y101.421 E573.4743
G0 F9000 X120.19 Y101.421
G1 F3000 X118.565 Y99.795 E573.52018
G0 F9000 X118.942 Y99.795
G1 F3000 X112.874 Y101.421 E573.64554
G0 F9000 X111.705 Y101.421
G1 F3000 X110.081 Y99.797 E573.69137
G0 F9000 X108.503 Y99.795
G1 F3000 X108.067 Y101.422 E573.72499
G0 F9000 X103.22 Y101.421
G1 F3000 X101.714 Y99.915 E573.76749
G0 F9000 X102.291 Y99.799
G1 F3000 X101.775 Y101.722 E573.80722
G0 F9000 X101.775 Y101.59
G0 X101.422 Y103.041
G1 F3000 X99.792 Y109.124 E573.9329
G0 F9000 X101.422 Y108.108
G1 F3000 X99.792 Y106.478 E573.9789
G0 F9000 X99.792 Y104.926
G1 F3000 X101.422 Y104.49 E574.01257
G0 F9000 X101.421 Y110.701
G1 F3000 X99.793 Y111.138 E574.04621
G0 F9000 X99.792 Y114.964
G1 F3000 X101.422 Y116.593 E574.0922
G0 F9000 X101.421 Y116.913
G1 F3000 X99.793 Y117.349 E574.12583
G0 F9000 X101.421 Y123.125
G1 F3000 X99.792 Y123.561 E574.15949
G1 X99.792 Y123.449
G1 X101.422 Y125.079 E574.20549
G0 F9000 X101.422 Y126.223
G1 F3000 X99.792 Y132.304 E574.33113
G0 F9000 X99.792 Y131.934
G1 F3000 X103.062 Y135.204 E574.42341
G0 F9000 X102.706 Y135.204
G1 F3000 X108.771 Y133.579 E574.54871
G0 F9000 X109.922 Y133.579
G1 F3000 X111.547 Y135.204 E574.59458
G1 X111.439 Y135.204
G1 X111.874 Y133.579 E574.62815
G0 F9000 X105.663 Y133.579
G1 F3000 X105.227 Y135.205 E574.66174
G0 F9000 X101.662 Y133.338
G0 X101.422 Y129.336
G1 F3000 X99.793 Y129.773 E574.6954
G1 F2700 E569.6954
G0 F9000 X101.662 Y101.662
G0 X114.279 Y101.421
G1 F2700 E574.6954
G1 F3000 X114.715 Y99.795 E574.72899
G1 F2700 E569.72899
G0 F9000 X133.338 Y101.662
G0 X133.581 Y120.719
G1 F2700 E574.72899
G1 F3000 X135.204 Y120.284 E574.76253
G0 F9000 X135.075 Y120.283
;MESH:NONMESH
G0 F300 X135.075 Y120.283 Z1.92
G0 F9000 X133.338 Y133.338
G0 X117.5 Y133.499
;TIME_ELAPSED:1411.845696
;LAYER:15
;TYPE:WALL-INNER
;MESH:robotface-cover.stl
G1 F1500 X102.384 Y133.499 E575.06418
G1 X102.14 Y133.434 E575.06922
G1 X101.864 Y133.284 E575.07549
G1 X101.605 Y132.98 E575.08346
G1 X101.505 Y132.607 E575.09117
G1 X101.502 Y102.432 E575.69334
G1 X101.538 Y102.223 E575.69757
G1 X101.683 Y101.893 E575.70477
G1 X102.006 Y101.63 E575.71308
G1 X102.24 Y101.534 E575.71813
G1 X102.451 Y101.501 E575.72239
G1 X132.557 Y101.501 E576.32319
G1 X132.956 Y101.608 E576.33143
G1 X133.28 Y101.872 E576.33977
G1 X133.395 Y102.052 E576.34403
G1 X133.499 Y102.35 E576.35033
G1 X133.5 Y132.548 E576.95296
G1 X133.454 Y132.803 E576.95814
G1 X133.28 Y133.128 E576.96549
G1 X133.004 Y133.365 E576.97275
G1 X132.803 Y133.454 E576.97714
G1 X132.548 Y133.499 E576.98231
G1 X117.5 Y133.499 E577.28261
G0 F9000 X117.5 Y133.099
G1 F1500 X102.433 Y133.097 E577.58328
G1 X102.168 Y133.001 E577.58891
G1 X101.965 Y132.774 E577.59499
G1 X101.903 Y132.565 E577.59934
G1 X101.901 Y102.459 E578.20013
G1 X101.932 Y102.304 E578.20329
G1 X102.048 Y102.104 E578.2079
G1 X102.255 Y101.951 E578.21304
G1 X102.47 Y101.9 E578.21745
G1 X132.535 Y101.9 E578.81743
G1 X132.774 Y101.965 E578.82237
G1 X132.925 Y102.075 E578.8261
G1 X133.061 Y102.283 E578.83106
G1 X133.1 Y102.469 E578.83485
G1 X133.101 Y132.565 E579.43545
G1 X132.987 Y132.853 E579.44163
G1 X132.877 Y132.968 E579.44481
G1 X132.682 Y133.072 E579.44922
G1 X132.529 Y133.1 E579.45232
G1 X117.5 Y133.099 E579.75224
G0 F9000 X117.5 Y133.41
G0 X117.5 Y135.379
G1 F1500 X132.544 Y135.377 E580.05246
G1 X132.805 Y135.364 E580.05767
G1 X133.101 Y135.317 E580.06366
G1 X133.379 Y135.24 E580.06941
G1 X133.671 Y135.128 E580.07565
G1 X133.944 Y134.991 E580.08175
G1 X134.191 Y134.83 E580.08763
G1 X134.419 Y134.646 E580.09348
G1 X134.646 Y134.419 E580.09989
G1 X134.829 Y134.19 E580.10574
G1 X134.991 Y133.944 E580.11161
G1 X135.128 Y133.671 E580.11771
G1 X135.24 Y133.379 E580.12395
G1 X135.316 Y133.101 E580.1297
G1 X135.363 Y132.805 E580.13568
G1 X135.38 Y132.464 E580.1425
G1 X135.379 Y102.489 E580.74068
G1 X135.364 Y102.192 E580.74661
G1 X135.317 Y101.895 E580.75262
G1 X135.24 Y101.617 E580.75837
G1 X135.128 Y101.325 E580.76461
G1 X134.992 Y101.054 E580.77066
G1 X134.831 Y100.812 E580.77646
G1 X134.646 Y100.581 E580.78237
G1 X134.415 Y100.35 E580.78889
G1 X134.187 Y100.163 E580.79477
G1 X133.946 Y100.009 E580.80048
G1 X133.667 Y99.867 E580.80673
G1 X133.379 Y99.756 E580.81289
G1 X133.105 Y99.681 E580.81856
G1 X132.805 Y99.636 E580.82461
G1 X132.459 Y99.617 E580.83153
G1 X102.529 Y99.616 E581.42881
G1 X102.258 Y99.63 E581.43423
G1 X101.848 Y99.679 E581.44247
G1 X101.464 Y99.81 E581.45056
G1 X101.078 Y99.981 E581.45899
G1 X100.671 Y100.258 E581.46881
G1 X100.322 Y100.603 E581.47861
G1 X100.041 Y100.993 E581.4882
G1 X99.849 Y101.355 E581.49638
G1 X99.724 Y101.718 E581.50404
G1 X99.646 Y102.109 E581.512
G1 X99.616 Y102.542 E581.52066
G1 X99.616 Y132.478 E582.11806
G1 X99.636 Y132.804 E582.12458
G1 X99.681 Y133.105 E582.13065
G1 X99.756 Y133.379 E582.13632
G1 X99.867 Y133.667 E582.14248
G1 X100.009 Y133.944 E582.14869
G1 X100.168 Y134.194 E582.15461
G1 X100.349 Y134.419 E582.16037
G1 X100.576 Y134.644 E582.16675
G1 X100.809 Y134.83 E582.1727
G1 X101.054 Y134.992 E582.17856
G1 X101.325 Y135.128 E582.18461
G1 X101.617 Y135.24 E582.19085
G1 X101.895 Y135.317 E582.19661
G1 X102.191 Y135.364 E582.20259
G1 X102.532 Y135.38 E582.2094
G1 X117.5 Y135.379 E582.5081
G0 F9000 X117.5 Y135.78
G1 F1500 X132.473 Y135.78 E582.80691
G1 X132.846 Y135.762 E582.81436
G1 X133.185 Y135.708 E582.82121
G1 X133.504 Y135.621 E582.82781
G1 X133.833 Y135.494 E582.83485
G1 X134.144 Y135.338 E582.84179
G1 X134.426 Y135.154 E582.84851
G1 X134.686 Y134.944 E582.85518
G1 X134.944 Y134.686 E582.86246
G1 X135.153 Y134.426 E582.86912
G1 X135.338 Y134.144 E582.87585
G1 X135.494 Y133.833 E582.88279
G1 X135.621 Y133.504 E582.88983
G1 X135.708 Y133.185 E582.89643
G1 X135.762 Y132.846 E582.90328
G1 X135.78 Y132.473 E582.91073
G1 X135.78 Y102.503 E583.50881
G1 X135.762 Y102.151 E583.51585
G1 X135.708 Y101.811 E583.52272
G1 X135.621 Y101.492 E583.52932
G1 X135.494 Y101.163 E583.53635
G1 X135.339 Y100.853 E583.54327
G1 X135.155 Y100.575 E583.54992
G1 X134.944 Y100.314 E583.55662
G1 X134.684 Y100.054 E583.56396
G1 X134.422 Y99.839 E583.57072
G1 X134.145 Y99.662 E583.57728
G1 X133.831 Y99.501 E583.58432
G1 X133.504 Y99.375 E583.59132
G1 X133.188 Y99.289 E583.59785
G1 X132.846 Y99.238 E583.60475
G1 X132.47 Y99.217 E583.61227
G1 X102.519 Y99.216 E584.20997
G1 X102.224 Y99.231 E584.21587
G1 X101.916 Y99.268 E584.22206
G1 X101.64 Y99.328 E584.22769
G1 X101.319 Y99.436 E584.23445
G1 X100.882 Y99.63 E584.24399
G1 X100.562 Y99.849 E584.25173
G1 X100.352 Y100.013 E584.25705
G1 X100.017 Y100.341 E584.26641
G1 X99.7 Y100.782 E584.27724
G1 X99.481 Y101.196 E584.28659
G1 X99.337 Y101.614 E584.29541
G1 X99.249 Y102.056 E584.30441
G1 X99.216 Y102.529 E584.31387
G1 X99.216 Y132.49 E584.91177
G1 X99.238 Y132.845 E584.91887
G1 X99.289 Y133.188 E584.92579
G1 X99.375 Y133.504 E584.93233
G1 X99.501 Y133.831 E584.93932
G1 X99.662 Y134.144 E584.94635
G1 X99.844 Y134.428 E584.95308
G1 X100.051 Y134.686 E584.95968
G1 X100.309 Y134.943 E584.96694
G1 X100.573 Y135.154 E584.97369
G1 X100.853 Y135.339 E584.98039
G1 X101.163 Y135.494 E584.9873
G1 X101.492 Y135.621 E584.99434
G1 X101.811 Y135.708 E585.00094
G1 X102.15 Y135.762 E585.00779
G1 X102.523 Y135.78 E585.01524
G1 X117.5 Y135.78 E585.31412
G0 F9000 X117.5 Y136.18
;TYPE:WALL-OUTER
G1 F1500 X132.483 Y136.18 E585.61313
G1 X132.887 Y136.16 E585.6212
G1 X133.269 Y136.1 E585.62891
G1 X133.629 Y136.001 E585.63637
G1 X133.995 Y135.86 E585.64419
G1 X134.344 Y135.686 E585.65198
G1 X134.662 Y135.478 E585.65956
G1 X134.954 Y135.242 E585.66705
G1 X135.242 Y134.954 E585.67518
G1 X135.477 Y134.662 E585.68266
G1 X135.686 Y134.344 E585.69025
G1 X135.86 Y133.995 E585.69803
G1 X136.001 Y133.629 E585.70586
G1 X136.1 Y133.269 E585.71331
G1 X136.16 Y132.887 E585.72103
G1 X136.18 Y132.483 E585.7291
G1 X136.18 Y102.493 E586.32758
G1 X136.16 Y102.109 E586.33526
G1 X136.1 Y101.727 E586.34297
G1 X136.001 Y101.367 E586.35043
G1 X135.86 Y101.001 E586.35825
G1 X135.686 Y100.653 E586.36602
G1 X135.478 Y100.339 E586.37353
G1 X135.242 Y100.046 E586.38104
G1 X134.953 Y99.757 E586.3892
G1 X134.658 Y99.515 E586.39681
G1 X134.344 Y99.314 E586.40425
G1 X133.994 Y99.135 E586.4121
G1 X133.629 Y98.995 E586.4199
G1 X133.27 Y98.897 E586.42733
G1 X132.887 Y98.84 E586.43505
G1 X132.482 Y98.817 E586.44315
G1 X102.509 Y98.816 E587.04129
G1 X102.19 Y98.832 E587.04767
G1 X101.85 Y98.874 E587.0545
G1 X101.534 Y98.942 E587.06095
G1 X101.173 Y99.063 E587.06855
G1 X100.686 Y99.28 E587.07919
G1 X100.326 Y99.526 E587.08789
G1 X100.088 Y99.711 E587.09391
G1 X99.713 Y100.079 E587.10439
G1 X99.359 Y100.57 E587.11647
G1 X99.113 Y101.036 E587.12699
G1 X98.95 Y101.509 E587.13697
G1 X98.851 Y102.003 E587.14703
G1 X98.816 Y102.515 E587.15727
G1 X98.816 Y132.502 E587.75569
G1 X98.84 Y132.887 E587.76339
G1 X98.897 Y133.27 E587.77112
G1 X98.995 Y133.629 E587.77854
G1 X99.135 Y133.994 E587.78634
G1 X99.314 Y134.344 E587.79419
G1 X99.519 Y134.662 E587.80174
G1 X99.753 Y134.954 E587.80921
G1 X100.042 Y135.242 E587.81735
G1 X100.338 Y135.478 E587.8249
G1 X100.653 Y135.686 E587.83244
G1 X101.001 Y135.86 E587.8402
G1 X101.367 Y136.001 E587.84803
G1 X101.727 Y136.1 E587.85548
G1 X102.109 Y136.16 E587.8632
G1 X102.513 Y136.18 E587.87127
G1 X117.5 Y136.18 E588.17035
G1 F2700 E583.17035
G0 F9000 X117.5 Y135.472
G0 X117.5 Y133.41
G0 X117.5 Y132.698
G1 F2700 E588.17035
G1 F1500 X102.468 Y132.698 E588.47033
G1 X102.375 Y132.657 E588.47236
G1 X102.304 Y132.543 E588.47504
G1 X102.301 Y102.472 E589.07514
G1 X102.349 Y102.368 E589.07742
G1 X102.448 Y102.306 E589.07975
G1 X132.53 Y102.301 E589.68007
G1 X132.65 Y102.366 E589.6828
G1 X132.698 Y102.468 E589.68505
G1 X132.701 Y132.538 E590.28512
G1 X132.61 Y132.668 E590.28829
G1 X132.532 Y132.698 E590.28996
G1 X117.5 Y132.698 E590.58994
G0 F9000 X117.5 Y133.41
G0 X117.998 Y133.579
;TYPE:FILL
G1 F3000 X117.537 Y135.299 E590.62548
G0 F9000 X118.527 Y133.579
G1 F3000 X120.246 Y135.298 E590.67399
G0 F9000 X123.749 Y135.299
G1 F3000 X124.21 Y133.578 E590.70954
G0 F9000 X125.865 Y135.298
G1 F3000 X132.28 Y133.579 E590.84208
G0 F9000 X133.184 Y133.337
G1 F3000 X135.284 Y132.774 E590.88547
G0 F9000 X135.188 Y133.268
G1 F3000 X133.58 Y131.66 E590.93085
G0 F9000 X133.338 Y133.338
G0 X130.421 Y133.579
G1 F3000 X129.96 Y135.298 E590.96636
G0 F9000 X128.731 Y135.297
G1 F3000 X127.013 Y133.579 E591.01485
G0 F9000 X133.338 Y133.338
G0 X133.581 Y127.019
G1 F3000 X135.299 Y126.558 E591.05035
G0 F9000 X135.3 Y124.896
G1 F3000 X133.58 Y123.175 E591.0989
G0 F9000 X133.58 Y121.79
G1 F3000 X135.299 Y115.373 E591.23148
G0 F9000 X135.299 Y116.41
G1 F3000 X133.579 Y114.689 E591.28003
G1 X133.58 Y114.596
G1 X135.299 Y114.135 E591.31555
G0 F9000 X133.58 Y108.384
G1 F3000 X135.299 Y107.923 E591.35107
G1 X135.299 Y107.924
G1 X133.579 Y106.204 E591.39961
G0 F9000 X133.526 Y102.187
G1 F3000 X135.192 Y101.74 E591.43403
G0 F9000 X132.814 Y101.468
G1 F3000 X133.259 Y99.807 E591.46835
G0 F9000 X128.796 Y101.421
G1 F3000 X127.072 Y99.697 E591.517
G1 X127.077 Y99.696
G1 X126.615 Y101.421 E591.55264
G0 F9000 X120.865 Y99.696
G1 F3000 X120.403 Y101.421 E591.58828
G1 X120.311 Y101.421
G1 X118.587 Y99.697 E591.63693
G0 F9000 X119.638 Y99.697
G1 F3000 X113.201 Y101.421 E591.76992
G0 F9000 X114.191 Y101.422
G1 F3000 X114.654 Y99.696 E591.80558
G0 F9000 X111.825 Y101.421
G1 F3000 X110.101 Y99.696 E591.85425
G0 F9000 X108.442 Y99.696
G1 F3000 X107.979 Y101.422 E591.88991
G0 F9000 X103.34 Y101.421
G1 F3000 X101.724 Y99.805 E591.93552
G0 F9000 X102.226 Y99.713
G1 F3000 X101.651 Y101.857 E591.97982
G0 F9000 X101.421 Y102.715
G1 F3000 X99.696 Y109.153 E592.11282
G0 F9000 X101.422 Y107.989
G1 F3000 X99.696 Y106.262 E592.16155
G0 F9000 X99.696 Y105.04
G1 F3000 X101.422 Y104.578 E592.19721
G0 F9000 X101.422 Y110.789
G1 F3000 X99.696 Y111.252 E592.23287
G0 F9000 X99.696 Y114.747
G1 F3000 X101.422 Y116.474 E592.28159
G0 F9000 X101.422 Y117.001
G1 F3000 X99.697 Y117.463 E592.31723
G0 F9000 X99.696 Y123.232
G1 F3000 X101.422 Y124.959 E592.36596
G0 F9000 X101.422 Y125.895
G1 F3000 X99.696 Y132.336 E592.49903
G0 F9000 X99.696 Y131.718
G1 F3000 X103.277 Y135.299 E592.60009
G0 F9000 X102.674 Y135.3
G1 F3000 X109.097 Y133.579 E592.73279
G0 F9000 X110.042 Y133.579
G1 F3000 X111.762 Y135.299 E592.78133
G0 F9000 X111.325 Y135.3
G1 F3000 X111.786 Y133.578 E592.81691
G0 F9000 X105.575 Y133.578
G1 F3000 X105.113 Y135.301 E592.85251
G0 F9000 X101.662 Y133.338
G0 X101.422 Y129.424
G1 F3000 X99.697 Y129.886 E592.88815
G0 F9000 X99.696 Y123.675
G1 F3000 X101.422 Y123.213 E592.9238
G1 F2700 E587.9238
G0 F9000 X101.662 Y133.338
G0 X133.338 Y133.338
G0 X133.58 Y120.807
G1 F2700 E592.9238
G1 F3000 X135.299 Y120.347 E592.95931
G0 F9000 X135.172 Y120.346
;MESH:NONMESH
G0 F300 X135.172 Y120.346 Z2.04
G0 F9000 X133.338 Y133.338
G0 X117.5 Y133.499
;TIME_ELAPSED:1456.509547
;LAYER:16
;TYPE:WALL-INNER
;MESH:robotface-cover.stl
G1 F1500 X102.444 Y133.499 E593.25977
G1 X102.049 Y133.393 E593.26793
G1 X101.863 Y133.272 E593.27236
G1 X101.657 Y133.04 E593.27855
G1 X101.533 Y132.757 E593.28472
G1 X101.501 Y132.559 E593.28872
G1 X101.5 Y102.319 E593.89219
G1 X101.639 Y101.989 E593.89934
G1 X101.89 Y101.707 E593.90687
G1 X102.227 Y101.537 E593.91441
G1 X102.462 Y101.5 E593.91915
G1 X132.556 Y101.501 E594.51971
G1 X132.862 Y101.567 E594.52596
G1 X133.208 Y101.792 E594.5342
G1 X133.364 Y101.996 E594.53932
G1 X133.452 Y102.192 E594.54361
G1 X133.498 Y102.452 E594.54888
G1 X133.499 Y132.556 E595.14964
G1 X133.437 Y132.854 E595.15571
G1 X133.339 Y133.046 E595.16001
G1 X133.132 Y133.275 E595.16617
G1 X132.767 Y133.465 E595.17438
G1 X132.547 Y133.499 E595.17883
G1 X117.5 Y133.499 E595.4791
G0 F9000 X117.5 Y133.097
G1 F1500 X102.466 Y133.1 E595.77912
G1 X102.315 Y133.072 E595.78219
G1 X102.078 Y132.928 E595.78772
G1 X101.928 Y132.684 E595.79344
G1 X101.9 Y132.536 E595.79645
G1 X101.901 Y102.464 E596.39656
G1 X101.983 Y102.193 E596.40221
G1 X102.209 Y101.974 E596.40849
G1 X102.454 Y101.901 E596.4136
G1 X132.596 Y101.9 E597.01511
G1 X132.824 Y101.993 E597.02003
G1 X133.019 Y102.197 E597.02566
G1 X133.099 Y102.471 E597.03135
G1 X133.1 Y132.596 E597.63253
G1 X133.004 Y132.828 E597.63754
G1 X132.828 Y133.004 E597.64251
G1 X132.593 Y133.094 E597.64753
G1 X117.5 Y133.097 E597.94873
G0 F9000 X117.5 Y133.41
G0 X117.5 Y135.477
G1 F1500 X132.545 Y135.473 E598.24897
G1 X132.819 Y135.459 E598.25444
G1 X133.121 Y135.412 E598.26054
G1 X133.414 Y135.332 E598.2666
G1 X133.71 Y135.22 E598.27292
G1 X133.99 Y135.077 E598.27919
G1 X134.245 Y134.911 E598.28526
G1 X134.488 Y134.713 E598.29152
G1 X134.716 Y134.485 E598.29795
G1 X134.91 Y134.246 E598.3041
G1 X135.077 Y133.99 E598.3102
G1 X135.22 Y133.71 E598.31647
G1 X135.332 Y133.414 E598.32279
G1 X135.412 Y133.121 E598.32885
G1 X135.46 Y132.815 E598.33503
G1 X135.48 Y132.46 E598.34213
G1 X135.474 Y102.453 E598.94095
G1 X135.46 Y102.175 E598.9465
G1 X135.413 Y101.879 E598.95248
G1 X135.332 Y101.583 E598.95861
G1 X135.22 Y101.289 E598.96489
G1 X135.076 Y101.004 E598.97126
G1 X134.91 Y100.75 E598.97731
G1 X134.716 Y100.511 E598.98346
G1 X134.488 Y100.284 E598.98988
G1 X134.248 Y100.088 E598.99606
G1 X133.994 Y99.925 E599.00208
G1 X133.706 Y99.778 E599.00854
G1 X133.414 Y99.665 E599.01478
G1 X133.126 Y99.589 E599.02073
G1 X132.815 Y99.54 E599.02701
G1 X132.46 Y99.521 E599.03411
G1 X102.523 Y99.52 E599.63153
G1 X102.267 Y99.529 E599.63664
G1 X102.009 Y99.564 E599.64184
G1 X101.57 Y99.661 E599.65081
G1 X101.2 Y99.82 E599.65885
G1 X100.89 Y99.992 E599.66592
G1 X100.481 Y100.306 E599.67621
G1 X100.184 Y100.626 E599.68493
G1 X99.938 Y100.978 E599.6935
G1 X99.757 Y101.339 E599.70155
G1 X99.627 Y101.721 E599.70961
G1 X99.546 Y102.109 E599.71752
G1 X99.52 Y102.539 E599.72611
G1 X99.52 Y132.478 E600.32358
G1 X99.54 Y132.813 E600.33028
G1 X99.588 Y133.126 E600.3366
G1 X99.665 Y133.414 E600.34254
G1 X99.778 Y133.706 E600.34879
G1 X99.925 Y133.994 E600.35525
G1 X100.088 Y134.249 E600.36128
G1 X100.278 Y134.482 E600.36728
G1 X100.511 Y134.712 E600.37382
G1 X100.753 Y134.913 E600.3801
G1 X101.004 Y135.076 E600.38607
G1 X101.289 Y135.22 E600.39244
G1 X101.583 Y135.332 E600.39872
G1 X101.878 Y135.413 E600.40482
G1 X102.182 Y135.461 E600.41097
G1 X102.536 Y135.48 E600.41804
G1 X117.5 Y135.477 E600.71666
G0 F9000 X117.5 Y135.878
G1 F1500 X132.474 Y135.876 E601.01549
G1 X132.859 Y135.858 E601.02318
G1 X133.205 Y135.804 E601.03017
G1 X133.538 Y135.712 E601.03706
G1 X133.872 Y135.586 E601.04418
G1 X134.191 Y135.423 E601.05133
G1 X134.481 Y135.234 E601.05824
G1 X134.757 Y135.01 E601.06533
G1 X135.013 Y134.753 E601.07257
G1 X135.234 Y134.482 E601.07955
G1 X135.423 Y134.191 E601.08648
G1 X135.586 Y133.872 E601.09363
G1 X135.712 Y133.538 E601.10075
G1 X135.804 Y133.205 E601.10764
G1 X135.858 Y132.857 E601.11467
G1 X135.88 Y132.471 E601.12239
G1 X135.876 Y102.503 E601.72043
G1 X135.858 Y102.134 E601.7278
G1 X135.804 Y101.795 E601.73465
G1 X135.712 Y101.459 E601.74161
G1 X135.586 Y101.127 E601.74869
G1 X135.423 Y100.804 E601.75591
G1 X135.234 Y100.514 E601.76282
G1 X135.013 Y100.243 E601.7698
G1 X134.757 Y99.986 E601.77704
G1 X134.483 Y99.763 E601.78409
G1 X134.193 Y99.578 E601.79095
G1 X133.87 Y99.413 E601.79819
G1 X133.538 Y99.284 E601.8053
G1 X133.208 Y99.197 E601.81211
G1 X132.857 Y99.142 E601.8192
G1 X132.471 Y99.121 E601.82691
G1 X102.516 Y99.12 E602.4247
G1 X102.234 Y99.131 E602.43033
G1 X101.943 Y99.169 E602.43619
G1 X101.49 Y99.261 E602.44541
G1 X101.024 Y99.46 E602.45552
G1 X100.67 Y99.656 E602.4636
G1 X100.211 Y100.009 E602.47515
G1 X99.872 Y100.374 E602.48509
G1 X99.593 Y100.772 E602.49479
G1 X99.387 Y101.184 E602.50399
G1 X99.24 Y101.615 E602.51307
G1 X99.149 Y102.056 E602.52206
G1 X99.12 Y102.527 E602.53148
G1 X99.12 Y132.49 E603.12942
G1 X99.142 Y132.856 E603.13674
G1 X99.196 Y133.208 E603.14384
G1 X99.284 Y133.538 E603.15066
G1 X99.413 Y133.87 E603.15777
G1 X99.578 Y134.193 E603.16501
G1 X99.764 Y134.483 E603.17188
G1 X99.981 Y134.752 E603.17878
G1 X100.243 Y135.01 E603.18612
G1 X100.516 Y135.235 E603.19318
G1 X100.804 Y135.423 E603.20004
G1 X101.127 Y135.586 E603.20726
G1 X101.459 Y135.712 E603.21435
G1 X101.794 Y135.804 E603.22128
G1 X102.14 Y135.859 E603.22827
G1 X102.525 Y135.88 E603.23597
G1 X117.5 Y135.878 E603.53481
G0 F9000 X117.5 Y136.278
;TYPE:WALL-OUTER
G1 F1500 X132.483 Y136.276 E603.83381
G1 X132.899 Y136.256 E603.84212
G1 X133.289 Y136.196 E603.85
G1 X133.662 Y136.093 E603.85772
G1 X134.034 Y135.952 E603.86566
G1 X134.391 Y135.77 E603.87365
G1 X134.717 Y135.558 E603.88141
G1 X135.025 Y135.307 E603.88934
G1 X135.311 Y135.021 E603.89741
G1 X135.558 Y134.718 E603.90522
G1 X135.77 Y134.391 E603.91299
G1 X135.952 Y134.034 E603.92099
G1 X136.093 Y133.662 E603.92893
G1 X136.196 Y133.289 E603.93665
G1 X136.256 Y132.899 E603.94453
G1 X136.28 Y132.482 E603.95286
G1 X136.276 Y102.493 E604.55132
G1 X136.256 Y102.093 E604.55932
G1 X136.196 Y101.711 E604.56703
G1 X136.093 Y101.335 E604.57481
G1 X135.952 Y100.965 E604.58271
G1 X135.77 Y100.604 E604.59078
G1 X135.558 Y100.278 E604.59854
G1 X135.311 Y99.975 E604.60634
G1 X135.025 Y99.689 E604.61442
G1 X134.718 Y99.439 E604.62232
G1 X134.392 Y99.23 E604.63004
G1 X134.034 Y99.047 E604.63807
G1 X133.662 Y98.903 E604.64603
G1 X133.29 Y98.805 E604.6537
G1 X132.899 Y98.744 E604.6616
G1 X132.482 Y98.721 E604.66994
G1 X102.508 Y98.72 E605.2681
G1 X102.201 Y98.732 E605.27423
G1 X101.877 Y98.774 E605.28075
G1 X101.467 Y98.858 E605.2891
G1 X101.22 Y98.941 E605.2943
G1 X100.848 Y99.1 E605.30238
G1 X100.45 Y99.32 E605.31145
G1 X99.94 Y99.713 E605.3243
G1 X99.56 Y100.122 E605.33544
G1 X99.249 Y100.567 E605.34628
G1 X99.017 Y101.03 E605.35661
G1 X98.854 Y101.509 E605.36671
G1 X98.751 Y102.003 E605.37678
G1 X98.72 Y102.515 E605.38701
G1 X98.72 Y132.502 E605.98544
G1 X98.744 Y132.898 E605.99335
G1 X98.804 Y133.29 E606.00127
G1 X98.903 Y133.662 E606.00895
G1 X99.047 Y134.034 E606.01691
G1 X99.23 Y134.392 E606.02493
G1 X99.439 Y134.718 E606.03266
G1 X99.685 Y135.021 E606.04045
G1 X99.975 Y135.307 E606.04858
G1 X100.279 Y135.558 E606.05645
G1 X100.604 Y135.77 E606.06419
G1 X100.965 Y135.952 E606.07226
G1 X101.335 Y136.093 E606.08016
G1 X101.71 Y136.196 E606.08792
G1 X102.098 Y136.257 E606.09576
G1 X102.514 Y136.28 E606.10407
G1 X117.5 Y136.278 E606.40313
G1 F2700 E601.40313
G0 F9000 X117.5 Y135.569
G0 X117.5 Y133.41
G0 X117.5 Y132.698
G1 F2700 E606.40313
G1 F1500 X102.458 Y132.696 E606.70331
G1 X102.344 Y132.627 E606.70597
G1 X102.306 Y132.552 E606.70765
G1 X102.301 Y102.473 E607.30791
G1 X102.378 Y102.341 E607.31096
G1 X102.474 Y102.301 E607.31304
G1 X132.531 Y102.302 E607.91285
G1 X132.656 Y102.373 E607.91572
G1 X132.699 Y102.477 E607.91797
G1 X132.7 Y132.546 E608.51803
G1 X132.65 Y132.634 E608.52005
G1 X132.523 Y132.699 E608.5229
G1 X117.5 Y132.698 E608.8227
G0 F9000 X117.91 Y133.578
;TYPE:FILL
G1 F3000 X117.423 Y135.397 E608.86027
G0 F9000 X118.648 Y133.58
G1 F3000 X120.464 Y135.395 E608.91151
G0 F9000 X123.635 Y135.396
G1 F3000 X124.122 Y133.578 E608.94907
G0 F9000 X125.833 Y135.394
G1 F3000 X132.698 Y133.555 E609.0909
G1 X132.846 Y133.515
G1 X135.374 Y132.838 E609.14313
G0 F9000 X135.293 Y133.254
G1 F3000 X133.578 Y131.539 E609.19153
G0 F9000 X133.338 Y133.338
G0 X130.333 Y133.578
G1 F3000 X129.847 Y135.394 E609.22904
G0 F9000 X128.948 Y135.394
G1 F3000 X127.134 Y133.58 E609.28024
G0 F9000 X133.338 Y133.338
G0 X133.579 Y127.107
G1 F3000 X135.398 Y126.62 E609.31782
G0 F9000 X135.398 Y124.874
G1 F3000 X133.578 Y123.054 E609.36918
G0 F9000 X133.578 Y121.468
G1 F3000 X135.396 Y114.684 E609.50934
G0 F9000 X135.396 Y114.197
G1 F3000 X133.579 Y114.684 E609.54688
G1 X133.577 Y114.568
G1 X135.397 Y116.387 E609.59823
G0 F9000 X135.398 Y120.408
G1 F3000 X133.579 Y120.896 E609.63581
G0 F9000 X133.578 Y108.472
G1 F3000 X135.394 Y107.986 E609.67333
G1 X135.395 Y107.9
G1 X133.577 Y106.082 E609.72464
G0 F9000 X133.547 Y102.269
G1 F3000 X135.308 Y101.797 E609.76102
G0 F9000 X132.728 Y101.459
G1 F3000 X133.202 Y99.691 E609.79755
G0 F9000 X128.915 Y101.42
G1 F3000 X127.096 Y99.601 E609.84889
G1 X127.014 Y99.601
G1 X126.527 Y101.421 E609.88648
G0 F9000 X120.803 Y99.6
G1 F3000 X120.315 Y101.421 E609.92411
G1 X120.43 Y101.42
G1 X118.611 Y99.601 E609.97544
G0 F9000 X120.324 Y99.601
G1 F3000 X113.533 Y101.42 E610.11574
G0 F9000 X114.103 Y101.421
G1 F3000 X114.591 Y99.6 E610.15336
G0 F9000 X111.945 Y101.42
G1 F3000 X110.126 Y99.601 E610.2047
G0 F9000 X108.38 Y99.6
G1 F3000 X107.892 Y101.42 E610.2423
G0 F9000 X103.46 Y101.42
G1 F3000 X101.743 Y99.704 E610.29075
G0 F9000 X102.161 Y99.624
G1 F3000 X101.481 Y102.163 E610.3432
G1 X101.442 Y102.31
G1 X99.6 Y109.183 E610.4852
G0 F9000 X99.601 Y111.365
G1 F3000 X101.421 Y110.877 E610.5228
G0 F9000 X101.422 Y107.868
G1 F3000 X99.6 Y106.046 E610.57422
G0 F9000 X99.601 Y105.154
G1 F3000 X101.421 Y104.666 E610.61183
G0 F9000 X99.6 Y114.531
G1 F3000 X101.422 Y116.354 E610.66326
G0 F9000 X101.421 Y117.089
G1 F3000 X99.601 Y117.577 E610.70086
G0 F9000 X99.6 Y123.016
G1 F3000 X101.422 Y124.838 E610.75228
G0 F9000 X101.421 Y125.569
G1 F3000 X99.6 Y132.365 E610.89269
G0 F9000 X99.6 Y131.501
G1 F3000 X103.497 Y135.399 E611.00269
G0 F9000 X102.631 Y135.4
G1 F3000 X109.426 Y133.579 E611.14307
G0 F9000 X110.163 Y133.58
G1 F3000 X111.981 Y135.398 E611.19438
G0 F9000 X111.211 Y135.398
G1 F3000 X111.698 Y133.578 E611.23198
G0 F9000 X105.487 Y133.579
G1 F3000 X104.999 Y135.399 E611.26958
G0 F9000 X101.662 Y133.338
G0 X101.42 Y129.513
G1 F3000 X99.6 Y130 E611.30718
G0 F9000 X99.601 Y123.788
G1 F3000 X101.42 Y123.301 E611.34476
G0 F9000 X101.29 Y123.301
;MESH:NONMESH
G0 F300 X101.29 Y123.301 Z2.16
G0 F9000 X101.662 Y133.338
G0 X117.5 Y133.497
;TIME_ELAPSED:1500.030864
;LAYER:17
;TYPE:WALL-INNER
;MESH:robotface-cover.stl
G1 F1500 X102.391 Y133.495 E611.64627
G1 X102.145 Y133.436 E611.65132
G1 X101.874 Y133.281 E611.65755
G1 X101.607 Y132.952 E611.66601
G1 X101.501 Y132.562 E611.67407
G1 X101.501 Y102.44 E612.27519
G1 X101.603 Y102.055 E612.28314
G1 X101.759 Y101.827 E612.28865
G1 X102.093 Y101.586 E612.29687
G1 X102.42 Y101.502 E612.30361
G1 X132.708 Y101.501 E612.90804
G1 X133.049 Y101.662 E612.91556
G1 X133.34 Y101.956 E612.92382
G1 X133.496 Y102.305 E612.93145
G1 X133.5 Y132.618 E613.53638
G1 X133.437 Y132.852 E613.54121
G1 X133.311 Y133.087 E613.54653
G1 X133.122 Y133.284 E613.55198
G1 X132.905 Y133.415 E613.55704
G1 X132.562 Y133.499 E613.56409
G1 X117.5 Y133.497 E613.86467
G0 F9000 X117.5 Y133.099
G1 F1500 X102.467 Y133.1 E614.16467
G1 X102.287 Y133.062 E614.16834
G1 X102.099 Y132.948 E614.17272
G1 X101.951 Y132.744 E614.17775
G1 X101.902 Y132.561 E614.18153
G1 X101.901 Y102.464 E614.78215
G1 X101.943 Y102.275 E614.78602
G1 X102.088 Y102.062 E614.79116
G1 X102.256 Y101.951 E614.79518
G1 X102.452 Y101.901 E614.79921
G1 X132.59 Y101.905 E615.40065
G1 X132.877 Y102.032 E615.40691
G1 X133.033 Y102.222 E615.41182
G1 X133.098 Y102.439 E615.41634
G1 X133.1 Y132.533 E616.0169
G1 X133.049 Y132.744 E616.02123
G1 X132.873 Y132.971 E616.02696
G1 X132.564 Y133.097 E616.03362
G1 X117.5 Y133.099 E616.33424
G0 F9000 X117.5 Y133.41
G0 X117.5 Y135.568
G1 F1500 X132.501 Y135.568 E616.6336
G1 X132.822 Y135.548 E616.64002
G1 X133.146 Y135.499 E616.64656
G1 X133.443 Y135.419 E616.6527
G1 X133.743 Y135.305 E616.6591
G1 X134.035 Y135.154 E616.66566
G1 X134.302 Y134.98 E616.67202
G1 X134.547 Y134.786 E616.67826
G1 X134.784 Y134.545 E616.685
G1 X134.981 Y134.299 E616.69129
G1 X135.154 Y134.035 E616.69759
G1 X135.304 Y133.745 E616.70411
G1 X135.417 Y133.443 E616.71054
G1 X135.496 Y133.145 E616.71669
G1 X135.547 Y132.821 E616.72324
G1 X135.568 Y132.46 E616.73046
G1 X135.568 Y102.488 E617.32858
G1 X135.548 Y102.182 E617.3347
G1 X135.496 Y101.848 E617.34144
G1 X135.418 Y101.557 E617.34746
G1 X135.305 Y101.251 E617.35397
G1 X135.154 Y100.965 E617.36042
G1 X134.98 Y100.695 E617.36683
G1 X134.786 Y100.453 E617.37302
G1 X134.546 Y100.214 E617.37978
G1 X134.299 Y100.014 E617.38612
G1 X134.039 Y99.844 E617.39232
G1 X133.743 Y99.695 E617.39893
G1 X133.438 Y99.576 E617.40547
G1 X133.146 Y99.497 E617.4115
G1 X132.825 Y99.449 E617.41798
G1 X132.46 Y99.429 E617.42528
G1 X102.524 Y99.428 E618.02268
G1 X102.132 Y99.445 E618.03051
G1 X101.806 Y99.511 E618.03715
G1 X101.522 Y99.595 E618.04306
G1 X101.244 Y99.697 E618.04897
G1 X100.802 Y99.94 E618.05903
G1 X100.422 Y100.231 E618.06859
G1 X100.078 Y100.611 E618.07881
G1 X99.85 Y100.959 E618.08712
G1 X99.661 Y101.34 E618.0956
G1 X99.529 Y101.721 E618.10365
G1 X99.455 Y102.099 E618.11134
G1 X99.428 Y102.538 E618.12012
G1 X99.428 Y132.509 E618.71822
G1 X99.448 Y132.817 E618.72438
G1 X99.5 Y133.145 E618.73101
G1 X99.578 Y133.439 E618.73708
G1 X99.695 Y133.745 E618.74361
G1 X99.843 Y134.039 E618.75018
G1 X100.015 Y134.299 E618.7564
G1 X100.21 Y134.543 E618.76264
G1 X100.453 Y134.785 E618.76948
G1 X100.695 Y134.98 E618.77568
G1 X100.965 Y135.154 E618.78209
G1 X101.255 Y135.306 E618.78863
G1 X101.552 Y135.419 E618.79497
G1 X101.853 Y135.499 E618.80118
G1 X102.175 Y135.547 E618.80768
G1 X102.536 Y135.568 E618.8149
G1 X117.5 Y135.568 E619.11352
G0 F9000 X117.5 Y135.968
G1 F1500 X132.513 Y135.968 E619.41312
G1 X132.864 Y135.946 E619.42014
G1 X133.228 Y135.891 E619.42748
G1 X133.566 Y135.8 E619.43447
G1 X133.907 Y135.671 E619.44175
G1 X134.237 Y135.5 E619.44916
G1 X134.536 Y135.305 E619.45629
G1 X134.814 Y135.084 E619.46337
G1 X135.083 Y134.812 E619.47101
G1 X135.305 Y134.534 E619.47811
G1 X135.5 Y134.237 E619.4852
G1 X135.67 Y133.908 E619.49259
G1 X135.799 Y133.565 E619.4999
G1 X135.888 Y133.227 E619.50688
G1 X135.946 Y132.863 E619.51423
G1 X135.968 Y132.471 E619.52207
G1 X135.968 Y102.475 E620.12067
G1 X135.946 Y102.138 E620.12741
G1 X135.888 Y101.765 E620.13494
G1 X135.8 Y101.435 E620.14176
G1 X135.671 Y101.089 E620.14913
G1 X135.5 Y100.763 E620.15647
G1 X135.305 Y100.46 E620.16366
G1 X135.084 Y100.186 E620.17069
G1 X134.814 Y99.916 E620.17831
G1 X134.534 Y99.69 E620.18549
G1 X134.239 Y99.497 E620.19252
G1 X133.907 Y99.329 E620.19995
G1 X133.564 Y99.195 E620.2073
G1 X133.228 Y99.105 E620.21424
G1 X132.866 Y99.05 E620.22155
G1 X132.471 Y99.029 E620.22944
G1 X102.516 Y99.028 E620.82723
G1 X102.236 Y99.039 E620.83282
G1 X101.985 Y99.066 E620.83786
G1 X101.71 Y99.123 E620.84346
G1 X101.397 Y99.215 E620.84997
G1 X101.078 Y99.332 E620.85675
G1 X100.582 Y99.604 E620.86804
G1 X100.152 Y99.935 E620.87887
G1 X99.761 Y100.365 E620.89047
G1 X99.502 Y100.759 E620.89988
G1 X99.291 Y101.185 E620.90936
G1 X99.141 Y101.617 E620.91849
G1 X99.057 Y102.048 E620.92725
G1 X99.028 Y102.526 E620.93681
G1 X99.028 Y132.521 E621.53539
G1 X99.05 Y132.861 E621.54219
G1 X99.108 Y133.228 E621.54961
G1 X99.196 Y133.563 E621.55652
G1 X99.329 Y133.908 E621.5639
G1 X99.497 Y134.239 E621.5713
G1 X99.691 Y134.534 E621.57835
G1 X99.912 Y134.81 E621.58541
G1 X100.186 Y135.084 E621.59314
G1 X100.46 Y135.305 E621.60016
G1 X100.763 Y135.5 E621.60735
G1 X101.091 Y135.671 E621.61474
G1 X101.429 Y135.8 E621.62196
G1 X101.771 Y135.891 E621.62902
G1 X102.134 Y135.946 E621.63635
G1 X102.525 Y135.968 E621.64416
G1 X117.5 Y135.968 E621.943
G0 F9000 X117.5 Y136.368
;TYPE:WALL-OUTER
G1 F1500 X132.525 Y136.368 E622.24284
G1 X132.906 Y136.344 E622.25046
G1 X133.31 Y136.283 E622.25861
G1 X133.69 Y136.181 E622.26647
G1 X134.07 Y136.037 E622.27458
G1 X134.439 Y135.846 E622.28287
G1 X134.77 Y135.629 E622.29077
G1 X135.082 Y135.382 E622.29871
G1 X135.382 Y135.078 E622.30723
G1 X135.629 Y134.77 E622.31511
G1 X135.846 Y134.439 E622.32301
G1 X136.036 Y134.07 E622.33129
G1 X136.181 Y133.687 E622.33946
G1 X136.28 Y133.31 E622.34724
G1 X136.344 Y132.906 E622.3554
G1 X136.368 Y132.482 E622.36388
G1 X136.368 Y102.463 E622.96294
G1 X136.344 Y102.094 E622.97032
G1 X136.28 Y101.682 E622.97864
G1 X136.181 Y101.313 E622.98627
G1 X136.037 Y100.926 E622.99451
G1 X135.846 Y100.561 E623.00273
G1 X135.629 Y100.226 E623.01069
G1 X135.382 Y99.918 E623.01857
G1 X135.082 Y99.618 E623.02704
G1 X134.77 Y99.366 E623.03504
G1 X134.439 Y99.15 E623.04293
G1 X134.07 Y98.963 E623.05118
G1 X133.689 Y98.815 E623.05934
G1 X133.31 Y98.713 E623.06717
G1 X132.907 Y98.652 E623.07531
G1 X132.482 Y98.629 E623.0838
G1 X102.508 Y98.628 E623.68196
G1 X102.207 Y98.64 E623.68798
G1 X101.923 Y98.67 E623.69367
G1 X101.613 Y98.735 E623.7
G1 X101.271 Y98.835 E623.70711
G1 X100.912 Y98.967 E623.71474
G1 X100.362 Y99.268 E623.72725
G1 X99.875 Y99.644 E623.73953
G1 X99.443 Y100.119 E623.75234
G1 X99.154 Y100.56 E623.76287
G1 X98.921 Y101.03 E623.77333
G1 X98.754 Y101.513 E623.78353
G1 X98.659 Y101.998 E623.79339
G1 X98.628 Y102.514 E623.80371
G1 X98.628 Y132.533 E624.40277
G1 X98.652 Y132.905 E624.41021
G1 X98.716 Y133.31 E624.41839
G1 X98.815 Y133.686 E624.42615
G1 X98.963 Y134.07 E624.43437
G1 X99.15 Y134.439 E624.44262
G1 X99.367 Y134.77 E624.45052
G1 X99.614 Y135.078 E624.4584
G1 X99.918 Y135.382 E624.46698
G1 X100.226 Y135.629 E624.47486
G1 X100.561 Y135.846 E624.48282
G1 X100.927 Y136.037 E624.49106
G1 X101.306 Y136.181 E624.49915
G1 X101.689 Y136.283 E624.50706
G1 X102.093 Y136.344 E624.51521
G1 X102.514 Y136.368 E624.52363
G1 X117.5 Y136.368 E624.82269
G1 F2700 E619.82269
G0 F9000 X117.5 Y135.66
G0 X117.5 Y133.41
G0 X117.5 Y132.699
G1 F2700 E624.82269
G1 F1500 X102.47 Y132.698 E625.12263
G1 X102.374 Y132.657 E625.12472
G1 X102.3 Y132.521 E625.1278
G1 X102.301 Y102.473 E625.72745
G1 X102.351 Y102.365 E625.72982
G1 X102.484 Y102.3 E625.73277
G1 X132.53 Y102.301 E626.33237
G1 X132.618 Y102.337 E626.33427
G1 X132.7 Y102.479 E626.33754
G1 X132.7 Y132.521 E626.93707
G1 X132.663 Y132.618 E626.93914
G1 X132.513 Y132.7 E626.94255
G1 X117.5 Y132.699 E627.24215
G0 F9000 X117.822 Y133.578
;TYPE:FILL
G1 F3000 X117.31 Y135.488 E627.28161
G0 F9000 X118.768 Y133.579
G1 F3000 X120.676 Y135.487 E627.33546
G0 F9000 X123.522 Y135.488
G1 F3000 X124.034 Y133.578 E627.37492
G0 F9000 X125.816 Y135.487
G1 F3000 X135.453 Y132.905 E627.57402
G0 F9000 X135.39 Y133.231
G1 F3000 X133.578 Y131.419 E627.62516
G0 F9000 X133.338 Y133.338
G0 X130.246 Y133.578
G1 F3000 X129.734 Y135.488 E627.66462
G0 F9000 X129.161 Y135.487
G1 F3000 X127.253 Y133.579 E627.71847
G0 F9000 X133.338 Y133.338
G0 X133.579 Y127.195
G1 F3000 X135.488 Y126.684 E627.75791
G0 F9000 X135.488 Y124.843
G1 F3000 X133.578 Y122.933 E627.81181
G0 F9000 X133.579 Y121.136
G1 F3000 X135.488 Y114.013 E627.95897
G0 F9000 X135.487 Y114.261
G1 F3000 X133.579 Y114.772 E627.99839
G0 F9000 X133.577 Y114.447
G1 F3000 X135.488 Y116.358 E628.05232
G0 F9000 X135.488 Y120.472
G1 F3000 X133.578 Y120.984 E628.09179
G0 F9000 X133.578 Y108.561
G1 F3000 X135.488 Y108.049 E628.13125
G1 X135.488 Y107.873
G1 X133.577 Y105.962 E628.18518
G0 F9000 X133.566 Y102.352
G1 F3000 X135.416 Y101.857 E628.2234
G0 F9000 X132.646 Y101.436
G1 F3000 X133.144 Y99.579 E628.26177
G0 F9000 X129.036 Y101.421
G1 F3000 X127.124 Y99.509 E628.31573
G1 X126.951 Y99.508
G1 X126.438 Y101.423 E628.35529
G0 F9000 X120.998 Y99.508
G1 F3000 X113.853 Y101.423 E628.50291
G1 X114.015 Y101.423
G1 X114.528 Y99.508 E628.54247
G0 F9000 X112.067 Y101.422
G1 F3000 X110.153 Y99.508 E628.59649
G0 F9000 X108.316 Y99.507
G1 F3000 X107.803 Y101.423 E628.63607
G0 F9000 X103.582 Y101.422
G1 F3000 X101.767 Y99.607 E628.6873
G0 F9000 X102.097 Y99.537
G1 F3000 X99.509 Y109.196 E628.88685
G0 F9000 X99.508 Y111.478
G1 F3000 X101.422 Y110.965 E628.92639
G0 F9000 X101.422 Y107.748
G1 F3000 X99.508 Y105.834 E628.98041
G0 F9000 X99.509 Y105.266
G1 F3000 X101.421 Y104.754 E629.01991
G0 F9000 X99.508 Y114.319
G1 F3000 X101.424 Y116.235 E629.07399
G0 F9000 X101.422 Y117.177
G1 F3000 X99.508 Y117.69 E629.11353
G0 F9000 X99.508 Y122.805
G1 F3000 X101.425 Y124.721 E629.16762
G0 F9000 X101.424 Y125.23
G1 F3000 X99.508 Y132.381 E629.31536
G0 F9000 X99.508 Y131.29
G1 F3000 X103.706 Y135.487 E629.43382
G0 F9000 X102.631 Y135.488
G1 F3000 X109.756 Y133.579 E629.58102
G0 F9000 X110.282 Y133.579
G1 F3000 X112.191 Y135.487 E629.63488
G0 F9000 X111.099 Y135.488
G1 F3000 X111.61 Y133.578 E629.67434
G0 F9000 X105.399 Y133.579
G1 F3000 X104.887 Y135.488 E629.71378
G0 F9000 X101.662 Y133.338
G0 X101.424 Y129.6
G1 F3000 X99.508 Y130.113 E629.75337
G0 F9000 X99.509 Y123.901
G1 F3000 X101.423 Y123.388 E629.79291
G1 F2700 E624.79291
G0 F9000 X101.662 Y101.662
G0 X120.226 Y101.423
G1 F2700 E629.79291
G1 F3000 X120.74 Y99.507 E629.8325
G0 F9000 X120.552 Y101.422
G1 F3000 X118.639 Y99.509 E629.88649
G0 F9000 X118.638 Y99.64
G1 F2700 E624.88649
;MESH:NONMESH
G0 F300 X118.638 Y99.64 Z2.28
G0 F9000 X133.338 Y101.662
G0 X133.338 Y133.338
G0 X117.5 Y133.499
;TIME_ELAPSED:1545.576578
;LAYER:18
;TYPE:WALL-INNER
;MESH:robotface-cover.stl
G1 F2700 E629.88649
G1 F1500 X102.446 Y133.499 E630.18691
G1 X102.092 Y133.414 E630.19417
G1 X101.876 Y133.283 E630.19921
G1 X101.689 Y133.087 E630.20462
G1 X101.584 Y132.903 E630.20885
G1 X101.501 Y132.557 E630.21595
G1 X101.502 Y102.433 E630.8171
G1 X101.6 Y102.061 E630.82478
G1 X101.842 Y101.746 E630.83271
G1 X102.096 Y101.584 E630.83872
G1 X102.417 Y101.503 E630.84533
G1 X132.654 Y101.501 E631.44874
G1 X132.955 Y101.608 E631.45511
G1 X133.203 Y101.787 E631.46122
G1 X133.338 Y101.953 E631.46549
G1 X133.453 Y102.193 E631.4708
G1 X133.5 Y102.5 E631.477
G1 X133.5 Y132.554 E632.07676
G1 X133.392 Y132.955 E632.08504
G1 X133.248 Y133.166 E632.09014
G1 X133.047 Y133.339 E632.09543
G1 X132.661 Y133.499 E632.10377
G1 X117.5 Y133.499 E632.40633
G0 F9000 X117.5 Y133.1
G1 F1500 X102.381 Y133.1 E632.70804
G1 X102.125 Y132.97 E632.71377
G1 X102.013 Y132.852 E632.71702
G1 X101.9 Y132.534 E632.72375
G1 X101.901 Y102.388 E633.32535
G1 X101.996 Y102.173 E633.33004
G1 X102.257 Y101.95 E633.33689
G1 X102.45 Y101.902 E633.34086
G1 X132.538 Y101.901 E633.9413
G1 X132.744 Y101.951 E633.94553
G1 X132.97 Y102.125 E633.95122
G1 X133.072 Y102.316 E633.95554
G1 X133.099 Y102.466 E633.95858
G1 X133.1 Y132.532 E634.55858
G1 X133.005 Y132.825 E634.56473
G1 X132.902 Y132.947 E634.56792
G1 X132.715 Y133.061 E634.57229
G1 X132.533 Y133.1 E634.576
G1 X117.5 Y133.1 E634.876
G0 F9000 X117.5 Y133.41
G0 X117.5 Y135.648
G1 F1500 X132.488 Y135.647 E635.1751
G1 X132.831 Y135.628 E635.18196
G1 X133.157 Y135.576 E635.18855
G1 X133.464 Y135.492 E635.1949
G1 X133.776 Y135.372 E635.20157
G1 X134.074 Y135.221 E635.20823
G1 X134.345 Y135.044 E635.21469
G1 X134.6 Y134.841 E635.2212
G1 X134.846 Y134.595 E635.22814
G1 X135.043 Y134.35 E635.23442
G1 X135.219 Y134.076 E635.24091
G1 X135.374 Y133.774 E635.24769
G1 X135.494 Y133.465 E635.2543
G1 X135.572 Y133.16 E635.26059
G1 X135.628 Y132.826 E635.26734
G1 X135.648 Y132.46 E635.27466
G1 X135.648 Y102.516 E635.87222
G1 X135.628 Y102.17 E635.87914
G1 X135.573 Y101.833 E635.88595
G1 X135.494 Y101.536 E635.89209
G1 X135.373 Y101.22 E635.89884
G1 X135.221 Y100.922 E635.90552
G1 X135.044 Y100.651 E635.91198
G1 X134.843 Y100.398 E635.91842
G1 X134.6 Y100.159 E635.92523
G1 X134.342 Y99.95 E635.93185
G1 X134.074 Y99.775 E635.93824
G1 X133.776 Y99.624 E635.94491
G1 X133.464 Y99.504 E635.95158
G1 X133.161 Y99.421 E635.95785
G1 X132.831 Y99.372 E635.9645
G1 X132.456 Y99.349 E635.972
G1 X102.26 Y99.359 E636.5746
G1 X101.816 Y99.42 E636.58354
G1 X101.57 Y99.492 E636.58865
G1 X101.114 Y99.657 E636.59833
G1 X100.614 Y99.97 E636.6101
G1 X100.237 Y100.298 E636.62008
G1 X99.987 Y100.599 E636.62788
G1 X99.748 Y100.966 E636.63662
G1 X99.575 Y101.322 E636.64452
G1 X99.452 Y101.707 E636.65259
G1 X99.379 Y102.091 E636.66039
G1 X99.348 Y102.541 E636.66939
G1 X99.352 Y132.48 E637.26686
G1 X99.372 Y132.829 E637.27383
G1 X99.425 Y133.165 E637.28062
G1 X99.502 Y133.465 E637.2868
G1 X99.623 Y133.774 E637.29342
G1 X99.776 Y134.076 E637.30018
G1 X99.951 Y134.346 E637.3066
G1 X100.153 Y134.594 E637.31298
G1 X100.399 Y134.843 E637.31997
G1 X100.651 Y135.044 E637.3264
G1 X100.922 Y135.221 E637.33286
G1 X101.219 Y135.372 E637.33951
G1 X101.531 Y135.492 E637.34618
G1 X101.843 Y135.577 E637.35263
G1 X102.166 Y135.627 E637.35916
G1 X102.536 Y135.648 E637.36655
G1 X117.5 Y135.648 E637.66517
G0 F9000 X117.5 Y136.048
G1 F1500 X132.471 Y136.048 E637.96394
G1 X132.873 Y136.026 E637.97197
G1 X133.241 Y135.968 E637.97941
G1 X133.588 Y135.873 E637.98659
G1 X133.939 Y135.738 E637.99409
G1 X134.274 Y135.567 E638.0016
G1 X134.58 Y135.368 E638.00888
G1 X134.867 Y135.14 E638.0162
G1 X135.144 Y134.862 E638.02403
G1 X135.368 Y134.584 E638.03115
G1 X135.567 Y134.276 E638.03847
G1 X135.739 Y133.938 E638.04604
G1 X135.875 Y133.587 E638.05355
G1 X135.964 Y133.243 E638.06064
G1 X136.026 Y132.87 E638.06819
G1 X136.048 Y132.471 E638.07616
G1 X136.048 Y102.505 E638.67416
G1 X136.026 Y102.126 E638.68174
G1 X135.964 Y101.75 E638.68935
G1 X135.876 Y101.413 E638.6963
G1 X135.739 Y101.057 E638.70391
G1 X135.567 Y100.721 E638.71144
G1 X135.369 Y100.416 E638.7187
G1 X135.141 Y100.13 E638.726
G1 X134.867 Y99.86 E638.73367
G1 X134.578 Y99.626 E638.74109
G1 X134.274 Y99.429 E638.74832
G1 X133.939 Y99.258 E638.75583
G1 X133.589 Y99.124 E638.76331
G1 X133.244 Y99.029 E638.77045
G1 X132.873 Y98.974 E638.77793
G1 X132.469 Y98.949 E638.78601
G1 X102.135 Y98.96 E639.39136
G1 X101.727 Y99.03 E639.39962
G1 X101.446 Y99.112 E639.40546
G1 X101.11 Y99.233 E639.41259
G1 X100.856 Y99.347 E639.41814
G1 X100.375 Y99.648 E639.42947
G1 X99.95 Y100.017 E639.4407
G1 X99.664 Y100.361 E639.44963
G1 X99.4 Y100.768 E639.45931
G1 X99.203 Y101.172 E639.46828
G1 X99.063 Y101.609 E639.47744
G1 X98.981 Y102.041 E639.48621
G1 X98.948 Y102.528 E639.49595
G1 X98.952 Y132.491 E640.0939
G1 X98.974 Y132.872 E640.10151
G1 X99.033 Y133.246 E640.10907
G1 X99.121 Y133.588 E640.11612
G1 X99.257 Y133.938 E640.12361
G1 X99.429 Y134.276 E640.13118
G1 X99.627 Y134.582 E640.13845
G1 X99.855 Y134.862 E640.14566
G1 X100.131 Y135.141 E640.15349
G1 X100.416 Y135.368 E640.16076
G1 X100.721 Y135.567 E640.16803
G1 X101.057 Y135.738 E640.17555
G1 X101.407 Y135.872 E640.18303
G1 X101.759 Y135.968 E640.19031
G1 X102.124 Y136.026 E640.19769
G1 X102.525 Y136.048 E640.2057
G1 X117.5 Y136.048 E640.50454
G0 F9000 X117.5 Y136.448
;TYPE:WALL-OUTER
G1 F1500 X132.482 Y136.448 E640.80352
G1 X132.915 Y136.424 E640.81218
G1 X133.325 Y136.36 E640.82046
G1 X133.713 Y136.253 E640.82849
G1 X134.102 Y136.104 E640.8368
G1 X134.475 Y135.914 E640.84516
G1 X134.814 Y135.693 E640.85323
G1 X135.134 Y135.438 E640.8614
G1 X135.442 Y135.13 E640.87009
G1 X135.693 Y134.818 E640.87808
G1 X135.914 Y134.476 E640.88621
G1 X136.105 Y134.102 E640.89459
G1 X136.257 Y133.71 E640.90298
G1 X136.356 Y133.326 E640.91089
G1 X136.424 Y132.914 E640.91923
G1 X136.448 Y132.482 E640.92786
G1 X136.448 Y102.494 E641.5263
G1 X136.424 Y102.082 E641.53454
G1 X136.356 Y101.666 E641.54295
G1 X136.257 Y101.29 E641.55071
G1 X136.105 Y100.894 E641.55918
G1 X135.914 Y100.521 E641.56754
G1 X135.693 Y100.182 E641.57561
G1 X135.439 Y99.862 E641.58377
G1 X135.134 Y99.562 E641.59231
G1 X134.814 Y99.302 E641.60053
G1 X134.475 Y99.082 E641.6086
G1 X134.102 Y98.892 E641.61695
G1 X133.713 Y98.743 E641.62526
G1 X133.326 Y98.637 E641.63327
G1 X132.915 Y98.576 E641.64156
G1 X132.481 Y98.549 E641.65024
G1 X102.209 Y98.56 E642.25435
G1 X101.947 Y98.587 E642.25961
G1 X101.637 Y98.64 E642.26588
G1 X101.322 Y98.731 E642.27243
G1 X100.96 Y98.862 E642.28011
G1 X100.667 Y98.993 E642.28652
G1 X100.136 Y99.326 E642.29902
G1 X99.664 Y99.737 E642.31151
G1 X99.342 Y100.123 E642.32154
G1 X99.051 Y100.571 E642.33221
G1 X98.831 Y101.023 E642.34224
G1 X98.675 Y101.51 E642.35244
G1 X98.583 Y101.99 E642.3622
G1 X98.548 Y102.515 E642.3727
G1 X98.552 Y132.502 E642.97112
G1 X98.576 Y132.914 E642.97935
G1 X98.641 Y133.327 E642.9877
G1 X98.739 Y133.71 E642.99559
G1 X98.891 Y134.102 E643.00398
G1 X99.082 Y134.476 E643.01236
G1 X99.303 Y134.818 E643.02048
G1 X99.557 Y135.13 E643.02851
G1 X99.863 Y135.439 E643.03719
G1 X100.182 Y135.693 E643.04533
G1 X100.521 Y135.914 E643.0534
G1 X100.894 Y136.104 E643.06176
G1 X101.283 Y136.253 E643.07007
G1 X101.675 Y136.36 E643.07818
G1 X102.082 Y136.424 E643.0864
G1 X102.514 Y136.448 E643.09504
G1 X117.5 Y136.448 E643.3941
G1 F2700 E638.3941
G0 F9000 X117.5 Y135.738
G0 X117.5 Y133.41
G0 X117.5 Y132.699
G1 F2700 E643.3941
G1 F1500 X102.468 Y132.698 E643.69408
G1 X102.337 Y132.618 E643.69714
G1 X102.3 Y132.512 E643.69938
G1 X102.301 Y102.473 E644.29884
G1 X102.356 Y102.36 E644.30135
G1 X102.483 Y102.3 E644.30415
G1 X132.53 Y102.302 E644.90377
G1 X132.668 Y102.39 E644.90704
G1 X132.7 Y102.5 E644.90933
G1 X132.698 Y132.533 E645.50867
G1 X132.65 Y132.634 E645.5109
G1 X132.511 Y132.7 E645.51397
G1 X117.5 Y132.699 E645.81353
G0 F9000 X117.734 Y133.578
;TYPE:FILL
G1 F3000 X117.201 Y135.568 E645.85464
G0 F9000 X118.888 Y133.579
G1 F3000 X120.876 Y135.567 E645.91075
G0 F9000 X123.413 Y135.568
G1 F3000 X123.946 Y133.579 E645.95184
G0 F9000 X125.845 Y135.567
G1 F3000 X135.521 Y132.975 E646.15174
G0 F9000 X135.48 Y133.2
G1 F3000 X133.578 Y131.298 E646.20542
G0 F9000 X133.579 Y127.283
G1 F3000 X135.568 Y126.75 E646.24652
G0 F9000 X135.568 Y124.803
G1 F3000 X133.578 Y122.813 E646.30268
G0 F9000 X133.579 Y121.072
G1 F3000 X135.567 Y120.539 E646.34375
G0 F9000 X133.579 Y120.808
G1 F3000 X135.568 Y113.385 E646.49711
G0 F9000 X135.567 Y114.327
G1 F3000 X133.579 Y114.86 E646.53819
G0 F9000 X133.578 Y114.328
G1 F3000 X135.568 Y116.318 E646.59435
G0 F9000 X133.579 Y108.648
G1 F3000 X135.568 Y108.115 E646.63544
G0 F9000 X135.568 Y107.832
G1 F3000 X133.578 Y105.843 E646.69159
G0 F9000 X133.577 Y102.437
G1 F3000 X135.505 Y101.921 E646.73142
G0 F9000 X132.562 Y101.422
G1 F3000 X133.08 Y99.489 E646.77135
G0 F9000 X129.157 Y101.422
G1 F3000 X127.167 Y99.431 E646.82753
G0 F9000 X126.884 Y99.43
G1 F3000 X126.35 Y101.422 E646.86869
G0 F9000 X121.608 Y99.433
G1 F3000 X114.188 Y101.421 E647.02198
G0 F9000 X113.927 Y101.421
G1 F3000 X114.46 Y99.434 E647.06304
G0 F9000 X112.185 Y101.42
G1 F3000 X110.202 Y99.437 E647.119
G0 F9000 X108.247 Y99.437
G1 F3000 X107.716 Y101.421 E647.15999
G0 F9000 X103.699 Y101.42
G1 F3000 X101.785 Y99.505 E647.21402
G0 F9000 X102.026 Y99.472
G1 F3000 X99.429 Y109.166 E647.4143
G0 F9000 X99.43 Y111.587
G1 F3000 X101.422 Y111.053 E647.45545
G0 F9000 X101.422 Y107.628
G1 F3000 X99.428 Y105.634 E647.51173
G0 F9000 X99.429 Y105.375
G1 F3000 X101.422 Y104.841 E647.5529
G0 F9000 X99.429 Y114.12
G1 F3000 X101.422 Y116.113 E647.60915
G0 F9000 X101.421 Y117.265
G1 F3000 X99.43 Y117.798 E647.65028
G0 F9000 X99.431 Y122.607
G1 F3000 X101.422 Y124.598 E647.70647
G0 F9000 X101.421 Y124.912
G1 F3000 X99.432 Y132.334 E647.85981
G0 F9000 X99.431 Y131.093
G1 F3000 X103.906 Y135.567 E647.98609
G0 F9000 X104.777 Y135.569
G1 F3000 X105.311 Y133.579 E648.02721
G0 F9000 X102.662 Y135.568
G1 F3000 X110.083 Y133.579 E648.18053
G0 F9000 X110.403 Y133.579
G1 F3000 X112.391 Y135.567 E648.23664
G0 F9000 X110.989 Y135.568
G1 F3000 X111.522 Y133.579 E648.27773
G0 F9000 X101.662 Y133.338
G0 X101.421 Y129.688
G1 F3000 X99.432 Y130.221 E648.31882
G0 F9000 X99.431 Y124.01
G1 F3000 X101.421 Y123.477 E648.35993
G1 F2700 E643.35993
G0 F9000 X101.662 Y133.338
G0 X127.373 Y133.579
G1 F2700 E648.35993
G1 F3000 X129.362 Y135.567 E648.41605
G0 F9000 X129.624 Y135.568
G1 F3000 X130.157 Y133.579 E648.45715
G1 F2700 E643.45715
G0 F9000 X133.338 Y133.338
G0 X133.338 Y101.662
G0 X120.671 Y101.421
G1 F2700 E648.45715
G1 F3000 X118.684 Y99.434 E648.51322
G0 F9000 X120.672 Y99.432
G1 F3000 X120.139 Y101.421 E648.55432
G0 F9000 X120.139 Y101.29
G1 F2700 E643.55432
;MESH:NONMESH
G0 F300 X120.139 Y101.29 Z2.4
G0 F9000 X133.338 Y101.662
G0 X133.338 Y133.338
G0 X117.5 Y133.499
;TIME_ELAPSED:1592.181200
;LAYER:19
;TYPE:WALL-INNER
;MESH:robotface-cover.stl
G1 F2700 E648.55432
G1 F1500 X102.447 Y133.499 E648.85472
G1 X102.194 Y133.453 E648.85985
G1 X101.833 Y133.247 E648.86814
G1 X101.689 Y133.087 E648.87244
G1 X101.563 Y132.852 E648.87776
G1 X101.501 Y132.556 E648.8838
G1 X101.502 Y102.434 E649.48491
G1 X101.57 Y102.13 E649.49113
G1 X101.73 Y101.861 E649.49737
G1 X102.016 Y101.624 E649.50479
G1 X102.265 Y101.527 E649.51012
G1 X102.458 Y101.5 E649.51401
G1 X132.619 Y101.501 E650.1159
G1 X132.86 Y101.564 E650.12088
G1 X133.208 Y101.792 E650.12918
G1 X133.433 Y102.138 E650.13741
G1 X133.499 Y102.444 E650.14366
G1 X133.5 Y132.553 E650.74452
G1 X133.468 Y132.756 E650.74862
G1 X133.278 Y133.13 E650.75699
G1 X133.045 Y133.34 E650.76325
G1 X132.761 Y133.467 E650.76946
G1 X132.554 Y133.499 E650.77364
G1 X117.5 Y133.499 E651.07406
G0 F9000 X117.5 Y133.1
G1 F1500 X102.468 Y133.1 E651.37404
G1 X102.256 Y133.049 E651.37839
G1 X102.078 Y132.928 E651.38268
G1 X101.952 Y132.746 E651.3871
G1 X101.9 Y132.534 E651.39146
G1 X101.901 Y102.46 E651.99162
G1 X102.015 Y102.145 E651.9983
G1 X102.177 Y101.993 E652.00274
G1 X102.475 Y101.9 E652.00897
G1 X132.592 Y101.906 E652.60998
G1 X132.716 Y101.938 E652.61254
G1 X132.925 Y102.075 E652.61753
G1 X133.072 Y102.317 E652.62318
G1 X133.1 Y102.466 E652.6262
G1 X133.1 Y132.532 E653.2262
G1 X133.061 Y132.716 E653.22995
G1 X132.925 Y132.925 E653.23493
G1 X132.802 Y133.019 E653.23802
G1 X132.532 Y133.1 E653.24365
G1 X117.5 Y133.1 E653.54363
G0 F9000 X117.5 Y133.41
G0 X117.5 Y135.724
G1 F1500 X132.489 Y135.723 E653.84275
G1 X132.841 Y135.704 E653.84978
G1 X133.177 Y135.652 E653.85657
G1 X133.489 Y135.567 E653.86302
G1 X133.808 Y135.445 E653.86984
G1 X134.115 Y135.288 E653.87672
G1 X134.391 Y135.109 E653.88328
G1 X134.649 Y134.9 E653.88991
G1 X134.903 Y134.646 E653.89708
G1 X135.109 Y134.391 E653.90362
G1 X135.288 Y134.115 E653.91018
G1 X135.445 Y133.807 E653.91708
G1 X135.566 Y133.492 E653.92382
G1 X135.651 Y133.169 E653.93048
G1 X135.703 Y132.839 E653.93715
G1 X135.724 Y132.461 E653.9447
G1 X135.724 Y102.516 E654.54229
G1 X135.704 Y102.16 E654.5494
G1 X135.648 Y101.811 E654.55646
G1 X135.571 Y101.517 E654.56252
G1 X135.445 Y101.191 E654.5695
G1 X135.287 Y100.879 E654.57648
G1 X135.109 Y100.605 E654.583
G1 X134.903 Y100.35 E654.58954
G1 X134.652 Y100.099 E654.59662
G1 X134.391 Y99.89 E654.60329
G1 X134.112 Y99.706 E654.60996
G1 X133.808 Y99.551 E654.61677
G1 X133.489 Y99.429 E654.62359
G1 X133.177 Y99.345 E654.63004
G1 X132.841 Y99.293 E654.63682
G1 X132.461 Y99.272 E654.64442
G1 X102.502 Y99.273 E655.24228
G1 X102.074 Y99.304 E655.25085
G1 X101.589 Y99.401 E655.26072
G1 X101.337 Y99.489 E655.26604
G1 X100.946 Y99.666 E655.27461
G1 X100.576 Y99.902 E655.28337
G1 X100.18 Y100.251 E655.2939
G1 X99.896 Y100.593 E655.30277
G1 X99.664 Y100.954 E655.31133
G1 X99.498 Y101.315 E655.31926
G1 X99.372 Y101.705 E655.32744
G1 X99.303 Y102.088 E655.33521
G1 X99.272 Y102.542 E655.34429
G1 X99.272 Y132.48 E655.94173
G1 X99.292 Y132.838 E655.94889
G1 X99.343 Y133.165 E655.95549
G1 X99.433 Y133.491 E655.96224
G1 X99.553 Y133.812 E655.96908
G1 X99.706 Y134.112 E655.9758
G1 X99.891 Y134.391 E655.98248
G1 X100.093 Y134.646 E655.98898
G1 X100.35 Y134.9 E655.99619
G1 X100.608 Y135.111 E656.00284
G1 X100.879 Y135.287 E656.00929
G1 X101.192 Y135.444 E656.01627
G1 X101.509 Y135.568 E656.02307
G1 X101.819 Y135.652 E656.02948
G1 X102.155 Y135.704 E656.03626
G1 X102.535 Y135.724 E656.04386
G1 X117.5 Y135.724 E656.3425
G0 F9000 X117.5 Y136.124
G1 F1500 X132.472 Y136.124 E656.64128
G1 X132.882 Y136.102 E656.64947
G1 X133.259 Y136.044 E656.65709
G1 X133.613 Y135.948 E656.66441
G1 X133.971 Y135.811 E656.67206
G1 X134.315 Y135.635 E656.67977
G1 X134.626 Y135.433 E656.68717
G1 X134.917 Y135.197 E656.69464
G1 X135.201 Y134.914 E656.70265
G1 X135.433 Y134.626 E656.71003
G1 X135.635 Y134.315 E656.71743
G1 X135.811 Y133.971 E656.72514
G1 X135.948 Y133.615 E656.73275
G1 X136.043 Y133.252 E656.74024
G1 X136.102 Y132.881 E656.74773
G1 X136.124 Y132.472 E656.75591
G1 X136.124 Y102.505 E657.35393
G1 X136.102 Y102.117 E657.36169
G1 X136.04 Y101.729 E657.36953
G1 X135.952 Y101.393 E657.37646
G1 X135.811 Y101.029 E657.38425
G1 X135.634 Y100.68 E657.39206
G1 X135.433 Y100.369 E657.39945
G1 X135.201 Y100.082 E657.40681
G1 X134.919 Y99.8 E657.41477
G1 X134.626 Y99.566 E657.42225
G1 X134.313 Y99.36 E657.42973
G1 X133.971 Y99.185 E657.4374
G1 X133.613 Y99.048 E657.44505
G1 X133.259 Y98.953 E657.45236
G1 X132.882 Y98.894 E657.45998
G1 X132.472 Y98.872 E657.46817
G1 X102.332 Y98.873 E658.06965
G1 X101.753 Y98.949 E658.0813
G1 X101.475 Y99.017 E658.08701
G1 X101.188 Y99.118 E658.09308
G1 X100.755 Y99.314 E658.10257
G1 X100.334 Y99.581 E658.11252
G1 X99.892 Y99.972 E658.1243
G1 X99.573 Y100.356 E658.13426
G1 X99.312 Y100.761 E658.14387
G1 X99.125 Y101.17 E658.15285
G1 X98.983 Y101.607 E658.16202
G1 X98.905 Y102.038 E658.17076
G1 X98.872 Y102.528 E658.18056
G1 X98.872 Y132.491 E658.7785
G1 X98.894 Y132.88 E658.78628
G1 X98.952 Y133.249 E658.79373
G1 X99.052 Y133.614 E658.80128
G1 X99.186 Y133.973 E658.80893
G1 X99.36 Y134.313 E658.81655
G1 X99.567 Y134.626 E658.82404
G1 X99.795 Y134.914 E658.83137
G1 X100.082 Y135.198 E658.83943
G1 X100.371 Y135.435 E658.84689
G1 X100.68 Y135.634 E658.85422
G1 X101.029 Y135.81 E658.86202
G1 X101.384 Y135.949 E658.86963
G1 X101.737 Y136.044 E658.87693
G1 X102.114 Y136.102 E658.88454
G1 X102.524 Y136.124 E658.89273
G1 X117.5 Y136.124 E659.19159
G0 F9000 X117.5 Y136.524
;TYPE:WALL-OUTER
G1 F1500 X132.482 Y136.524 E659.49058
G1 X132.923 Y136.5 E659.49939
G1 X133.342 Y136.436 E659.50785
G1 X133.737 Y136.329 E659.51602
G1 X134.134 Y136.177 E659.5245
G1 X134.515 Y135.982 E659.53304
G1 X134.862 Y135.757 E659.54129
G1 X135.185 Y135.495 E659.54959
G1 X135.499 Y135.182 E659.55844
G1 X135.757 Y134.862 E659.56664
G1 X135.982 Y134.515 E659.5749
G1 X136.177 Y134.134 E659.58344
G1 X136.329 Y133.738 E659.5919
G1 X136.435 Y133.334 E659.60024
G1 X136.5 Y132.923 E659.60854
G1 X136.524 Y132.482 E659.61736
G1 X136.524 Y102.494 E660.2158
G1 X136.5 Y102.074 E660.22419
G1 X136.432 Y101.646 E660.23284
G1 X136.333 Y101.27 E660.2406
G1 X136.177 Y100.866 E660.24924
G1 X135.982 Y100.48 E660.25787
G1 X135.757 Y100.134 E660.26611
G1 X135.499 Y99.814 E660.27431
G1 X135.186 Y99.502 E660.28313
G1 X134.862 Y99.242 E660.29142
G1 X134.515 Y99.014 E660.29971
G1 X134.134 Y98.819 E660.30825
G1 X133.737 Y98.667 E660.31673
G1 X133.342 Y98.561 E660.32489
G1 X132.923 Y98.496 E660.33336
G1 X132.482 Y98.472 E660.34217
G1 X102.332 Y98.473 E660.94385
G1 X101.97 Y98.511 E660.95111
G1 X101.675 Y98.557 E660.95707
G1 X101.361 Y98.633 E660.96352
G1 X101.039 Y98.746 E660.97033
G1 X100.564 Y98.961 E660.98073
G1 X100.093 Y99.261 E660.99187
G1 X99.604 Y99.692 E661.00488
G1 X99.25 Y100.119 E661.01595
G1 X98.96 Y100.569 E661.02663
G1 X98.751 Y101.025 E661.03664
G1 X98.595 Y101.509 E661.04679
G1 X98.507 Y101.989 E661.05653
G1 X98.472 Y102.515 E661.06705
G1 X98.472 Y132.502 E661.66547
G1 X98.496 Y132.922 E661.67387
G1 X98.56 Y133.333 E661.68217
G1 X98.671 Y133.738 E661.69055
G1 X98.82 Y134.135 E661.69901
G1 X99.014 Y134.515 E661.70753
G1 X99.243 Y134.862 E661.71582
G1 X99.497 Y135.182 E661.72398
G1 X99.814 Y135.495 E661.73287
G1 X100.135 Y135.758 E661.74115
G1 X100.48 Y135.982 E661.74936
G1 X100.866 Y136.176 E661.75798
G1 X101.259 Y136.329 E661.76639
G1 X101.654 Y136.436 E661.77456
G1 X102.073 Y136.5 E661.78302
G1 X102.514 Y136.524 E661.79183
G1 X117.5 Y136.524 E662.0909
G1 F2700 E657.0909
G0 F9000 X117.5 Y135.816
G0 X117.5 Y133.41
G0 X117.5 Y132.696
G1 F2700 E662.0909
G1 F1500 X102.469 Y132.698 E662.39086
G1 X102.337 Y132.618 E662.39394
G1 X102.302 Y132.532 E662.39579
G1 X102.301 Y102.473 E662.99565
G1 X102.331 Y102.391 E662.99739
G1 X102.457 Y102.304 E663.00045
G1 X132.531 Y102.302 E663.60061
G1 X132.611 Y102.332 E663.60231
G1 X132.696 Y102.456 E663.60531
G1 X132.698 Y132.532 E664.20551
G1 X132.627 Y132.656 E664.20836
G1 X132.553 Y132.694 E664.21002
G1 X117.5 Y132.696 E664.51042
G0 F9000 X117.646 Y133.579
;TYPE:FILL
G1 F3000 X117.093 Y135.644 E664.55308
G0 F9000 X119.009 Y133.58
G1 F3000 X121.072 Y135.643 E664.6113
G0 F9000 X123.304 Y135.643
G1 F3000 X123.858 Y133.578 E664.65397
G0 F9000 X125.889 Y135.644
G1 F3000 X135.589 Y133.044 E664.85438
G1 X135.569 Y133.169
G1 X133.579 Y131.179 E664.91054
G0 F9000 X133.579 Y127.371
G1 F3000 X135.643 Y126.818 E664.95318
G0 F9000 X135.644 Y124.759
G1 F3000 X133.579 Y122.694 E665.01146
G0 F9000 X133.579 Y121.16
G1 F3000 X135.643 Y120.607 E665.0541
G0 F9000 X133.579 Y120.48
G1 F3000 X135.644 Y112.773 E665.21333
G0 F9000 X135.643 Y114.395
G1 F3000 X133.579 Y114.948 E665.25597
G0 F9000 X133.579 Y114.208
G1 F3000 X135.644 Y116.274 E665.31426
G0 F9000 X133.58 Y108.736
G1 F3000 X135.643 Y108.183 E665.35689
G0 F9000 X135.644 Y107.789
G1 F3000 X133.579 Y105.723 E665.41518
G0 F9000 X133.579 Y102.525
G1 F3000 X135.596 Y101.984 E665.45685
G0 F9000 X132.474 Y101.422
G1 F3000 X133.016 Y99.4 E665.49863
G0 F9000 X129.277 Y101.421
G1 F3000 X127.209 Y99.353 E665.55699
G0 F9000 X126.817 Y99.352
G1 F3000 X126.262 Y101.422 E665.59976
G0 F9000 X122.235 Y99.353
G1 F3000 X114.512 Y101.422 E665.75932
G0 F9000 X113.839 Y101.423
G1 F3000 X114.394 Y99.353 E665.80209
G0 F9000 X112.306 Y101.421
G1 F3000 X110.239 Y99.353 E665.86043
G0 F9000 X108.182 Y99.353
G1 F3000 X107.627 Y101.423 E665.9032
G0 F9000 X103.821 Y101.421
G1 F3000 X101.826 Y99.426 E665.95951
G1 X101.956 Y99.405
G1 X99.352 Y109.124 E666.1603
G0 F9000 X99.352 Y111.696
G1 F3000 X101.421 Y111.141 E666.20305
G0 F9000 X99.352 Y113.923
G1 F3000 X101.422 Y115.992 E666.26145
G0 F9000 X101.421 Y117.353
G1 F3000 X99.352 Y117.907 E666.3042
G0 F9000 X99.352 Y122.408
G1 F3000 X101.422 Y124.478 E666.36262
G1 X101.421 Y124.583
G1 X99.352 Y132.307 E666.52219
G0 F9000 X99.352 Y130.893
G1 F3000 X104.102 Y135.643 E666.65625
G0 F9000 X104.669 Y135.644
G1 F3000 X105.223 Y133.578 E666.69893
G0 F9000 X102.703 Y135.645
G1 F3000 X110.413 Y133.579 E666.85822
G1 X110.524 Y133.58
G1 X112.587 Y135.643 E666.91645
G0 F9000 X110.881 Y135.644
G1 F3000 X111.435 Y133.578 E666.95913
G0 F9000 X101.662 Y133.338
G0 X101.421 Y129.776
G1 F3000 X99.352 Y130.331 E667.00188
G0 F9000 X99.353 Y124.119
G1 F3000 X101.421 Y123.565 E667.04461
G0 F9000 X101.422 Y107.507
G1 F3000 X99.352 Y105.437 E667.10303
G1 X99.353 Y105.484
G1 X101.422 Y104.93 E667.14577
G0 F9000 X101.662 Y101.662
G0 X118.723 Y99.353
G1 F3000 X120.792 Y101.421 E667.20415
G0 F9000 X120.051 Y101.422
G1 F3000 X120.605 Y99.352 E667.24691
G1 F2700 E662.24691
G0 F9000 X133.338 Y101.662
G0 X133.338 Y133.338
G0 X127.494 Y133.58
G1 F2700 E667.24691
G1 F3000 X129.558 Y135.643 E667.30515
G1 X129.516 Y135.643
G1 X130.069 Y133.579 E667.34779
G0 F9000 X130.069 Y133.71
;MESH:NONMESH
G0 F300 X130.069 Y133.71 Z2.52
G0 F9000 X117.5 Y133.499
;TIME_ELAPSED:1637.407876
;LAYER:20
;TYPE:WALL-INNER
;MESH:robotface-cover.stl
G1 F1500 X102.439 Y133.499 E667.64835
G1 X102.238 Y133.466 E667.65241
G1 X101.995 Y133.364 E667.65767
G1 X101.793 Y133.208 E667.66276
G1 X101.586 Y132.908 E667.67004
G1 X101.501 Y132.555 E667.67728
G1 X101.5 Y102.411 E668.27884
G1 X101.647 Y101.977 E668.28798
G1 X101.813 Y101.772 E668.29325
G1 X102.07 Y101.596 E668.29946
G1 X102.36 Y101.501 E668.30555
G1 X132.56 Y101.501 E668.90823
G1 X132.908 Y101.586 E668.91538
G1 X133.208 Y101.792 E668.92264
G1 X133.338 Y101.953 E668.92677
G1 X133.467 Y102.241 E668.93307
G1 X133.498 Y102.436 E668.93701
G1 X133.499 Y132.623 E669.53942
G1 X133.414 Y132.909 E669.54537
G1 X133.312 Y133.086 E669.54945
G1 X133.004 Y133.365 E669.55774
G1 X132.808 Y133.453 E669.56203
G1 X132.561 Y133.499 E669.56705
G1 X117.5 Y133.499 E669.8676
G0 F9000 X117.5 Y133.097
G1 F1500 X102.409 Y133.094 E670.16876
G1 X102.229 Y133.036 E670.17254
G1 X102.075 Y132.925 E670.17632
G1 X101.906 Y132.662 E670.18256
G1 X101.904 Y102.427 E670.78593
G1 X101.939 Y102.284 E670.78887
G1 X102.087 Y102.063 E670.79418
G1 X102.228 Y101.964 E670.79762
G1 X102.433 Y101.903 E670.80189
G1 X132.59 Y101.906 E671.4037
G1 X132.745 Y101.951 E671.40692
G1 X132.925 Y102.075 E671.41129
G1 X133.036 Y102.229 E671.41507
G1 X133.099 Y102.462 E671.41989
G1 X133.1 Y132.537 E672.02007
G1 X133.049 Y132.746 E672.02436
G1 X132.882 Y132.964 E672.02984
G1 X132.746 Y133.049 E672.03304
G1 X132.537 Y133.099 E672.03733
G1 X117.5 Y133.097 E672.33741
G0 F9000 X117.5 Y133.41
G0 X117.5 Y135.804
G1 F1500 X132.457 Y135.804 E672.63589
G1 X132.846 Y135.78 E672.64367
G1 X133.192 Y135.728 E672.65065
G1 X133.515 Y135.639 E672.65734
G1 X133.843 Y135.515 E672.66434
G1 X134.156 Y135.356 E672.67134
G1 X134.437 Y135.175 E672.67801
G1 X134.695 Y134.962 E672.68469
G1 X134.965 Y134.691 E672.69233
G1 X135.174 Y134.437 E672.69889
G1 X135.356 Y134.156 E672.70557
G1 X135.515 Y133.843 E672.71258
G1 X135.638 Y133.516 E672.71955
G1 X135.727 Y133.185 E672.72639
G1 X135.78 Y132.845 E672.73326
G1 X135.804 Y132.457 E672.74101
G1 X135.804 Y102.52 E673.33844
G1 X135.781 Y102.154 E673.34576
G1 X135.724 Y101.796 E673.35299
G1 X135.643 Y101.492 E673.35927
G1 X135.516 Y101.156 E673.36644
G1 X135.356 Y100.84 E673.37351
G1 X135.175 Y100.562 E673.38013
G1 X134.964 Y100.303 E673.38679
G1 X134.697 Y100.036 E673.39433
G1 X134.437 Y99.825 E673.40101
G1 X134.153 Y99.639 E673.40779
G1 X133.843 Y99.481 E673.41473
G1 X133.514 Y99.357 E673.42175
G1 X133.192 Y99.269 E673.42841
G1 X132.846 Y99.216 E673.43539
G1 X132.457 Y99.192 E673.44317
G1 X102.293 Y99.203 E674.04513
G1 X101.869 Y99.262 E674.05367
G1 X101.456 Y99.356 E674.06212
G1 X100.895 Y99.606 E674.07438
G1 X100.415 Y99.937 E674.08601
G1 X100.088 Y100.245 E674.09498
G1 X99.812 Y100.579 E674.10362
G1 X99.588 Y100.944 E674.11217
G1 X99.419 Y101.313 E674.12027
G1 X99.296 Y101.701 E674.12839
G1 X99.222 Y102.094 E674.13637
G1 X99.192 Y102.542 E674.14533
G1 X99.196 Y132.481 E674.7428
G1 X99.217 Y132.848 E674.75013
G1 X99.269 Y133.185 E674.75694
G1 X99.358 Y133.517 E674.7638
G1 X99.48 Y133.843 E674.77074
G1 X99.639 Y134.152 E674.77768
G1 X99.826 Y134.437 E674.78448
G1 X100.033 Y134.693 E674.79105
G1 X100.3 Y134.96 E674.79859
G1 X100.563 Y135.174 E674.80535
G1 X100.84 Y135.356 E674.81197
G1 X101.157 Y135.515 E674.81905
G1 X101.482 Y135.639 E674.82599
G1 X101.807 Y135.728 E674.83271
G1 X102.151 Y135.78 E674.83965
G1 X102.539 Y135.804 E674.84741
G1 X117.5 Y135.804 E675.14598
G0 F9000 X117.5 Y136.204
G1 F1500 X132.469 Y136.204 E675.4447
G1 X132.888 Y136.178 E675.45308
G1 X133.275 Y136.12 E675.46088
G1 X133.638 Y136.02 E675.4684
G1 X134.005 Y135.882 E675.47622
G1 X134.356 Y135.703 E675.48409
G1 X134.673 Y135.498 E675.49162
G1 X134.964 Y135.259 E675.49913
G1 X135.262 Y134.96 E675.50756
G1 X135.498 Y134.673 E675.51497
G1 X135.703 Y134.356 E675.52251
G1 X135.882 Y134.005 E675.53037
G1 X136.02 Y133.639 E675.53818
G1 X136.119 Y133.267 E675.54586
G1 X136.178 Y132.888 E675.55351
G1 X136.204 Y132.469 E675.56189
G1 X136.204 Y102.507 E676.15981
G1 X136.179 Y102.11 E676.16775
G1 X136.116 Y101.713 E676.17577
G1 X136.024 Y101.369 E676.18288
G1 X135.882 Y100.995 E676.19086
G1 X135.703 Y100.64 E676.1988
G1 X135.498 Y100.326 E676.20628
G1 X135.261 Y100.035 E676.21377
G1 X134.965 Y99.739 E676.22212
G1 X134.673 Y99.502 E676.22963
G1 X134.354 Y99.292 E676.23725
G1 X134.005 Y99.114 E676.24507
G1 X133.638 Y98.976 E676.25289
G1 X133.275 Y98.877 E676.2604
G1 X132.888 Y98.818 E676.26822
G1 X132.469 Y98.792 E676.27659
G1 X102.197 Y98.803 E676.8807
G1 X101.792 Y98.869 E676.88889
G1 X101.513 Y98.933 E676.8946
G1 X101.244 Y99.013 E676.9002
G1 X100.878 Y99.176 E676.9082
G1 X100.639 Y99.298 E676.91356
G1 X100.163 Y99.625 E676.92508
G1 X99.795 Y99.971 E676.93516
G1 X99.486 Y100.346 E676.94486
G1 X99.235 Y100.755 E676.95443
G1 X99.045 Y101.169 E676.96352
G1 X98.907 Y101.603 E676.97261
G1 X98.825 Y102.044 E676.98156
G1 X98.792 Y102.529 E676.99126
G1 X98.796 Y132.491 E677.58919
G1 X98.818 Y132.889 E677.59714
G1 X98.877 Y133.267 E677.60478
G1 X98.976 Y133.639 E677.61246
G1 X99.114 Y134.005 E677.62027
G1 X99.292 Y134.354 E677.62808
G1 X99.502 Y134.673 E677.63571
G1 X99.735 Y134.961 E677.6431
G1 X100.031 Y135.258 E677.65147
G1 X100.327 Y135.498 E677.65907
G1 X100.64 Y135.703 E677.66654
G1 X100.995 Y135.881 E677.67446
G1 X101.358 Y136.02 E677.68222
G1 X101.725 Y136.12 E677.68981
G1 X102.108 Y136.178 E677.69754
G1 X102.527 Y136.204 E677.70592
G1 X117.5 Y136.204 E678.00472
G0 F9000 X117.5 Y136.604
;TYPE:WALL-OUTER
G1 F1500 X132.481 Y136.604 E678.30368
G1 X132.93 Y136.576 E678.31266
G1 X133.358 Y136.512 E678.3213
G1 X133.762 Y136.401 E678.32966
G1 X134.167 Y136.248 E678.3383
G1 X134.556 Y136.05 E678.34701
G1 X134.909 Y135.822 E678.35539
G1 X135.233 Y135.555 E678.36377
G1 X135.559 Y135.229 E678.37297
G1 X135.822 Y134.909 E678.38124
G1 X136.05 Y134.556 E678.38963
G1 X136.248 Y134.167 E678.39834
G1 X136.401 Y133.762 E678.40698
G1 X136.511 Y133.35 E678.41549
G1 X136.576 Y132.93 E678.42397
G1 X136.604 Y132.481 E678.43294
G1 X136.604 Y102.495 E679.03135
G1 X136.577 Y102.066 E679.03993
G1 X136.508 Y101.63 E679.04874
G1 X136.405 Y101.246 E679.05667
G1 X136.248 Y100.833 E679.06549
G1 X136.05 Y100.44 E679.07427
G1 X135.822 Y100.09 E679.0826
G1 X135.559 Y99.767 E679.09092
G1 X135.233 Y99.441 E679.10012
G1 X134.909 Y99.178 E679.10844
G1 X134.555 Y98.946 E679.11689
G1 X134.167 Y98.748 E679.12558
G1 X133.762 Y98.595 E679.13422
G1 X133.358 Y98.485 E679.14258
G1 X132.93 Y98.42 E679.15122
G1 X132.481 Y98.392 E679.1602
G1 X102.301 Y98.397 E679.76247
G1 X101.996 Y98.431 E679.7686
G1 X101.715 Y98.477 E679.77428
G1 X101.411 Y98.546 E679.7805
G1 X101.106 Y98.637 E679.78685
G1 X100.742 Y98.797 E679.79478
G1 X100.435 Y98.953 E679.80166
G1 X99.911 Y99.313 E679.81434
G1 X99.503 Y99.697 E679.82553
G1 X99.16 Y100.113 E679.83628
G1 X98.881 Y100.567 E679.84692
G1 X98.671 Y101.025 E679.85697
G1 X98.519 Y101.505 E679.86702
G1 X98.427 Y101.994 E679.87695
G1 X98.392 Y102.515 E679.88737
G1 X98.396 Y132.502 E680.48579
G1 X98.42 Y132.931 E680.49437
G1 X98.485 Y133.35 E680.50283
G1 X98.595 Y133.762 E680.51134
G1 X98.748 Y134.167 E680.51998
G1 X98.946 Y134.555 E680.52867
G1 X99.178 Y134.909 E680.53712
G1 X99.437 Y135.229 E680.54534
G1 X99.763 Y135.555 E680.55454
G1 X100.091 Y135.822 E680.56298
G1 X100.44 Y136.05 E680.5713
G1 X100.833 Y136.248 E680.58008
G1 X101.234 Y136.401 E680.58864
G1 X101.642 Y136.512 E680.59708
G1 X102.066 Y136.576 E680.60564
G1 X102.515 Y136.604 E680.61462
G1 X117.5 Y136.604 E680.91366
G1 F2700 E675.91366
G0 F9000 X117.5 Y135.894
G0 X117.5 Y133.41
G0 X117.5 Y132.699
G1 F2700 E680.91366
G1 F1500 X102.469 Y132.698 E681.21362
G1 X102.337 Y132.618 E681.2167
G1 X102.302 Y132.531 E681.21857
G1 X102.305 Y102.451 E681.81885
G1 X102.345 Y102.372 E681.82061
G1 X102.459 Y102.3 E681.82331
G1 X132.53 Y102.302 E682.4234
G1 X132.627 Y102.344 E682.42551
G1 X132.696 Y102.456 E682.42814
G1 X132.701 Y132.5 E683.0277
G1 X132.642 Y132.642 E683.03077
G1 X132.547 Y132.7 E683.03299
G1 X117.5 Y132.699 E683.33327
G0 F9000 X117.56 Y133.576
;TYPE:FILL
G1 F3000 X116.984 Y135.724 E683.37765
G0 F9000 X119.124 Y133.576
G1 F3000 X121.271 Y135.723 E683.43824
G0 F9000 X123.196 Y135.724
G1 F3000 X123.772 Y133.575 E683.48264
G0 F9000 X125.916 Y135.723
G1 F3000 X135.657 Y133.113 E683.68389
G1 X135.654 Y133.135
G1 X133.578 Y131.059 E683.74248
G0 F9000 X133.579 Y127.458
G1 F3000 X135.724 Y126.884 E683.78679
G0 F9000 X135.724 Y124.72
G1 F3000 X133.577 Y122.573 E683.84738
G0 F9000 X133.578 Y121.247
G1 F3000 X135.724 Y120.672 E683.89172
G0 F9000 X133.577 Y120.163
G1 F3000 X135.724 Y112.151 E684.05725
G0 F9000 X135.723 Y114.46
G1 F3000 X133.577 Y115.035 E684.10159
G0 F9000 X133.576 Y114.087
G1 F3000 X135.724 Y116.235 E684.16221
G0 F9000 X133.575 Y108.824
G1 F3000 X135.723 Y108.249 E684.20658
G0 F9000 X135.724 Y107.75
G1 F3000 X133.575 Y105.6 E684.26725
G0 F9000 X133.575 Y102.613
G1 F3000 X135.682 Y102.048 E684.31078
G0 F9000 X132.387 Y101.422
G1 F3000 X132.952 Y99.314 E684.35433
G0 F9000 X129.396 Y101.421
G1 F3000 X127.249 Y99.274 E684.41492
G0 F9000 X126.751 Y99.273
G1 F3000 X126.176 Y101.421 E684.4593
G0 F9000 X122.849 Y99.275
G1 F3000 X114.841 Y101.421 E684.62475
G0 F9000 X113.752 Y101.421
G1 F3000 X114.327 Y99.278 E684.66902
G0 F9000 X112.424 Y101.42
G1 F3000 X110.284 Y99.28 E684.72942
G0 F9000 X108.114 Y99.28
G1 F3000 X107.541 Y101.42 E684.77363
G0 F9000 X103.938 Y101.42
G1 F3000 X101.864 Y99.346 E684.83216
G1 X101.887 Y99.339
G1 X99.273 Y109.094 E685.0337
G0 F9000 X99.274 Y111.804
G1 F3000 X101.422 Y111.228 E685.07808
G0 F9000 X99.274 Y113.725
G1 F3000 X101.422 Y115.874 E685.13872
G0 F9000 X101.422 Y117.44
G1 F3000 X99.274 Y118.015 E685.18309
G0 F9000 X99.274 Y122.211
G1 F3000 X101.422 Y124.359 E685.24371
G1 X101.421 Y124.26
G1 X99.276 Y132.264 E685.40908
G0 F9000 X99.276 Y130.698
G1 F3000 X101.537 Y132.959 E685.47289
G0 F9000 X102.03 Y133.452
G1 F3000 X104.301 Y135.723 E685.53698
G0 F9000 X104.561 Y135.725
G1 F3000 X105.136 Y133.578 E685.58134
G0 F9000 X102.729 Y135.724
G1 F3000 X110.746 Y133.576 E685.74697
G1 X110.64 Y133.577
G1 X112.786 Y135.723 E685.80753
G0 F9000 X110.772 Y135.725
G1 F3000 X111.348 Y133.576 E685.85193
G0 F9000 X101.662 Y133.338
G0 X101.42 Y129.864
G1 F3000 X99.276 Y130.438 E685.89623
G0 F9000 X99.275 Y124.227
G1 F3000 X101.42 Y123.652 E685.94054
G0 F9000 X101.422 Y107.388
G1 F3000 X99.272 Y105.239 E686.00121
G0 F9000 X99.273 Y105.592
G1 F3000 X101.422 Y105.016 E686.04561
G0 F9000 X101.662 Y101.662
G0 X118.766 Y99.277
G1 F3000 X120.91 Y101.42 E686.1061
G0 F9000 X119.964 Y101.422
G1 F3000 X120.539 Y99.275 E686.15046
G1 F2700 E681.15046
G0 F9000 X133.338 Y101.662
G0 X133.338 Y133.338
G0 X127.608 Y133.575
G1 F2700 E686.15046
G1 F3000 X129.756 Y135.723 E686.21108
G0 F9000 X129.408 Y135.723
G1 F3000 X129.984 Y133.574 E686.25548
G0 F9000 X129.984 Y133.71
;MESH:NONMESH
G0 F300 X129.984 Y133.71 Z2.64
G0 F9000 X117.5 Y133.499
;TIME_ELAPSED:1682.872187
;LAYER:21
;TYPE:WALL-INNER
;MESH:robotface-cover.stl
G1 F1500 X102.44 Y133.499 E686.55601
G1 X102.191 Y133.452 E686.56107
G1 X101.955 Y133.34 E686.56628
G1 X101.75 Y133.163 E686.57169
G1 X101.634 Y133.002 E686.57565
G1 X101.501 Y132.659 E686.58299
G1 X101.501 Y102.442 E687.186
G1 X101.589 Y102.085 E687.19334
G1 X101.679 Y101.927 E687.19697
G1 X101.908 Y101.677 E687.20374
G1 X102.216 Y101.54 E687.21046
G1 X102.43 Y101.502 E687.2148
G1 X132.709 Y101.501 E687.81905
G1 X133.045 Y101.66 E687.82647
G1 X133.28 Y101.872 E687.83278
G1 X133.392 Y102.045 E687.8369
G1 X133.499 Y102.344 E687.84323
G1 X133.499 Y132.56 E688.44623
G1 X133.416 Y132.903 E688.45327
G1 X133.208 Y133.208 E688.46064
G1 X133.045 Y133.34 E688.46482
G1 X132.807 Y133.453 E688.47008
G1 X132.551 Y133.499 E688.47527
G1 X117.5 Y133.499 E688.77563
G0 F9000 X117.5 Y133.1
G1 F1500 X102.464 Y133.099 E689.07569
G1 X102.197 Y133.019 E689.08125
G1 X101.98 Y132.801 E689.08739
G1 X101.9 Y132.594 E689.09182
G1 X101.901 Y102.465 E689.69308
G1 X101.967 Y102.222 E689.6981
G1 X102.146 Y102.014 E689.70358
G1 X102.458 Y101.901 E689.7102
G1 X132.592 Y101.9 E690.31156
G1 X132.773 Y101.964 E690.31539
G1 X132.986 Y102.146 E690.32098
G1 X133.097 Y102.435 E690.32716
G1 X133.1 Y132.536 E690.92785
G1 X133.06 Y132.718 E690.93157
G1 X132.901 Y132.948 E690.93715
G1 X132.684 Y133.072 E690.94214
G1 X132.531 Y133.1 E690.94524
G1 X117.5 Y133.1 E691.2452
G0 F9000 X117.5 Y133.41
G0 X117.5 Y135.87
G1 F1500 X132.491 Y135.867 E691.54437
G1 X132.855 Y135.848 E691.55164
G1 X133.203 Y135.793 E691.55867
G1 X133.534 Y135.703 E691.56552
G1 X133.865 Y135.576 E691.57259
G1 X134.187 Y135.412 E691.5798
G1 X134.476 Y135.225 E691.58667
G1 X134.746 Y135.007 E691.5936
G1 X135.01 Y134.743 E691.60105
G1 X135.224 Y134.476 E691.60788
G1 X135.412 Y134.187 E691.61476
G1 X135.578 Y133.862 E691.62204
G1 X135.707 Y133.53 E691.62915
G1 X135.792 Y133.209 E691.63577
G1 X135.848 Y132.851 E691.64301
G1 X135.872 Y132.462 E691.65078
G1 X135.867 Y102.497 E692.24877
G1 X135.848 Y102.144 E692.25582
G1 X135.792 Y101.787 E692.26303
G1 X135.708 Y101.47 E692.26958
G1 X135.577 Y101.132 E692.27681
G1 X135.412 Y100.809 E692.28405
G1 X135.224 Y100.52 E692.29093
G1 X135.01 Y100.253 E692.29776
G1 X134.746 Y99.989 E692.30521
G1 X134.476 Y99.771 E692.31213
G1 X134.187 Y99.584 E692.319
G1 X133.864 Y99.419 E692.32624
G1 X133.534 Y99.293 E692.33329
G1 X133.203 Y99.204 E692.34013
G1 X132.855 Y99.149 E692.34716
G1 X132.462 Y99.128 E692.35502
G1 X102.502 Y99.128 E692.9529
G1 X102.008 Y99.156 E692.96277
G1 X101.668 Y99.236 E692.96974
G1 X101.226 Y99.376 E692.979
G1 X100.75 Y99.614 E692.98962
G1 X100.328 Y99.92 E693.00002
G1 X100.006 Y100.231 E693.00895
G1 X99.735 Y100.573 E693.01766
G1 X99.514 Y100.937 E693.02616
G1 X99.34 Y101.319 E693.03454
G1 X99.222 Y101.694 E693.04238
G1 X99.155 Y102.072 E693.05004
G1 X99.128 Y102.537 E693.05934
G1 X99.128 Y132.473 E693.65674
G1 X99.149 Y132.855 E693.66438
G1 X99.204 Y133.209 E693.67153
G1 X99.288 Y133.53 E693.67815
G1 X99.418 Y133.862 E693.68526
G1 X99.584 Y134.187 E693.69255
G1 X99.771 Y134.477 E693.69943
G1 X99.984 Y134.74 E693.70619
G1 X100.254 Y135.007 E693.71376
G1 X100.522 Y135.226 E693.72067
G1 X100.809 Y135.412 E693.7275
G1 X101.132 Y135.577 E693.73473
G1 X101.462 Y135.703 E693.74178
G1 X101.793 Y135.792 E693.74862
G1 X102.145 Y135.848 E693.75574
G1 X102.538 Y135.872 E693.76359
G1 X117.5 Y135.87 E694.06218
G0 F9000 X117.5 Y136.27
G1 F1500 X132.472 Y136.268 E694.36096
G1 X132.897 Y136.246 E694.36945
G1 X133.286 Y136.184 E694.37731
G1 X133.658 Y136.084 E694.385
G1 X134.027 Y135.942 E694.39289
G1 X134.387 Y135.759 E694.40095
G1 X134.711 Y135.549 E694.40865
G1 X135.014 Y135.305 E694.41642
G1 X135.308 Y135.01 E694.42473
G1 X135.549 Y134.711 E694.43239
G1 X135.759 Y134.387 E694.4401
G1 X135.943 Y134.026 E694.44818
G1 X136.088 Y133.654 E694.45615
G1 X136.184 Y133.292 E694.46363
G1 X136.246 Y132.895 E694.47164
G1 X136.272 Y132.474 E694.48006
G1 X136.268 Y102.516 E695.07791
G1 X136.246 Y102.103 E695.08616
G1 X136.184 Y101.704 E695.09422
G1 X136.088 Y101.346 E695.10161
G1 X135.943 Y100.969 E695.10967
G1 X135.759 Y100.609 E695.11774
G1 X135.549 Y100.285 E695.12545
G1 X135.308 Y99.986 E695.13311
G1 X135.014 Y99.691 E695.14142
G1 X134.711 Y99.447 E695.14919
G1 X134.387 Y99.237 E695.15689
G1 X134.027 Y99.053 E695.16496
G1 X133.658 Y98.912 E695.17284
G1 X133.286 Y98.812 E695.18053
G1 X132.897 Y98.75 E695.18839
G1 X132.472 Y98.728 E695.19688
G1 X102.49 Y98.728 E695.79521
G1 X101.948 Y98.76 E695.80604
G1 X101.566 Y98.849 E695.81387
G1 X101.321 Y98.92 E695.81896
G1 X101.07 Y99.006 E695.82425
G1 X100.541 Y99.271 E695.83606
G1 X100.071 Y99.613 E695.84766
G1 X99.71 Y99.961 E695.85767
G1 X99.406 Y100.344 E695.86743
G1 X99.16 Y100.75 E695.8769
G1 X98.966 Y101.176 E695.88624
G1 X98.833 Y101.599 E695.89509
G1 X98.757 Y102.026 E695.90375
G1 X98.728 Y102.526 E695.91374
G1 X98.728 Y132.484 E696.51158
G1 X98.75 Y132.897 E696.51984
G1 X98.812 Y133.292 E696.52782
G1 X98.908 Y133.654 E696.53529
G1 X99.053 Y134.026 E696.54326
G1 X99.237 Y134.387 E696.55134
G1 X99.447 Y134.711 E696.55905
G1 X99.687 Y135.009 E696.56669
G1 X99.986 Y135.305 E696.57508
G1 X100.286 Y135.55 E696.58281
G1 X100.609 Y135.759 E696.59049
G1 X100.969 Y135.943 E696.59856
G1 X101.338 Y136.084 E696.60644
G1 X101.71 Y136.184 E696.61413
G1 X102.102 Y136.246 E696.62205
G1 X102.526 Y136.272 E696.63052
G1 X117.5 Y136.27 E696.92935
G0 F9000 X117.5 Y136.67
;TYPE:WALL-OUTER
G1 F1500 X132.482 Y136.668 E697.22833
G1 X132.939 Y136.644 E697.23746
G1 X133.37 Y136.576 E697.24617
G1 X133.782 Y136.465 E697.25468
G1 X134.19 Y136.308 E697.26341
G1 X134.587 Y136.106 E697.2723
G1 X134.946 Y135.873 E697.28084
G1 X135.282 Y135.603 E697.28944
G1 X135.606 Y135.278 E697.2986
G1 X135.873 Y134.946 E697.3071
G1 X136.106 Y134.587 E697.31564
G1 X136.309 Y134.19 E697.32454
G1 X136.469 Y133.778 E697.33336
G1 X136.576 Y133.374 E697.3417
G1 X136.644 Y132.938 E697.35051
G1 X136.672 Y132.486 E697.35954
G1 X136.668 Y102.506 E697.95783
G1 X136.644 Y102.061 E697.96672
G1 X136.576 Y101.622 E697.97558
G1 X136.469 Y101.222 E697.98385
G1 X136.309 Y100.806 E697.99274
G1 X136.106 Y100.409 E698.00164
G1 X135.873 Y100.05 E698.01018
G1 X135.606 Y99.718 E698.01868
G1 X135.282 Y99.393 E698.02784
G1 X134.946 Y99.123 E698.03644
G1 X134.587 Y98.89 E698.04498
G1 X134.19 Y98.687 E698.05388
G1 X133.782 Y98.531 E698.0626
G1 X133.37 Y98.42 E698.07111
G1 X132.939 Y98.352 E698.07982
G1 X132.482 Y98.328 E698.08895
G1 X102.478 Y98.328 E698.68772
G1 X101.887 Y98.363 E698.69953
G1 X101.519 Y98.448 E698.70707
G1 X101.208 Y98.536 E698.71352
G1 X100.914 Y98.637 E698.71972
G1 X100.333 Y98.928 E698.73269
G1 X99.813 Y99.306 E698.74552
G1 X99.413 Y99.691 E698.7566
G1 X99.077 Y100.115 E698.76739
G1 X98.806 Y100.562 E698.77783
G1 X98.592 Y101.032 E698.78813
G1 X98.443 Y101.504 E698.79801
G1 X98.359 Y101.98 E698.80766
G1 X98.328 Y102.514 E698.81833
G1 X98.328 Y132.494 E699.41661
G1 X98.352 Y132.939 E699.42551
G1 X98.42 Y133.374 E699.43429
G1 X98.527 Y133.778 E699.44263
G1 X98.687 Y134.19 E699.45145
G1 X98.89 Y134.587 E699.46035
G1 X99.123 Y134.946 E699.46889
G1 X99.389 Y135.277 E699.47737
G1 X99.718 Y135.603 E699.48661
G1 X100.05 Y135.874 E699.49516
G1 X100.409 Y136.106 E699.50369
G1 X100.806 Y136.309 E699.51259
G1 X101.214 Y136.465 E699.52131
G1 X101.626 Y136.576 E699.52982
G1 X102.058 Y136.644 E699.53855
G1 X102.514 Y136.672 E699.54767
G1 X117.5 Y136.67 E699.84673
G1 F2700 E694.84673
G0 F9000 X117.5 Y135.961
G0 X117.5 Y133.41
G0 X117.5 Y132.699
G1 F2700 E699.84673
G1 F1500 X102.468 Y132.698 E700.14671
G1 X102.366 Y132.65 E700.14896
G1 X102.302 Y132.532 E700.15164
G1 X102.301 Y102.473 E700.7515
G1 X102.361 Y102.355 E700.75414
G1 X102.454 Y102.305 E700.75625
G1 X132.532 Y102.302 E701.35648
G1 X132.634 Y102.35 E701.35873
G1 X132.7 Y102.489 E701.3618
G1 X132.701 Y132.563 E701.96196
G1 X132.571 Y132.7 E701.96573
G1 X117.5 Y132.699 E702.26649
G0 F9000 X117.471 Y133.578
;TYPE:FILL
G1 F3000 X116.878 Y135.79 E702.31219
G0 F9000 X119.247 Y133.579
G1 F3000 X121.457 Y135.789 E702.37456
G0 F9000 X123.09 Y135.789
G1 F3000 X123.683 Y133.578 E702.42025
G0 F9000 X126 Y135.789
G1 F3000 X135.715 Y133.185 E702.62096
G1 X135.731 Y133.092
G1 X133.579 Y130.94 E702.6817
G0 F9000 X133.579 Y127.546
G1 F3000 X135.791 Y126.954 E702.72739
G0 F9000 X135.791 Y124.667
G1 F3000 X133.579 Y122.455 E702.78982
G0 F9000 X133.579 Y121.335
G1 F3000 X135.789 Y120.742 E702.83548
G0 F9000 X133.579 Y119.829
G1 F3000 X135.788 Y111.583 E703.00584
G0 F9000 X135.789 Y114.531
G1 F3000 X133.579 Y115.123 E703.0515
G0 F9000 X133.578 Y113.969
G1 F3000 X135.79 Y116.18 E703.11391
G0 F9000 X133.579 Y108.911
G1 F3000 X135.787 Y108.32 E703.15953
G0 F9000 X135.789 Y107.694
G1 F3000 X133.578 Y105.483 E703.22193
G0 F9000 X133.578 Y102.7
G1 F3000 X135.761 Y102.115 E703.26703
G0 F9000 X132.299 Y101.421
G1 F3000 X132.885 Y99.235 E703.31219
G0 F9000 X129.516 Y101.421
G1 F3000 X127.303 Y99.208 E703.37465
G0 F9000 X126.681 Y99.207
G1 F3000 X126.087 Y101.422 E703.42041
G0 F9000 X123.428 Y99.208
G1 F3000 X115.166 Y101.422 E703.59111
G0 F9000 X113.664 Y101.422
G1 F3000 X114.257 Y99.207 E703.63687
G0 F9000 X112.545 Y101.421
G1 F3000 X110.333 Y99.208 E703.69931
G0 F9000 X108.046 Y99.207
G1 F3000 X107.452 Y101.423 E703.74509
G0 F9000 X104.06 Y101.421
G1 F3000 X101.903 Y99.264 E703.80597
G1 X101.814 Y99.283
G1 X99.209 Y109.006 E704.00684
G0 F9000 X101.422 Y107.268
G1 F3000 X99.208 Y105.054 E704.06933
G0 F9000 X99.208 Y105.698
G1 F3000 X101.422 Y105.104 E704.11507
G0 F9000 X101.422 Y111.316
G1 F3000 X99.209 Y111.909 E704.16079
G0 F9000 X99.208 Y113.539
G1 F3000 X101.422 Y115.753 E704.22328
G0 F9000 X101.421 Y117.528
G1 F3000 X99.208 Y118.121 E704.269
G0 F9000 X99.208 Y122.025
G1 F3000 X101.422 Y124.239 E704.33148
G0 F9000 X101.421 Y123.931
G1 F3000 X99.209 Y132.186 E704.50203
G0 F9000 X99.21 Y130.544
G1 F3000 X101.42 Y129.952 E704.54769
G0 F9000 X99.208 Y130.511
G1 F3000 X101.455 Y132.757 E704.61109
G0 F9000 X101.662 Y133.338
G0 X102.222 Y133.524
G1 F3000 X104.489 Y135.791 E704.67507
G1 X104.454 Y135.793
G1 X105.048 Y133.578 E704.72084
G0 F9000 X102.806 Y135.792
G1 F3000 X111.068 Y133.578 E704.89153
G1 X111.26 Y133.578
G1 X110.666 Y135.792 E704.93728
G0 F9000 X110.761 Y133.578
G1 F3000 X112.973 Y135.79 E704.9997
G0 F9000 X127.733 Y133.58
G1 F3000 X129.941 Y135.787 E705.062
G0 F9000 X129.302 Y135.788
G1 F3000 X129.894 Y133.579 E705.10764
G1 F2700 E700.10764
G0 F9000 X101.662 Y133.338
G0 X101.421 Y123.74
G1 F2700 E705.10764
G1 F3000 X99.209 Y124.332 E705.15334
G1 F2700 E700.15334
G0 F9000 X101.662 Y101.662
G0 X119.876 Y101.422
G1 F2700 E705.15334
G1 F3000 X120.469 Y99.207 E705.1991
G0 F9000 X118.818 Y99.208
G1 F3000 X121.031 Y101.421 E705.26155
G0 F9000 X121.031 Y101.29
G1 F2700 E700.26155
;MESH:NONMESH
G0 F300 X121.031 Y101.29 Z2.76
G0 F9000 X133.338 Y101.662
G0 X133.338 Y133.338
G0 X117.5 Y133.499
;TIME_ELAPSED:1729.643221
;LAYER:22
;TYPE:WALL-INNER
;MESH:robotface-cover.stl
G1 F2700 E705.26155
G1 F1500 X102.441 Y133.499 E705.56207
G1 X102.052 Y133.395 E705.57011
G1 X101.833 Y133.247 E705.57538
G1 X101.61 Y132.958 E705.58267
G1 X101.501 Y132.653 E705.58913
G1 X101.5 Y102.412 E706.19262
G1 X101.583 Y102.098 E706.1991
G1 X101.753 Y101.833 E706.20539
G1 X101.897 Y101.701 E706.20929
G1 X102.221 Y101.539 E706.21651
G1 X102.431 Y101.502 E706.22077
G1 X132.621 Y101.501 E706.82324
G1 X132.86 Y101.565 E706.82818
G1 X133.124 Y101.717 E706.83426
G1 X133.395 Y102.052 E706.84286
G1 X133.495 Y102.396 E706.85001
G1 X133.5 Y132.559 E707.45194
G1 X133.394 Y132.951 E707.46005
G1 X133.246 Y133.168 E707.46529
G1 X133.086 Y133.312 E707.46958
G1 X132.86 Y133.434 E707.47471
G1 X132.619 Y133.499 E707.47969
G1 X117.5 Y133.499 E707.78141
G0 F9000 X117.5 Y133.098
G1 F1500 X102.464 Y133.099 E708.08147
G1 X102.282 Y133.06 E708.08518
G1 X102.075 Y132.925 E708.09011
G1 X101.928 Y132.685 E708.09573
G1 X101.9 Y132.532 E708.09883
G1 X101.901 Y102.46 E708.69895
G1 X102.003 Y102.163 E708.70522
G1 X102.222 Y101.967 E708.71108
G1 X102.412 Y101.901 E708.7151
G1 X132.593 Y101.906 E709.31739
G1 X132.8 Y101.98 E709.32178
G1 X133.019 Y102.198 E709.32795
G1 X133.099 Y102.463 E709.33347
G1 X133.1 Y132.536 E709.93361
G1 X133.037 Y132.771 E709.93847
G1 X132.948 Y132.901 E709.94161
G1 X132.771 Y133.036 E709.94605
G1 X132.562 Y133.097 E709.9504
G1 X117.5 Y133.098 E710.25097
G0 F9000 X117.5 Y133.41
G0 X117.5 Y135.932
G1 F1500 X132.458 Y135.932 E710.54948
G1 X132.856 Y135.908 E710.55743
G1 X133.218 Y135.852 E710.56474
G1 X133.556 Y135.763 E710.57172
G1 X133.893 Y135.632 E710.57894
G1 X134.216 Y135.47 E710.58615
G1 X134.51 Y135.274 E710.5932
G1 X134.786 Y135.054 E710.60024
G1 X135.053 Y134.784 E710.60782
G1 X135.276 Y134.508 E710.6149
G1 X135.47 Y134.216 E710.6219
G1 X135.632 Y133.893 E710.62911
G1 X135.762 Y133.555 E710.63633
G1 X135.851 Y133.218 E710.64329
G1 X135.908 Y132.856 E710.6506
G1 X135.932 Y132.458 E710.65856
G1 X135.932 Y102.519 E711.25603
G1 X135.908 Y102.14 E711.2636
G1 X135.851 Y101.778 E711.27092
G1 X135.763 Y101.442 E711.27785
G1 X135.632 Y101.106 E711.28504
G1 X135.468 Y100.778 E711.29236
G1 X135.276 Y100.488 E711.2993
G1 X135.053 Y100.212 E711.30638
G1 X134.786 Y99.941 E711.31398
G1 X134.513 Y99.724 E711.32094
G1 X134.216 Y99.53 E711.32802
G1 X133.89 Y99.363 E711.33533
G1 X133.555 Y99.234 E711.34249
G1 X133.218 Y99.145 E711.34944
G1 X132.857 Y99.088 E711.35674
G1 X132.458 Y99.064 E711.36472
G1 X102.454 Y99.068 E711.96348
G1 X102.072 Y99.096 E711.97112
G1 X101.651 Y99.161 E711.97962
G1 X101.006 Y99.399 E711.99334
G1 X100.625 Y99.621 E712.00214
G1 X100.24 Y99.911 E712.01176
G1 X99.932 Y100.216 E712.02041
G1 X99.66 Y100.57 E712.02932
G1 X99.442 Y100.929 E712.0377
G1 X99.281 Y101.297 E712.04572
G1 X99.163 Y101.696 E712.05402
G1 X99.095 Y102.077 E712.06174
G1 X99.064 Y102.541 E712.07102
G1 X99.068 Y132.481 E712.66851
G1 X99.089 Y132.86 E712.67608
G1 X99.145 Y133.218 E712.68332
G1 X99.233 Y133.555 E712.69027
G1 X99.362 Y133.89 E712.69743
G1 X99.53 Y134.216 E712.70475
G1 X99.722 Y134.511 E712.71177
G1 X99.941 Y134.782 E712.71873
G1 X100.214 Y135.054 E712.72642
G1 X100.488 Y135.276 E712.73345
G1 X100.778 Y135.468 E712.7404
G1 X101.106 Y135.632 E712.74771
G1 X101.442 Y135.763 E712.75491
G1 X101.778 Y135.851 E712.76184
G1 X102.14 Y135.908 E712.76915
G1 X102.538 Y135.932 E712.77711
G1 X117.5 Y135.932 E713.07569
G0 F9000 X117.5 Y136.332
G1 F1500 X132.47 Y136.332 E713.37444
G1 X132.899 Y136.306 E713.38301
G1 X133.3 Y136.244 E713.39111
G1 X133.679 Y136.144 E713.39893
G1 X134.056 Y135.998 E713.407
G1 X134.417 Y135.816 E713.41507
G1 X134.746 Y135.598 E713.42295
G1 X135.054 Y135.352 E713.43081
G1 X135.351 Y135.051 E713.43925
G1 X135.599 Y134.744 E713.44713
G1 X135.816 Y134.417 E713.45496
G1 X135.998 Y134.056 E713.46303
G1 X136.143 Y133.679 E713.47109
G1 X136.243 Y133.3 E713.47891
G1 X136.306 Y132.899 E713.48701
G1 X136.332 Y132.47 E713.49559
G1 X136.332 Y102.507 E714.09353
G1 X136.306 Y102.097 E714.10173
G1 X136.243 Y101.696 E714.10983
G1 X136.144 Y101.318 E714.11763
G1 X135.998 Y100.944 E714.12564
G1 X135.815 Y100.577 E714.13382
G1 X135.599 Y100.252 E714.14161
G1 X135.352 Y99.945 E714.14947
G1 X135.054 Y99.643 E714.15794
G1 X134.748 Y99.399 E714.16575
G1 X134.417 Y99.184 E714.17363
G1 X134.054 Y98.997 E714.18178
G1 X133.678 Y98.852 E714.18982
G1 X133.3 Y98.753 E714.19762
G1 X132.899 Y98.69 E714.20572
G1 X132.47 Y98.664 E714.21429
G1 X102.441 Y98.668 E714.81355
G1 X101.931 Y98.703 E714.82376
G1 X101.631 Y98.76 E714.82985
G1 X101.323 Y98.855 E714.83628
G1 X100.844 Y99.033 E714.84648
G1 X100.404 Y99.286 E714.85661
G1 X99.978 Y99.607 E714.86725
G1 X99.631 Y99.951 E714.877
G1 X99.329 Y100.344 E714.8869
G1 X99.086 Y100.745 E714.89625
G1 X98.905 Y101.159 E714.90527
G1 X98.773 Y101.603 E714.91451
G1 X98.697 Y102.029 E714.92315
G1 X98.664 Y102.528 E714.93313
G1 X98.668 Y132.492 E715.53109
G1 X98.69 Y132.901 E715.53927
G1 X98.753 Y133.3 E715.54733
G1 X98.852 Y133.679 E715.55514
G1 X98.997 Y134.054 E715.56317
G1 X99.184 Y134.417 E715.57132
G1 X99.398 Y134.747 E715.57917
G1 X99.643 Y135.05 E715.58694
G1 X99.946 Y135.352 E715.59548
G1 X100.252 Y135.599 E715.60333
G1 X100.577 Y135.815 E715.61111
G1 X100.944 Y135.998 E715.6193
G1 X101.318 Y136.144 E715.62731
G1 X101.696 Y136.243 E715.63511
G1 X102.097 Y136.306 E715.64321
G1 X102.526 Y136.332 E715.65179
G1 X117.5 Y136.332 E715.95061
G0 F9000 X117.5 Y136.732
;TYPE:WALL-OUTER
G1 F1500 X132.482 Y136.732 E716.24959
G1 X132.942 Y136.704 E716.25879
G1 X133.382 Y136.636 E716.26767
G1 X133.802 Y136.525 E716.27634
G1 X134.218 Y136.364 E716.28524
G1 X134.619 Y136.162 E716.2942
G1 X134.982 Y135.922 E716.30289
G1 X135.322 Y135.65 E716.31158
G1 X135.65 Y135.318 E716.32089
G1 X135.922 Y134.981 E716.32953
G1 X136.162 Y134.619 E716.3382
G1 X136.364 Y134.218 E716.34716
G1 X136.525 Y133.802 E716.35606
G1 X136.635 Y133.382 E716.36473
G1 X136.704 Y132.942 E716.37361
G1 X136.732 Y132.482 E716.38281
G1 X136.732 Y102.495 E716.98123
G1 X136.704 Y102.054 E716.99005
G1 X136.635 Y101.614 E716.99894
G1 X136.525 Y101.194 E717.0076
G1 X136.364 Y100.782 E717.01643
G1 X136.162 Y100.377 E717.02546
G1 X135.922 Y100.015 E717.03413
G1 X135.65 Y99.678 E717.04277
G1 X135.322 Y99.345 E717.0521
G1 X134.982 Y99.075 E717.06077
G1 X134.619 Y98.838 E717.06942
G1 X134.218 Y98.631 E717.07842
G1 X133.802 Y98.471 E717.08732
G1 X133.382 Y98.361 E717.09598
G1 X132.942 Y98.292 E717.10487
G1 X132.482 Y98.264 E717.11407
G1 X102.427 Y98.268 E717.71385
G1 X102.027 Y98.296 E717.72185
G1 X101.633 Y98.342 E717.72976
G1 X101.244 Y98.458 E717.73787
G1 X100.753 Y98.64 E717.74832
G1 X100.516 Y98.76 E717.75362
G1 X100.183 Y98.952 E717.76129
G1 X99.716 Y99.304 E717.77296
G1 X99.331 Y99.685 E717.78377
G1 X98.998 Y100.118 E717.79467
G1 X98.73 Y100.561 E717.805
G1 X98.529 Y101.021 E717.81502
G1 X98.383 Y101.511 E717.82522
G1 X98.299 Y101.981 E717.83475
G1 X98.264 Y102.515 E717.84543
G1 X98.268 Y132.502 E718.44385
G1 X98.292 Y132.943 E718.45267
G1 X98.361 Y133.382 E718.46153
G1 X98.471 Y133.802 E718.4702
G1 X98.631 Y134.218 E718.47909
G1 X98.838 Y134.619 E718.4881
G1 X99.074 Y134.982 E718.49674
G1 X99.345 Y135.318 E718.50535
G1 X99.678 Y135.65 E718.51474
G1 X100.015 Y135.922 E718.52338
G1 X100.377 Y136.162 E718.53205
G1 X100.782 Y136.364 E718.54108
G1 X101.194 Y136.525 E718.54991
G1 X101.614 Y136.635 E718.55857
G1 X102.054 Y136.704 E718.56746
G1 X102.514 Y136.732 E718.57665
G1 X117.5 Y136.732 E718.87572
G1 F2700 E713.87572
G0 F9000 X117.5 Y136.022
G0 X117.5 Y133.41
G0 X117.5 Y132.697
G1 F2700 E718.87572
G1 F1500 X102.469 Y132.698 E719.17568
G1 X102.383 Y132.663 E719.17753
G1 X102.3 Y132.561 E719.18015
G1 X102.301 Y102.475 E719.78055
G1 X102.35 Y102.366 E719.78294
G1 X102.486 Y102.3 E719.78595
G1 X132.531 Y102.302 E720.38553
G1 X132.634 Y102.35 E720.3878
G1 X132.698 Y102.468 E720.39048
G1 X132.701 Y132.574 E720.99128
G1 X132.543 Y132.696 E720.99526
G1 X117.5 Y132.697 E721.29546
G0 F9000 X117.384 Y133.576
;TYPE:FILL
G1 F3000 X116.774 Y135.852 E721.34248
G0 F9000 X119.365 Y133.577
G1 F3000 X121.639 Y135.851 E721.40666
G0 F9000 X122.986 Y135.852
G1 F3000 X123.595 Y133.576 E721.45368
G0 F9000 X126.094 Y135.851
G1 F3000 X135.756 Y133.263 E721.65329
G0 F9000 X135.798 Y133.039
G1 F3000 X133.58 Y130.82 E721.7159
G0 F9000 X133.58 Y127.634
G1 F3000 X135.852 Y127.025 E721.76284
G0 F9000 X135.852 Y124.608
G1 F3000 X133.579 Y122.334 E721.82701
G0 F9000 X133.58 Y121.422
G1 F3000 X135.852 Y120.814 E721.87394
G0 F9000 X133.58 Y119.497
G1 F3000 X135.852 Y111.018 E722.04912
G0 F9000 X135.852 Y108.39
G1 F3000 X133.579 Y108.999 E722.09608
G0 F9000 X135.852 Y107.637
G1 F3000 X133.578 Y105.363 E722.16026
G0 F9000 X133.578 Y102.788
G1 F3000 X135.831 Y102.184 E722.20681
G0 F9000 X132.211 Y101.423
G1 F3000 X132.816 Y99.165 E722.25346
G0 F9000 X129.637 Y101.422
G1 F3000 X127.36 Y99.145 E722.31772
G0 F9000 X126.61 Y99.144
G1 F3000 X125.999 Y101.423 E722.3648
G0 F9000 X123.991 Y99.145
G1 F3000 X115.494 Y101.422 E722.54035
G0 F9000 X113.576 Y101.423
G1 F3000 X114.186 Y99.146 E722.5874
G0 F9000 X112.666 Y101.422
G1 F3000 X110.391 Y99.147 E722.6516
G0 F9000 X107.974 Y99.147
G1 F3000 X107.364 Y101.423 E722.69862
G0 F9000 X104.181 Y101.422
G1 F3000 X101.956 Y99.196 E722.76143
G0 F9000 X101.741 Y99.228
G1 F3000 X99.145 Y108.915 E722.96157
G0 F9000 X101.422 Y107.149
G1 F3000 X99.144 Y104.87 E723.02587
G0 F9000 X99.145 Y105.803
G1 F3000 X101.422 Y105.192 E723.07292
G0 F9000 X101.421 Y111.404
G1 F3000 X99.146 Y112.014 E723.11992
G0 F9000 X99.145 Y113.356
G1 F3000 X101.422 Y115.634 E723.1842
G0 F9000 X101.421 Y117.616
G1 F3000 X99.147 Y118.225 E723.23118
G0 F9000 X99.146 Y121.843
G1 F3000 X101.422 Y124.118 E723.2954
G0 F9000 X101.421 Y123.828
G1 F3000 X99.148 Y124.437 E723.34236
G0 F9000 X101.421 Y123.604
G1 F3000 X99.149 Y132.084 E723.51756
G0 F9000 X99.149 Y130.648
G1 F3000 X101.421 Y130.039 E723.5645
G0 F9000 X99.147 Y130.329
G1 F3000 X101.432 Y132.614 E723.62898
G0 F9000 X101.662 Y133.338
G0 X102.393 Y133.575
G1 F3000 X104.669 Y135.851 E723.69322
G0 F9000 X104.35 Y135.853
G1 F3000 X104.961 Y133.573 E723.74032
G0 F9000 X102.911 Y135.852
G1 F3000 X111.407 Y133.575 E723.91585
G0 F9000 X111.172 Y133.575
G1 F3000 X110.562 Y135.853 E723.96291
G0 F9000 X110.879 Y133.575
G1 F3000 X113.155 Y135.851 E724.02715
G0 F9000 X127.852 Y133.578
G1 F3000 X130.125 Y135.851 E724.0913
G0 F9000 X129.197 Y135.852
G1 F3000 X129.807 Y133.577 E724.1383
G0 F9000 X133.338 Y133.338
G0 X135.852 Y116.122
G1 F3000 X133.579 Y113.849 E724.20245
G0 F9000 X133.579 Y115.211
G1 F3000 X135.852 Y114.602 E724.24941
G0 F9000 X133.338 Y101.662
G0 X121.151 Y101.422
G1 F3000 X118.876 Y99.146 E724.31363
G0 F9000 X120.398 Y99.146
G1 F3000 X119.788 Y101.422 E724.36065
G0 F9000 X119.788 Y101.29
G1 F2700 E719.36065
;MESH:NONMESH
G0 F300 X119.788 Y101.29 Z2.88
G0 F9000 X133.338 Y101.662
G0 X133.338 Y133.338
G0 X117.5 Y133.499
;TIME_ELAPSED:1775.733410
;LAYER:23
;TYPE:WALL-INNER
;MESH:robotface-cover.stl
G1 F2700 E724.36065
G1 F1500 X102.442 Y133.499 E724.66115
G1 X102.241 Y133.467 E724.66521
G1 X101.912 Y133.31 E724.67249
G1 X101.754 Y133.167 E724.67674
G1 X101.565 Y132.857 E724.68399
G1 X101.501 Y132.561 E724.69003
G1 X101.501 Y102.442 E725.29109
G1 X101.542 Y102.211 E725.29577
G1 X101.666 Y101.947 E725.30159
G1 X101.838 Y101.749 E725.30682
G1 X102.165 Y101.557 E725.31439
G1 X102.401 Y101.504 E725.31922
G1 X132.606 Y101.504 E725.92199
G1 X132.954 Y101.608 E725.92924
G1 X133.168 Y101.754 E725.93441
G1 X133.392 Y102.045 E725.94174
G1 X133.495 Y102.394 E725.949
G1 X133.5 Y132.558 E726.55095
G1 X133.392 Y132.955 E726.55916
G1 X133.204 Y133.211 E726.5655
G1 X133.046 Y133.339 E726.56956
G1 X132.762 Y133.466 E726.57577
G1 X132.558 Y133.499 E726.57989
G1 X117.5 Y133.499 E726.88039
G0 F9000 X117.5 Y133.097
G1 F1500 X102.433 Y133.1 E727.18107
G1 X102.227 Y133.035 E727.18538
G1 X102.052 Y132.901 E727.18978
G1 X101.928 Y132.685 E727.19475
G1 X101.901 Y132.537 E727.19775
G1 X101.904 Y102.424 E727.79869
G1 X101.949 Y102.26 E727.80208
G1 X102.103 Y102.049 E727.8073
G1 X102.404 Y101.9 E727.814
G1 X132.64 Y101.902 E728.41739
G1 X132.901 Y102.052 E728.4234
G1 X133.049 Y102.255 E728.42841
G1 X133.094 Y102.407 E728.43158
G1 X133.1 Y132.535 E729.03281
G1 X132.986 Y132.854 E729.03957
G1 X132.828 Y133.004 E729.04392
G1 X132.592 Y133.094 E729.04896
G1 X117.5 Y133.097 E729.35014
G0 F9000 X117.5 Y133.41
G0 X117.5 Y135.992
G1 F1500 X132.459 Y135.992 E729.64866
G1 X132.866 Y135.968 E729.6568
G1 X133.232 Y135.912 E729.66419
G1 X133.574 Y135.82 E729.67125
G1 X133.917 Y135.688 E729.67859
G1 X134.247 Y135.521 E729.68597
G1 X134.546 Y135.326 E729.69309
G1 X134.827 Y135.098 E729.70031
G1 X135.103 Y134.826 E729.70805
G1 X135.324 Y134.549 E729.71512
G1 X135.52 Y134.247 E729.7223
G1 X135.688 Y133.917 E729.72969
G1 X135.819 Y133.574 E729.73702
G1 X135.911 Y133.232 E729.74409
G1 X135.968 Y132.866 E729.75148
G1 X135.992 Y132.459 E729.75962
G1 X135.992 Y102.519 E730.3571
G1 X135.968 Y102.131 E730.36486
G1 X135.912 Y101.767 E730.37221
G1 X135.819 Y101.421 E730.37936
G1 X135.688 Y101.079 E730.38667
G1 X135.52 Y100.749 E730.39406
G1 X135.326 Y100.449 E730.40119
G1 X135.103 Y100.174 E730.40825
G1 X134.827 Y99.899 E730.41603
G1 X134.547 Y99.674 E730.42319
G1 X134.243 Y99.474 E730.43046
G1 X133.917 Y99.308 E730.43776
G1 X133.574 Y99.177 E730.44508
G1 X133.232 Y99.084 E730.45216
G1 X132.866 Y99.028 E730.45955
G1 X132.459 Y99.004 E730.46768
G1 X102.318 Y99.013 E731.06918
G1 X101.941 Y99.05 E731.07674
G1 X101.444 Y99.159 E731.08689
G1 X100.964 Y99.355 E731.09724
G1 X100.527 Y99.611 E731.10735
G1 X100.178 Y99.882 E731.11616
G1 X99.854 Y100.216 E731.12545
G1 X99.586 Y100.565 E731.13423
G1 X99.387 Y100.911 E731.1422
G1 X99.217 Y101.302 E731.15071
G1 X99.098 Y101.693 E731.15886
G1 X99.031 Y102.073 E731.16656
G1 X99.004 Y102.537 E731.17584
G1 X99.004 Y132.477 E731.77332
G1 X99.028 Y132.865 E731.78108
G1 X99.084 Y133.232 E731.78849
G1 X99.176 Y133.574 E731.79556
G1 X99.307 Y133.917 E731.80288
G1 X99.474 Y134.243 E731.81019
G1 X99.674 Y134.546 E731.81744
G1 X99.899 Y134.828 E731.82464
G1 X100.171 Y135.099 E731.8323
G1 X100.449 Y135.326 E731.83946
G1 X100.749 Y135.52 E731.84659
G1 X101.079 Y135.689 E731.85399
G1 X101.421 Y135.819 E731.86129
G1 X101.766 Y135.912 E731.86842
G1 X102.134 Y135.968 E731.87585
G1 X102.537 Y135.992 E731.88391
G1 X117.5 Y135.992 E732.18251
G0 F9000 X117.5 Y136.392
G1 F1500 X132.47 Y136.392 E732.48125
G1 X132.908 Y136.366 E732.49001
G1 X133.315 Y136.304 E732.49822
G1 X133.698 Y136.2 E732.50614
G1 X134.08 Y136.054 E732.51431
G1 X134.447 Y135.867 E732.52253
G1 X134.782 Y135.65 E732.53049
G1 X135.095 Y135.396 E732.53853
G1 X135.401 Y135.094 E732.54711
G1 X135.648 Y134.784 E732.55502
G1 X135.867 Y134.447 E732.56305
G1 X136.054 Y134.08 E732.57126
G1 X136.2 Y133.698 E732.57943
G1 X136.303 Y133.315 E732.58734
G1 X136.366 Y132.908 E732.59556
G1 X136.392 Y132.47 E732.60432
G1 X136.392 Y102.507 E733.20226
G1 X136.366 Y102.089 E733.21062
G1 X136.304 Y101.685 E733.21877
G1 X136.2 Y101.298 E733.22677
G1 X136.054 Y100.916 E733.23493
G1 X135.867 Y100.549 E733.24315
G1 X135.65 Y100.213 E733.25113
G1 X135.401 Y99.906 E733.25902
G1 X135.095 Y99.6 E733.26766
G1 X134.782 Y99.35 E733.27565
G1 X134.445 Y99.128 E733.28371
G1 X134.079 Y98.942 E733.2919
G1 X133.698 Y98.796 E733.30004
G1 X133.315 Y98.692 E733.30796
G1 X132.908 Y98.63 E733.31618
G1 X132.47 Y98.604 E733.32493
G1 X102.298 Y98.613 E733.92705
G1 X101.878 Y98.654 E733.93547
G1 X101.401 Y98.758 E733.94521
G1 X101.135 Y98.853 E733.95085
G1 X100.786 Y98.996 E733.95838
G1 X100.302 Y99.279 E733.96956
G1 X99.91 Y99.584 E733.97948
G1 X99.551 Y99.954 E733.98976
G1 X99.253 Y100.342 E733.99953
G1 X99.029 Y100.731 E734.00849
G1 X98.841 Y101.164 E734.01791
G1 X98.709 Y101.6 E734.027
G1 X98.633 Y102.026 E734.03563
G1 X98.604 Y102.526 E734.04563
G1 X98.604 Y132.489 E734.64357
G1 X98.63 Y132.908 E734.65195
G1 X98.692 Y133.315 E734.66016
G1 X98.796 Y133.698 E734.66808
G1 X98.941 Y134.08 E734.67624
G1 X99.128 Y134.445 E734.68442
G1 X99.35 Y134.782 E734.69248
G1 X99.6 Y135.095 E734.70047
G1 X99.903 Y135.397 E734.70901
G1 X100.214 Y135.65 E734.71701
G1 X100.549 Y135.867 E734.72497
G1 X100.916 Y136.055 E734.7332
G1 X101.297 Y136.2 E734.74134
G1 X101.684 Y136.304 E734.74933
G1 X102.092 Y136.366 E734.75757
G1 X102.526 Y136.392 E734.76625
G1 X117.5 Y136.392 E735.06507
G0 F9000 X117.5 Y136.792
;TYPE:WALL-OUTER
G1 F1500 X132.482 Y136.792 E735.36405
G1 X132.95 Y136.764 E735.37341
G1 X133.398 Y136.696 E735.38245
G1 X133.822 Y136.581 E735.39122
G1 X134.242 Y136.42 E735.40019
G1 X134.647 Y136.214 E735.40926
G1 X135.018 Y135.974 E735.41808
G1 X135.362 Y135.694 E735.42693
G1 X135.699 Y135.362 E735.43637
G1 X135.973 Y135.018 E735.44515
G1 X136.214 Y134.647 E735.45398
G1 X136.42 Y134.242 E735.46304
G1 X136.581 Y133.822 E735.47202
G1 X136.695 Y133.398 E735.48078
G1 X136.764 Y132.95 E735.48983
G1 X136.792 Y132.482 E735.49918
G1 X136.792 Y102.495 E736.09761
G1 X136.764 Y102.046 E736.10658
G1 X136.696 Y101.602 E736.11555
G1 X136.581 Y101.174 E736.12439
G1 X136.42 Y100.754 E736.13337
G1 X136.214 Y100.349 E736.14244
G1 X135.974 Y99.978 E736.15125
G1 X135.699 Y99.638 E736.15998
G1 X135.362 Y99.302 E736.16948
G1 X135.018 Y99.026 E736.17828
G1 X134.647 Y98.782 E736.18714
G1 X134.242 Y98.576 E736.19621
G1 X133.822 Y98.415 E736.20518
G1 X133.398 Y98.3 E736.21395
G1 X132.95 Y98.232 E736.22299
G1 X132.482 Y98.204 E736.23235
G1 X102.278 Y98.213 E736.8351
G1 X101.816 Y98.258 E736.84437
G1 X101.291 Y98.373 E736.85509
G1 X100.992 Y98.479 E736.86142
G1 X100.609 Y98.636 E736.86968
G1 X100.077 Y98.947 E736.88198
G1 X99.642 Y99.286 E736.89299
G1 X99.248 Y99.692 E736.90428
G1 X98.919 Y100.12 E736.91505
G1 X98.671 Y100.551 E736.92497
G1 X98.465 Y101.026 E736.9353
G1 X98.319 Y101.507 E736.94534
G1 X98.235 Y101.98 E736.95492
G1 X98.204 Y102.514 E736.9656
G1 X98.204 Y132.501 E737.56402
G1 X98.232 Y132.95 E737.573
G1 X98.3 Y133.398 E737.58204
G1 X98.415 Y133.822 E737.59081
G1 X98.575 Y134.242 E737.59978
G1 X98.782 Y134.647 E737.60885
G1 X99.026 Y135.018 E737.61772
G1 X99.302 Y135.362 E737.62652
G1 X99.635 Y135.695 E737.63591
G1 X99.978 Y135.974 E737.64474
G1 X100.349 Y136.214 E737.65356
G1 X100.754 Y136.421 E737.66263
G1 X101.174 Y136.581 E737.6716
G1 X101.602 Y136.696 E737.68045
G1 X102.05 Y136.764 E737.68949
G1 X102.514 Y136.792 E737.69876
G1 X117.5 Y136.792 E737.99783
G1 F2700 E732.99783
G0 F9000 X117.5 Y136.083
G0 X117.5 Y133.41
G0 X117.5 Y132.696
G1 F2700 E737.99783
G1 F1500 X102.469 Y132.698 E738.29779
G1 X102.337 Y132.618 E738.30087
G1 X102.306 Y132.553 E738.3023
G1 X102.301 Y102.474 E738.90256
G1 X102.376 Y102.342 E738.90559
G1 X102.467 Y102.302 E738.90758
G1 X132.522 Y102.3 E739.50736
G1 X132.668 Y102.39 E739.51078
G1 X132.7 Y102.487 E739.51282
G1 X132.701 Y132.536 E740.11248
G1 X132.618 Y132.663 E740.11551
G1 X132.553 Y132.694 E740.11694
G1 X117.5 Y132.696 E740.41734
G0 F9000 X117.295 Y133.579
;TYPE:FILL
G1 F3000 X116.67 Y135.912 E740.46554
G0 F9000 X113.334 Y135.911
G1 F3000 X111.003 Y133.58 E740.53133
G1 X111.083 Y133.579
G1 X110.458 Y135.913 E740.57955
G0 F9000 X111.72 Y133.579
G1 F3000 X103.014 Y135.912 E740.75941
G0 F9000 X104.246 Y135.913
G1 F3000 X104.872 Y133.579 E740.80764
G0 F9000 X104.849 Y135.911
G1 F3000 X102.518 Y133.58 E740.87342
G0 F9000 X101.662 Y133.338
G0 X101.422 Y132.484
G1 F3000 X99.084 Y130.146 E740.93941
G0 F9000 X99.085 Y130.753
G1 F3000 X101.422 Y130.127 E740.98769
G0 F9000 X99.084 Y131.996
G1 F3000 X101.422 Y123.271 E741.16795
G0 F9000 X101.422 Y123.915
G1 F3000 X99.085 Y124.542 E741.21623
G0 F9000 X101.422 Y123.999
G1 F3000 X99.084 Y121.661 E741.28222
G0 F9000 X99.084 Y118.33
G1 F3000 X101.422 Y117.704 E741.33052
G0 F9000 X101.422 Y115.514
G1 F3000 X99.084 Y113.175 E741.39652
G0 F9000 X99.085 Y112.118
G1 F3000 X101.421 Y111.492 E741.44478
G0 F9000 X99.084 Y108.814
G1 F3000 X101.662 Y99.192 E741.64357
G0 F9000 X102.004 Y99.124
G1 F3000 X104.3 Y101.421 E741.70838
G0 F9000 X107.276 Y101.422
G1 F3000 X107.901 Y99.091 E741.75654
G0 F9000 X110.456 Y99.091
G1 F3000 X112.786 Y101.422 E741.82231
G0 F9000 X113.488 Y101.424
G1 F3000 X114.113 Y99.089 E741.87055
G0 F9000 X115.819 Y101.423
G1 F3000 X124.54 Y99.086 E742.05073
G0 F9000 X126.538 Y99.085
G1 F3000 X125.911 Y101.425 E742.09907
G0 F9000 X127.421 Y99.086
G1 F3000 X129.759 Y101.424 E742.16506
G0 F9000 X132.122 Y101.426
G1 F3000 X132.745 Y99.102 E742.21307
G0 F9000 X133.579 Y102.876
G1 F3000 X135.895 Y102.255 E742.26092
G0 F9000 X133.578 Y105.243
G1 F3000 X135.912 Y107.577 E742.32679
G0 F9000 X135.912 Y108.462
G1 F3000 X133.579 Y109.087 E742.37499
G0 F9000 X135.911 Y110.466
G1 F3000 X133.58 Y119.168 E742.55477
G0 F9000 X133.581 Y121.51
G1 F3000 X135.912 Y120.886 E742.60293
G0 F9000 X133.58 Y122.215
G1 F3000 X135.912 Y124.548 E742.66876
G0 F9000 X135.912 Y127.097
G1 F3000 X133.581 Y127.722 E742.71692
G0 F9000 X133.58 Y130.701
G1 F3000 X135.868 Y132.989 E742.78149
G0 F9000 X135.8 Y133.339
G1 F3000 X126.199 Y135.911 E742.97984
G0 F9000 X129.093 Y135.912
G1 F3000 X129.719 Y133.577 E743.02809
G0 F9000 X127.972 Y133.578
G1 F3000 X130.305 Y135.911 E743.09393
G0 F9000 X123.507 Y133.578
G1 F3000 X122.881 Y135.912 E743.14215
G0 F9000 X121.82 Y135.911
G1 F3000 X119.488 Y133.579 E743.20797
G1 F2700 E738.20797
G0 F9000 X133.338 Y133.338
G0 X133.58 Y115.299
G1 F2700 E743.20797
G1 F3000 X135.912 Y114.674 E743.25615
G0 F9000 X135.912 Y116.062
G1 F3000 X133.579 Y113.729 E743.32199
G0 F9000 X133.338 Y101.662
G0 X121.273 Y101.423
G1 F3000 X118.938 Y99.088 E743.38789
G0 F9000 X120.325 Y99.087
G1 F3000 X119.699 Y101.424 E743.43617
G0 F9000 X101.662 Y101.662
G0 X101.421 Y105.281
G1 F3000 X99.084 Y105.907 E743.48445
G0 F9000 X99.084 Y104.69
G1 F3000 X101.422 Y107.028 E743.55043
G0 F9000 X101.29 Y107.028
G1 F2700 E738.55043
;MESH:NONMESH
G0 F300 X101.29 Y107.028 Z3
G0 F9000 X101.662 Y133.338
G0 X117.5 Y133.497
;TIME_ELAPSED:1822.362597
;LAYER:24
;TYPE:WALL-INNER
;MESH:robotface-cover.stl
G1 F2700 E743.55043
G1 F1500 X102.451 Y133.499 E743.85075
G1 X102.241 Y133.467 E743.85499
G1 X101.869 Y133.277 E743.86333
G1 X101.721 Y133.128 E743.86752
G1 X101.549 Y132.81 E743.87473
G1 X101.501 Y132.551 E743.87999
G1 X101.501 Y102.441 E744.48087
G1 X101.542 Y102.211 E744.48553
G1 X101.632 Y102.001 E744.49009
G1 X101.778 Y101.807 E744.49493
G1 X102.058 Y101.581 E744.50212
G1 X102.461 Y101.5 E744.51032
G1 X132.549 Y101.501 E745.11076
G1 X132.757 Y101.532 E745.11495
G1 X133.084 Y101.687 E745.12218
G1 X133.28 Y101.872 E745.12755
G1 X133.438 Y102.152 E745.13397
G1 X133.499 Y102.384 E745.13876
G1 X133.5 Y132.549 E745.74073
G1 X133.435 Y132.859 E745.74705
G1 X133.339 Y133.048 E745.75128
G1 X133.077 Y133.338 E745.75908
G1 X132.688 Y133.495 E745.76745
G1 X117.5 Y133.497 E746.07055
G0 F9000 X117.5 Y133.1
G1 F1500 X102.47 Y133.1 E746.37049
G1 X102.198 Y133.02 E746.37614
G1 X102.032 Y132.877 E746.38052
G1 X101.95 Y132.742 E746.38367
G1 X101.9 Y132.531 E746.388
G1 X101.904 Y102.427 E746.98875
G1 X101.979 Y102.2 E746.99353
G1 X102.093 Y102.058 E746.99716
G1 X102.291 Y101.937 E747.00179
G1 X102.477 Y101.9 E747.00557
G1 X132.615 Y101.9 E747.60701
G1 X132.851 Y102.012 E747.61222
G1 X133.025 Y102.207 E747.61744
G1 X133.097 Y102.432 E747.62215
G1 X133.1 Y132.53 E748.22279
G1 X133.061 Y132.715 E748.22657
G1 X132.923 Y132.927 E748.23161
G1 X132.794 Y133.024 E748.23483
G1 X132.53 Y133.1 E748.24032
G1 X117.5 Y133.1 E748.54026
G0 F9000 X117.5 Y133.41
G0 X117.5 Y136.052
G1 F1500 X132.498 Y136.051 E748.83956
G1 X132.874 Y136.031 E748.84707
G1 X133.207 Y135.979 E748.8538
G1 X133.595 Y135.878 E748.8618
G1 X133.921 Y135.755 E748.86875
G1 X134.246 Y135.591 E748.87602
G1 X134.594 Y135.366 E748.88429
G1 X134.866 Y135.143 E748.89131
G1 X135.147 Y134.865 E748.89919
G1 X135.373 Y134.584 E748.90639
G1 X135.573 Y134.278 E748.91369
G1 X135.744 Y133.94 E748.92124
G1 X135.879 Y133.591 E748.92871
G1 X135.972 Y133.239 E748.93598
G1 X136.031 Y132.871 E748.94342
G1 X136.052 Y132.463 E748.95157
G1 X136.052 Y102.514 E749.54923
G1 X136.031 Y102.117 E749.55717
G1 X135.983 Y101.797 E749.56362
G1 X135.878 Y101.404 E749.57174
G1 X135.753 Y101.069 E749.57888
G1 X135.595 Y100.755 E749.58589
G1 X135.364 Y100.399 E749.59436
G1 X135.152 Y100.136 E749.6011
G1 X134.867 Y99.854 E749.6091
G1 X134.581 Y99.621 E749.61647
G1 X134.278 Y99.423 E749.62369
G1 X133.939 Y99.251 E749.63127
G1 X133.593 Y99.117 E749.63868
G1 X133.244 Y99.024 E749.64589
G1 X132.872 Y98.965 E749.6534
G1 X132.463 Y98.944 E749.66158
G1 X102.348 Y98.948 E750.26255
G1 X102.042 Y98.981 E750.2687
G1 X101.671 Y99.042 E750.2762
G1 X101.264 Y99.161 E750.28466
G1 X100.882 Y99.334 E750.29303
G1 X100.444 Y99.602 E750.30328
G1 X100.095 Y99.886 E750.31226
G1 X99.783 Y100.211 E750.32125
G1 X99.531 Y100.552 E750.32971
G1 X99.328 Y100.904 E750.33782
G1 X99.158 Y101.303 E750.34647
G1 X99.039 Y101.697 E750.35469
G1 X98.971 Y102.077 E750.36239
G1 X98.944 Y102.537 E750.37158
G1 X98.944 Y132.482 E750.96917
G1 X98.965 Y132.875 E750.97702
G1 X99.016 Y133.198 E750.98355
G1 X99.119 Y133.591 E750.99166
G1 X99.246 Y133.927 E750.99883
G1 X99.402 Y134.241 E751.00582
G1 X99.633 Y134.594 E751.01424
G1 X99.85 Y134.862 E751.02112
G1 X100.132 Y135.144 E751.02908
G1 X100.415 Y135.375 E751.03637
G1 X100.718 Y135.573 E751.04359
G1 X101.056 Y135.745 E751.05116
G1 X101.406 Y135.879 E751.05864
G1 X101.753 Y135.972 E751.06581
G1 X102.124 Y136.031 E751.07331
G1 X102.533 Y136.052 E751.08148
G1 X117.5 Y136.052 E751.38016
G0 F9000 X117.5 Y136.452
G1 F1500 X132.477 Y136.452 E751.67905
G1 X132.914 Y136.43 E751.68778
G1 X133.289 Y136.371 E751.69535
G1 X133.717 Y136.259 E751.70418
G1 X134.082 Y136.122 E751.71196
G1 X134.445 Y135.938 E751.72008
G1 X134.83 Y135.69 E751.72922
G1 X135.134 Y135.441 E751.73706
G1 X135.445 Y135.133 E751.7458
G1 X135.697 Y134.819 E751.75383
G1 X135.919 Y134.478 E751.76195
G1 X136.11 Y134.103 E751.77035
G1 X136.26 Y133.715 E751.77865
G1 X136.364 Y133.322 E751.78677
G1 X136.43 Y132.913 E751.79503
G1 X136.452 Y132.473 E751.80383
G1 X136.452 Y102.504 E752.40189
G1 X136.43 Y102.077 E752.41042
G1 X136.375 Y101.715 E752.41773
G1 X136.259 Y101.283 E752.42666
G1 X136.121 Y100.909 E752.43461
G1 X135.942 Y100.556 E752.44251
G1 X135.689 Y100.165 E752.4518
G1 X135.449 Y99.867 E752.45944
G1 X135.134 Y99.556 E752.46827
G1 X134.817 Y99.298 E752.47643
G1 X134.478 Y99.077 E752.4845
G1 X134.102 Y98.885 E752.49293
G1 X133.717 Y98.736 E752.50117
G1 X133.327 Y98.632 E752.50922
G1 X132.913 Y98.566 E752.51759
G1 X132.473 Y98.544 E752.52638
G1 X102.327 Y98.548 E753.12798
G1 X101.989 Y98.584 E753.13476
G1 X101.585 Y98.651 E753.14293
G1 X101.125 Y98.785 E753.15249
G1 X100.694 Y98.98 E753.16193
G1 X100.212 Y99.275 E753.17321
G1 X99.823 Y99.591 E753.18321
G1 X99.476 Y99.952 E753.19321
G1 X99.196 Y100.333 E753.20264
G1 X98.97 Y100.725 E753.21167
G1 X98.781 Y101.166 E753.22125
G1 X98.649 Y101.604 E753.23038
G1 X98.573 Y102.031 E753.23903
G1 X98.544 Y102.526 E753.24893
G1 X98.544 Y132.492 E753.84693
G1 X98.566 Y132.917 E753.85542
G1 X98.624 Y133.28 E753.86276
G1 X98.737 Y133.713 E753.87169
G1 X98.879 Y134.087 E753.87967
G1 X99.054 Y134.44 E753.88753
G1 X99.31 Y134.83 E753.89684
G1 X99.552 Y135.13 E753.90454
G1 X99.863 Y135.441 E753.91331
G1 X100.179 Y135.698 E753.92144
G1 X100.518 Y135.919 E753.92952
G1 X100.893 Y136.111 E753.93792
G1 X101.282 Y136.26 E753.94624
G1 X101.67 Y136.364 E753.95425
G1 X102.083 Y136.43 E753.9626
G1 X102.523 Y136.452 E753.97139
G1 X117.5 Y136.452 E754.27027
G0 F9000 X117.5 Y136.852
;TYPE:WALL-OUTER
G1 F1500 X132.487 Y136.852 E754.56936
G1 X132.955 Y136.828 E754.57871
G1 X133.371 Y136.763 E754.58711
G1 X133.839 Y136.641 E754.59676
G1 X134.243 Y136.488 E754.60538
G1 X134.644 Y136.286 E754.61434
G1 X135.066 Y136.014 E754.62436
G1 X135.402 Y135.739 E754.63303
G1 X135.743 Y135.401 E754.64261
G1 X136.021 Y135.054 E754.65148
G1 X136.266 Y134.679 E754.66042
G1 X136.476 Y134.266 E754.66967
G1 X136.641 Y133.838 E754.67882
G1 X136.756 Y133.406 E754.68774
G1 X136.828 Y132.955 E754.69686
G1 X136.852 Y132.483 E754.70629
G1 X136.852 Y102.494 E755.30475
G1 X136.828 Y102.037 E755.31388
G1 X136.767 Y101.633 E755.32204
G1 X136.641 Y101.161 E755.33179
G1 X136.488 Y100.749 E755.34056
G1 X136.29 Y100.356 E755.34934
G1 X136.013 Y99.93 E755.35948
G1 X135.747 Y99.599 E755.36795
G1 X135.402 Y99.258 E755.37763
G1 X135.053 Y98.974 E755.38661
G1 X134.679 Y98.73 E755.39552
G1 X134.266 Y98.519 E755.40478
G1 X133.841 Y98.355 E755.41387
G1 X133.41 Y98.24 E755.42277
G1 X132.955 Y98.168 E755.43197
G1 X132.483 Y98.144 E755.4414
G1 X102.307 Y98.148 E756.04359
G1 X101.935 Y98.187 E756.05106
G1 X101.612 Y98.241 E756.05759
G1 X101.351 Y98.302 E756.06294
G1 X100.986 Y98.409 E756.07053
G1 X100.506 Y98.626 E756.08104
G1 X99.98 Y98.948 E756.09335
G1 X99.552 Y99.296 E756.10436
G1 X99.17 Y99.694 E756.11537
G1 X98.86 Y100.114 E756.12578
G1 X98.612 Y100.546 E756.13573
G1 X98.405 Y101.029 E756.14621
G1 X98.259 Y101.511 E756.15626
G1 X98.175 Y101.984 E756.16585
G1 X98.144 Y102.514 E756.17644
G1 X98.144 Y132.502 E756.77489
G1 X98.168 Y132.959 E756.78402
G1 X98.232 Y133.362 E756.79216
G1 X98.355 Y133.835 E756.80192
G1 X98.512 Y134.247 E756.81071
G1 X98.706 Y134.64 E756.81946
G1 X98.986 Y135.066 E756.82963
G1 X99.254 Y135.398 E756.83815
G1 X99.595 Y135.739 E756.84777
G1 X99.943 Y136.022 E756.85672
G1 X100.317 Y136.266 E756.86564
G1 X100.73 Y136.477 E756.87489
G1 X101.158 Y136.641 E756.88404
G1 X101.586 Y136.756 E756.89288
G1 X102.041 Y136.828 E756.90207
G1 X102.513 Y136.852 E756.91151
G1 X117.5 Y136.852 E757.21059
G1 F2700 E752.21059
G0 F9000 X117.5 Y136.144
G0 X117.5 Y133.41
G0 X117.5 Y132.697
G1 F2700 E757.21059
G1 F1500 X102.448 Y132.694 E757.51097
G1 X102.338 Y132.619 E757.51362
G1 X102.302 Y132.532 E757.5155
G1 X102.301 Y102.448 E758.11586
G1 X102.364 Y102.352 E758.11815
G1 X102.474 Y102.301 E758.12057
G1 X132.51 Y102.3 E758.71997
G1 X132.627 Y102.344 E758.72247
G1 X132.7 Y102.489 E758.72571
G1 X132.698 Y132.532 E759.32525
G1 X132.619 Y132.662 E759.32828
G1 X132.522 Y132.699 E759.33036
G1 X117.5 Y132.697 E759.63014
G0 F9000 X117.208 Y133.576
;TYPE:FILL
G1 F3000 X116.566 Y135.973 E759.67966
G0 F9000 X113.515 Y135.972
G1 F3000 X111.121 Y133.577 E759.74723
G1 X110.996 Y133.577
G1 X110.354 Y135.972 E759.79672
G0 F9000 X112.056 Y133.577
G1 F3000 X103.118 Y135.972 E759.98138
G0 F9000 X104.142 Y135.972
G1 F3000 X104.784 Y133.578 E760.03084
G0 F9000 X102.637 Y133.579
G1 F3000 X105.03 Y135.972 E760.09837
G0 F9000 X101.662 Y133.338
G0 X101.426 Y132.368
G1 F3000 X99.025 Y129.966 E760.16615
G0 F9000 X99.026 Y130.857
G1 F3000 X101.425 Y130.214 E760.21571
G0 F9000 X99.025 Y131.887
G1 F3000 X101.424 Y122.936 E760.40065
G0 F9000 X101.425 Y123.881
G1 F3000 X99.025 Y121.481 E760.46838
G0 F9000 X99.025 Y118.434
G1 F3000 X101.423 Y117.792 E760.51792
G0 F9000 X101.422 Y115.393
G1 F3000 X99.025 Y112.996 E760.58557
G0 F9000 X99.025 Y112.222
G1 F3000 X101.421 Y111.58 E760.63507
G0 F9000 X99.024 Y108.709
G1 F3000 X101.586 Y99.15 E760.83256
G0 F9000 X102.06 Y99.06
G1 F3000 X104.421 Y101.421 E760.89919
G0 F9000 X107.189 Y101.421
G1 F3000 X107.83 Y99.027 E760.94865
G0 F9000 X110.512 Y99.027
G1 F3000 X112.906 Y101.421 E761.01622
G0 F9000 X113.4 Y101.421
G1 F3000 X114.042 Y99.026 E761.0657
G0 F9000 X116.155 Y101.421
G1 F3000 X125.097 Y99.025 E761.25044
G0 F9000 X126.466 Y99.024
G1 F3000 X125.824 Y101.421 E761.29996
G0 F9000 X127.48 Y99.025
G1 F3000 X129.876 Y101.421 E761.36758
G0 F9000 X132.035 Y101.421
G1 F3000 X132.675 Y99.033 E761.41692
G0 F9000 X133.212 Y101.162
G0 X133.579 Y102.964
G1 F3000 X135.962 Y102.325 E761.46615
G0 F9000 X133.578 Y105.123
G1 F3000 X135.972 Y107.516 E761.5337
G0 F9000 X135.971 Y108.534
G1 F3000 X133.578 Y109.175 E761.58314
G0 F9000 X135.971 Y109.915
G1 F3000 X133.579 Y118.84 E761.76754
G0 F9000 X133.58 Y121.598
G1 F3000 X135.971 Y120.958 E761.81693
G0 F9000 X133.579 Y122.094
G1 F3000 X135.972 Y124.488 E761.88448
G0 F9000 X135.971 Y127.169
G1 F3000 X133.58 Y127.81 E761.93388
G0 F9000 X133.579 Y130.579
G1 F3000 X135.94 Y132.94 E762.00051
G0 F9000 X135.842 Y133.415
G1 F3000 X126.304 Y135.971 E762.19757
G0 F9000 X128.989 Y135.972
G1 F3000 X129.631 Y133.575 E762.24709
G0 F9000 X128.09 Y133.575
G1 F3000 X130.485 Y135.971 E762.3147
G0 F9000 X123.42 Y133.575
G1 F3000 X122.777 Y135.972 E762.36422
G0 F9000 X122 Y135.971
G1 F3000 X119.606 Y133.577 E762.43179
G0 F9000 X101.662 Y133.338
G0 X101.424 Y124.003
G1 F3000 X99.026 Y124.645 E762.48133
G0 F9000 X101.421 Y106.907
G1 F3000 X99.025 Y104.51 E762.54896
G0 F9000 X99.025 Y106.011
G1 F3000 X101.42 Y105.369 E762.59844
G0 F9000 X101.662 Y101.662
G0 X119.612 Y101.422
G1 F3000 X120.254 Y99.025 E762.64796
G0 F9000 X118.996 Y99.026
G1 F3000 X121.391 Y101.421 E762.71556
G0 F9000 X133.338 Y101.662
G0 X133.578 Y113.608
G1 F3000 X135.972 Y116.002 E762.78312
G0 F9000 X135.972 Y114.746
G1 F3000 X133.579 Y115.387 E762.83256
G0 F9000 X133.71 Y115.387
G1 F2700 E757.83256
;MESH:NONMESH
G0 F300 X133.71 Y115.387 Z3.12
G0 F9000 X133.338 Y133.338
G0 X117.5 Y133.499
;TIME_ELAPSED:1868.920077
;LAYER:25
;TYPE:WALL-INNER
;MESH:robotface-cover.stl
G1 F2700 E762.83256
G1 F1500 X102.443 Y133.499 E763.13304
G1 X102.049 Y133.393 E763.14118
G1 X101.835 Y133.247 E763.14635
G1 X101.586 Y132.908 E763.15474
G1 X101.501 Y132.551 E763.16207
G1 X101.501 Y102.439 E763.76298
G1 X101.54 Y102.219 E763.76744
G1 X101.689 Y101.913 E763.77424
G1 X101.968 Y101.652 E763.78186
G1 X102.218 Y101.54 E763.78733
G1 X102.445 Y101.501 E763.79192
G1 X132.557 Y101.501 E764.39284
G1 X132.765 Y101.534 E764.39704
G1 X133.132 Y101.724 E764.40529
G1 X133.393 Y102.049 E764.41361
G1 X133.495 Y102.397 E764.42085
G1 X133.5 Y132.557 E765.02272
G1 X133.469 Y132.757 E765.02676
G1 X133.311 Y133.087 E765.03406
G1 X133.046 Y133.339 E765.04136
G1 X132.864 Y133.433 E765.04545
G1 X132.557 Y133.499 E765.05171
G1 X117.5 Y133.499 E765.35219
G0 F9000 X117.5 Y133.098
G1 F1500 X102.388 Y133.099 E765.65377
G1 X102.172 Y133.004 E765.65848
G1 X101.964 Y132.771 E765.66471
G1 X101.9 Y132.531 E765.66967
G1 X101.903 Y102.431 E766.27034
G1 X101.948 Y102.263 E766.27382
G1 X102.146 Y102.014 E766.28016
G1 X102.467 Y101.9 E766.28696
G1 X132.534 Y101.901 E766.88698
G1 X132.851 Y102.013 E766.89369
G1 X133.002 Y102.17 E766.89804
G1 X133.097 Y102.438 E766.90371
G1 X133.1 Y132.534 E767.50431
G1 X133.037 Y132.771 E767.5092
G1 X132.948 Y132.9 E767.51233
G1 X132.718 Y133.06 E767.51792
G1 X132.563 Y133.097 E767.5211
G1 X117.5 Y133.098 E767.8217
G0 F9000 X117.5 Y133.41
G0 X117.5 Y136.104
G1 F1500 X132.459 Y136.104 E768.12022
G1 X132.877 Y136.08 E768.12858
G1 X133.257 Y136.02 E768.13626
G1 X133.605 Y135.927 E768.14345
G1 X133.96 Y135.789 E768.15105
G1 X134.304 Y135.615 E768.15874
G1 X134.616 Y135.413 E768.16616
G1 X134.901 Y135.184 E768.17345
G1 X135.182 Y134.899 E768.18144
G1 X135.414 Y134.614 E768.18877
G1 X135.615 Y134.304 E768.19615
G1 X135.789 Y133.96 E768.20384
G1 X135.927 Y133.605 E768.21144
G1 X136.02 Y133.257 E768.21863
G1 X136.08 Y132.877 E768.22631
G1 X136.104 Y132.459 E768.23466
G1 X136.104 Y102.518 E768.83217
G1 X136.08 Y102.124 E768.84004
G1 X136.02 Y101.743 E768.84774
G1 X135.927 Y101.39 E768.85503
G1 X135.789 Y101.036 E768.86261
G1 X135.616 Y100.694 E768.87026
G1 X135.414 Y100.386 E768.87761
G1 X135.182 Y100.097 E768.885
G1 X134.9 Y99.816 E768.89295
G1 X134.613 Y99.582 E768.90034
G1 X134.304 Y99.381 E768.90769
G1 X133.963 Y99.209 E768.91532
G1 X133.605 Y99.072 E768.92296
G1 X133.252 Y98.976 E768.93026
G1 X132.877 Y98.916 E768.93784
G1 X132.459 Y98.892 E768.9462
G1 X102.324 Y98.901 E769.54758
G1 X102.014 Y98.925 E769.55378
G1 X101.62 Y99.007 E769.56181
G1 X101.288 Y99.105 E769.56872
G1 X100.753 Y99.345 E769.58042
G1 X100.37 Y99.584 E769.58943
G1 X100.022 Y99.882 E769.59857
G1 X99.724 Y100.197 E769.60723
G1 X99.471 Y100.545 E769.61581
G1 X99.27 Y100.901 E769.62397
G1 X99.1 Y101.299 E769.63261
G1 X98.989 Y101.676 E769.64045
G1 X98.92 Y102.093 E769.64889
G1 X98.892 Y102.539 E769.6578
G1 X98.896 Y132.482 E770.25535
G1 X98.917 Y132.88 E770.2633
G1 X98.976 Y133.252 E770.27082
G1 X99.072 Y133.605 E770.27812
G1 X99.209 Y133.963 E770.28577
G1 X99.381 Y134.304 E770.29339
G1 X99.582 Y134.614 E770.30076
G1 X99.812 Y134.897 E770.30804
G1 X100.099 Y135.184 E770.31614
G1 X100.382 Y135.414 E770.32342
G1 X100.691 Y135.616 E770.33079
G1 X101.036 Y135.789 E770.33849
G1 X101.39 Y135.927 E770.34607
G1 X101.743 Y136.02 E770.35335
G1 X102.124 Y136.08 E770.36105
G1 X102.537 Y136.104 E770.36931
G1 X117.5 Y136.104 E770.66791
G0 F9000 X117.5 Y136.504
G1 F1500 X132.471 Y136.504 E770.96667
G1 X132.92 Y136.478 E770.97565
G1 X133.339 Y136.412 E770.98411
G1 X133.729 Y136.308 E770.99217
G1 X134.123 Y136.155 E771.0006
G1 X134.504 Y135.963 E771.00912
G1 X134.851 Y135.737 E771.01738
G1 X135.169 Y135.481 E771.02553
G1 X135.48 Y135.166 E771.03436
G1 X135.738 Y134.85 E771.0425
G1 X135.963 Y134.504 E771.05074
G1 X136.155 Y134.123 E771.05925
G1 X136.308 Y133.729 E771.06769
G1 X136.412 Y133.339 E771.07574
G1 X136.478 Y132.92 E771.08421
G1 X136.504 Y132.471 E771.09318
G1 X136.504 Y102.506 E771.69117
G1 X136.478 Y102.081 E771.69966
G1 X136.412 Y101.66 E771.70817
G1 X136.308 Y101.266 E771.7163
G1 X136.155 Y100.873 E771.72472
G1 X135.963 Y100.493 E771.73321
G1 X135.738 Y100.15 E771.7414
G1 X135.48 Y99.83 E771.7496
G1 X135.169 Y99.518 E771.75839
G1 X134.849 Y99.258 E771.76662
G1 X134.504 Y99.033 E771.77484
G1 X134.125 Y98.842 E771.78331
G1 X133.729 Y98.692 E771.79176
G1 X133.337 Y98.584 E771.79987
G1 X132.92 Y98.518 E771.8083
G1 X132.471 Y98.492 E771.81727
G1 X102.308 Y98.501 E772.41921
G1 X101.958 Y98.528 E772.42622
G1 X101.523 Y98.619 E772.43508
G1 X101.149 Y98.729 E772.44286
G1 X100.564 Y98.991 E772.45566
G1 X100.133 Y99.261 E772.4658
G1 X99.746 Y99.592 E772.47597
G1 X99.415 Y99.941 E772.48557
G1 X99.134 Y100.329 E772.49513
G1 X98.911 Y100.723 E772.50416
G1 X98.722 Y101.164 E772.51374
G1 X98.598 Y101.586 E772.52251
G1 X98.522 Y102.048 E772.53186
G1 X98.492 Y102.527 E772.54143
G1 X98.496 Y132.492 E773.13942
G1 X98.518 Y132.921 E773.14799
G1 X98.584 Y133.337 E773.1564
G1 X98.692 Y133.729 E773.16451
G1 X98.842 Y134.125 E773.17296
G1 X99.033 Y134.504 E773.18143
G1 X99.258 Y134.85 E773.18967
G1 X99.515 Y135.165 E773.19778
G1 X99.831 Y135.481 E773.2067
G1 X100.146 Y135.738 E773.21481
G1 X100.492 Y135.963 E773.22305
G1 X100.873 Y136.155 E773.23156
G1 X101.266 Y136.308 E773.23998
G1 X101.66 Y136.412 E773.24811
G1 X102.081 Y136.478 E773.25661
G1 X102.525 Y136.504 E773.26549
G1 X117.5 Y136.504 E773.56433
G0 F9000 X117.5 Y136.904
;TYPE:WALL-OUTER
G1 F1500 X132.482 Y136.904 E773.86331
G1 X132.962 Y136.876 E773.87291
G1 X133.422 Y136.804 E773.8822
G1 X133.853 Y136.689 E773.8911
G1 X134.286 Y136.521 E773.90037
G1 X134.704 Y136.31 E773.90972
G1 X135.086 Y136.061 E773.91882
G1 X135.437 Y135.779 E773.9278
G1 X135.778 Y135.434 E773.93748
G1 X136.062 Y135.086 E773.94644
G1 X136.31 Y134.704 E773.95553
G1 X136.521 Y134.286 E773.96488
G1 X136.689 Y133.853 E773.97415
G1 X136.804 Y133.422 E773.98305
G1 X136.876 Y132.962 E773.99234
G1 X136.904 Y132.482 E774.00194
G1 X136.904 Y102.494 E774.60038
G1 X136.876 Y102.038 E774.6095
G1 X136.804 Y101.578 E774.61879
G1 X136.689 Y101.142 E774.62779
G1 X136.521 Y100.71 E774.63704
G1 X136.31 Y100.293 E774.64636
G1 X136.062 Y99.914 E774.6554
G1 X135.778 Y99.562 E774.66443
G1 X135.437 Y99.221 E774.67405
G1 X135.085 Y98.934 E774.68311
G1 X134.704 Y98.686 E774.69219
G1 X134.287 Y98.476 E774.7015
G1 X133.853 Y98.311 E774.71077
G1 X133.421 Y98.192 E774.71971
G1 X132.962 Y98.12 E774.72898
G1 X132.482 Y98.092 E774.73858
G1 X102.292 Y98.101 E775.34105
G1 X101.901 Y98.131 E775.34888
G1 X101.425 Y98.231 E775.35858
G1 X101.01 Y98.353 E775.36722
G1 X100.375 Y98.637 E775.3811
G1 X99.895 Y98.938 E775.3924
G1 X99.47 Y99.302 E775.40357
G1 X99.107 Y99.685 E775.4141
G1 X98.797 Y100.113 E775.42465
G1 X98.552 Y100.545 E775.43456
G1 X98.345 Y101.028 E775.44505
G1 X98.208 Y101.497 E775.4548
G1 X98.124 Y102.003 E775.46503
G1 X98.092 Y102.515 E775.47527
G1 X98.096 Y132.502 E776.07369
G1 X98.12 Y132.963 E776.08291
G1 X98.192 Y133.421 E776.09216
G1 X98.311 Y133.853 E776.1011
G1 X98.476 Y134.287 E776.11037
G1 X98.686 Y134.704 E776.11968
G1 X98.934 Y135.086 E776.12877
G1 X99.217 Y135.433 E776.13771
G1 X99.563 Y135.779 E776.14747
G1 X99.91 Y136.062 E776.15641
G1 X100.292 Y136.31 E776.1655
G1 X100.71 Y136.521 E776.17484
G1 X101.142 Y136.689 E776.18409
G1 X101.578 Y136.804 E776.19309
G1 X102.038 Y136.876 E776.20238
G1 X102.514 Y136.904 E776.2119
G1 X117.5 Y136.904 E776.51096
G1 F2700 E771.51096
G0 F9000 X117.5 Y136.194
G0 X117.5 Y133.41
G0 X117.5 Y132.699
G1 F2700 E776.51096
G1 F1500 X102.468 Y132.698 E776.81094
G1 X102.344 Y132.627 E776.81379
G1 X102.3 Y132.511 E776.81627
G1 X102.302 Y102.418 E777.4168
G1 X102.458 Y102.304 E777.42066
G1 X132.532 Y102.302 E778.02082
G1 X132.65 Y102.366 E778.0235
G1 X132.698 Y102.468 E778.02575
G1 X132.701 Y132.569 E778.62644
G1 X132.57 Y132.7 E778.63014
G1 X117.5 Y132.699 E778.93088
G0 F9000 X117.12 Y133.576
;TYPE:FILL
G1 F3000 X116.464 Y136.024 E778.98146
G0 F9000 X113.687 Y136.023
G1 F3000 X111.241 Y133.577 E779.05049
G0 F9000 X110.908 Y133.577
G1 F3000 X110.252 Y136.024 E779.10104
G0 F9000 X112.388 Y133.576
G1 F3000 X103.253 Y136.024 E779.28978
G0 F9000 X104.04 Y136.025
G1 F3000 X104.696 Y133.578 E779.34033
G0 F9000 X102.756 Y133.577
G1 F3000 X105.202 Y136.023 E779.40936
G0 F9000 X101.662 Y133.338
G0 X101.421 Y132.242
G1 F3000 X98.977 Y129.798 E779.47834
G0 F9000 X98.977 Y130.958
G1 F3000 X101.421 Y130.303 E779.52883
G0 F9000 X98.977 Y131.738
G1 F3000 X101.421 Y122.619 E779.71723
G0 F9000 X101.421 Y123.757
G1 F3000 X98.975 Y121.311 E779.78627
G0 F9000 X98.975 Y118.535
G1 F3000 X101.42 Y117.88 E779.83678
G0 F9000 X101.421 Y115.272
G1 F3000 X98.973 Y112.824 E779.90587
G0 F9000 X98.974 Y112.324
G1 F3000 X101.42 Y111.669 E779.9564
G0 F9000 X98.973 Y108.572
G1 F3000 X101.505 Y99.124 E780.1516
G0 F9000 X102.118 Y98.998
G1 F3000 X104.541 Y101.421 E780.21998
G0 F9000 X107.1 Y101.422
G1 F3000 X107.755 Y98.979 E780.27045
G0 F9000 X110.584 Y98.979
G1 F3000 X113.027 Y101.422 E780.3394
G0 F9000 X113.312 Y101.423
G1 F3000 X113.967 Y98.976 E780.38995
G0 F9000 X116.474 Y101.423
G1 F3000 X125.616 Y98.974 E780.57882
G0 F9000 X126.392 Y98.973
G1 F3000 X125.734 Y101.425 E780.62949
G0 F9000 X127.55 Y98.974
G1 F3000 X130.001 Y101.425 E780.69866
G0 F9000 X131.946 Y101.426
G1 F3000 X132.602 Y98.979 E780.74922
G0 F9000 X133.264 Y101.394
G0 X133.578 Y103.052
G1 F3000 X136.016 Y102.399 E780.79959
G0 F9000 X133.578 Y105.003
G1 F3000 X136.024 Y107.448 E780.8686
G0 F9000 X136.024 Y108.608
G1 F3000 X133.579 Y109.263 E780.91912
G0 F9000 X136.024 Y109.39
G1 F3000 X133.58 Y118.51 E781.10754
G0 F9000 X133.58 Y115.475
G1 F3000 X136.023 Y114.82 E781.15801
G0 F9000 X136.024 Y115.934
G1 F3000 X133.579 Y113.489 E781.22701
G0 F9000 X136.023 Y121.032
G1 F3000 X133.58 Y121.686 E781.27748
G0 F9000 X133.58 Y121.975
G1 F3000 X136.024 Y124.419 E781.34646
G0 F9000 X136.024 Y127.243
G1 F3000 X133.581 Y127.898 E781.39693
G0 F9000 X133.58 Y130.46
G1 F3000 X135.999 Y132.879 E781.4652
G0 F9000 X136.015 Y132.605
G1 F3000 X135.599 Y134.159 E781.49731
G0 F9000 X135.873 Y133.495
G1 F3000 X126.437 Y136.024 E781.69226
G0 F9000 X128.887 Y136.024
G1 F3000 X129.543 Y133.575 E781.74285
G0 F9000 X128.21 Y133.575
G1 F3000 X130.658 Y136.023 E781.81194
G0 F9000 X123.332 Y133.575
G1 F3000 X122.676 Y136.024 E781.86254
G0 F9000 X122.172 Y136.023
G1 F3000 X119.725 Y133.576 E781.9316
G0 F9000 X101.662 Y133.338
G0 X101.42 Y124.092
G1 F3000 X98.976 Y124.747 E781.98209
G0 F9000 X101.421 Y106.787
G1 F3000 X98.972 Y104.337 E782.05122
G0 F9000 X98.973 Y106.113
G1 F3000 X101.42 Y105.457 E782.10178
G0 F9000 X100.797 Y99.412
G1 F3000 X102.408 Y98.981 E782.13506
G0 F9000 X119.067 Y98.977
G1 F3000 X121.514 Y101.424 E782.20412
G0 F9000 X119.523 Y101.425
G1 F3000 X120.179 Y98.975 E782.25473
G0 F9000 X120.178 Y99.108
G1 F2700 E777.25473
;MESH:NONMESH
G0 F300 X120.178 Y99.108 Z3.24
G0 F9000 X133.338 Y101.662
G0 X133.338 Y133.338
G0 X117.5 Y133.499
;TIME_ELAPSED:1915.915815
;LAYER:26
;TYPE:WALL-INNER
;MESH:robotface-cover.stl
G1 F2700 E782.25473
G1 F1500 X102.444 Y133.499 E782.55519
G1 X102.093 Y133.414 E782.5624
G1 X101.792 Y133.208 E782.56968
G1 X101.586 Y132.909 E782.57692
G1 X101.501 Y132.559 E782.58411
G1 X101.506 Y102.389 E783.18618
G1 X101.558 Y102.163 E783.19081
G1 X101.694 Y101.907 E783.1966
G1 X102.001 Y101.632 E783.20482
G1 X102.315 Y101.503 E783.2116
G1 X132.556 Y101.501 E783.81509
G1 X132.761 Y101.533 E783.81923
G1 X133.052 Y101.664 E783.8256
G1 X133.335 Y101.948 E783.8336
G1 X133.451 Y102.189 E783.83894
G1 X133.495 Y102.394 E783.84312
G1 X133.5 Y132.556 E784.44504
G1 X133.392 Y132.954 E784.45327
G1 X133.208 Y133.208 E784.45952
G1 X132.861 Y133.434 E784.46779
G1 X132.557 Y133.499 E784.47399
G1 X117.5 Y133.499 E784.77447
G0 F9000 X117.5 Y133.099
G1 F1500 X102.436 Y133.097 E785.07509
G1 X102.256 Y133.049 E785.07881
G1 X102.075 Y132.925 E785.08319
G1 X101.98 Y132.801 E785.0863
G1 X101.903 Y132.562 E785.09131
G1 X101.903 Y102.433 E785.69257
G1 X101.961 Y102.234 E785.69671
G1 X102.168 Y101.999 E785.70296
G1 X102.482 Y101.9 E785.70953
G1 X132.594 Y101.906 E786.31044
G1 X132.831 Y101.998 E786.31552
G1 X132.968 Y102.123 E786.31922
G1 X133.097 Y102.436 E786.32598
G1 X133.094 Y132.594 E786.92781
G1 X133.036 Y132.773 E786.93157
G1 X132.925 Y132.925 E786.93532
G1 X132.717 Y133.06 E786.94027
G1 X132.5 Y133.1 E786.94467
G1 X117.5 Y133.099 E787.24401
G0 F9000 X117.5 Y133.41
G0 X117.5 Y136.148
G1 F1500 X132.46 Y136.148 E787.54256
G1 X132.882 Y136.124 E787.55099
G1 X133.267 Y136.063 E787.55877
G1 X133.624 Y135.97 E787.56613
G1 X133.979 Y135.833 E787.57373
G1 X134.327 Y135.657 E787.58151
G1 X134.637 Y135.455 E787.58889
G1 X134.928 Y135.217 E787.5964
G1 X135.218 Y134.926 E787.60459
G1 X135.451 Y134.637 E787.612
G1 X135.657 Y134.324 E787.61948
G1 X135.833 Y133.979 E787.62721
G1 X135.97 Y133.624 E787.6348
G1 X136.063 Y133.267 E787.64216
G1 X136.124 Y132.882 E787.64994
G1 X136.148 Y132.46 E787.65838
G1 X136.148 Y102.518 E788.2559
G1 X136.124 Y102.115 E788.26396
G1 X136.063 Y101.729 E788.27176
G1 X135.97 Y101.372 E788.27912
G1 X135.834 Y101.016 E788.28673
G1 X135.658 Y100.673 E788.29442
G1 X135.451 Y100.359 E788.30193
G1 X135.218 Y100.069 E788.30935
G1 X134.93 Y99.781 E788.31748
G1 X134.637 Y99.545 E788.32498
G1 X134.327 Y99.34 E788.3324
G1 X133.983 Y99.168 E788.34008
G1 X133.62 Y99.029 E788.34783
G1 X133.263 Y98.932 E788.35522
G1 X132.882 Y98.872 E788.36291
G1 X132.46 Y98.848 E788.37135
G1 X102.292 Y98.855 E788.97338
G1 X101.869 Y98.893 E788.98186
G1 X101.454 Y99.003 E788.99043
G1 X101.167 Y99.098 E788.99646
G1 X100.687 Y99.329 E789.00709
G1 X100.297 Y99.586 E789.01641
G1 X99.954 Y99.876 E789.02537
G1 X99.665 Y100.197 E789.03399
G1 X99.42 Y100.53 E789.04224
G1 X99.216 Y100.897 E789.05062
G1 X99.058 Y101.284 E789.05897
G1 X98.944 Y101.682 E789.06723
G1 X98.872 Y102.094 E789.07557
G1 X98.848 Y102.535 E789.08439
G1 X98.848 Y132.478 E789.68193
G1 X98.872 Y132.881 E789.68999
G1 X98.932 Y133.263 E789.69771
G1 X99.029 Y133.62 E789.70509
G1 X99.168 Y133.983 E789.71285
G1 X99.34 Y134.327 E789.72052
G1 X99.545 Y134.637 E789.72794
G1 X99.778 Y134.927 E789.73536
G1 X100.068 Y135.217 E789.74355
G1 X100.359 Y135.455 E789.75105
G1 X100.669 Y135.656 E789.75842
G1 X101.017 Y135.833 E789.76621
G1 X101.372 Y135.97 E789.77381
G1 X101.729 Y136.064 E789.78117
G1 X102.114 Y136.124 E789.78895
G1 X102.536 Y136.148 E789.79738
G1 X117.5 Y136.148 E790.09601
G0 F9000 X117.5 Y136.548
G1 F1500 X132.471 Y136.548 E790.39477
G1 X132.924 Y136.522 E790.40382
G1 X133.349 Y136.455 E790.41241
G1 X133.747 Y136.352 E790.42061
G1 X134.143 Y136.199 E790.42909
G1 X134.527 Y136.003 E790.43769
G1 X134.873 Y135.778 E790.44593
G1 X135.196 Y135.514 E790.45425
G1 X135.516 Y135.194 E790.46328
G1 X135.774 Y134.873 E790.4715
G1 X136.004 Y134.525 E790.47983
G1 X136.199 Y134.143 E790.48838
G1 X136.352 Y133.747 E790.49686
G1 X136.455 Y133.349 E790.50506
G1 X136.522 Y132.924 E790.51365
G1 X136.548 Y132.471 E790.5227
G1 X136.548 Y102.506 E791.12069
G1 X136.522 Y102.073 E791.12934
G1 X136.455 Y101.647 E791.13795
G1 X136.352 Y101.249 E791.14615
G1 X136.199 Y100.853 E791.15462
G1 X136.004 Y100.471 E791.16318
G1 X135.774 Y100.123 E791.17151
G1 X135.516 Y99.802 E791.17973
G1 X135.198 Y99.483 E791.18871
G1 X134.873 Y99.222 E791.19703
G1 X134.527 Y98.993 E791.20531
G1 X134.145 Y98.802 E791.21384
G1 X133.745 Y98.648 E791.22239
G1 X133.346 Y98.54 E791.23064
G1 X132.924 Y98.474 E791.23916
G1 X132.471 Y98.448 E791.24822
G1 X102.268 Y98.455 E791.85095
G1 X101.791 Y98.5 E791.86051
G1 X101.34 Y98.62 E791.86983
G1 X101.017 Y98.726 E791.87661
G1 X100.489 Y98.98 E791.8883
G1 X100.057 Y99.265 E791.89863
G1 X99.675 Y99.588 E791.90861
G1 X99.354 Y99.944 E791.91818
G1 X99.083 Y100.313 E791.92732
G1 X98.855 Y100.724 E791.9367
G1 X98.68 Y101.153 E791.94594
G1 X98.554 Y101.592 E791.95506
G1 X98.474 Y102.048 E791.96429
G1 X98.448 Y102.524 E791.97381
G1 X98.448 Y132.49 E792.57181
G1 X98.474 Y132.923 E792.58047
G1 X98.54 Y133.347 E792.58903
G1 X98.648 Y133.745 E792.59726
G1 X98.802 Y134.145 E792.60581
G1 X98.993 Y134.527 E792.61434
G1 X99.222 Y134.873 E792.62262
G1 X99.48 Y135.194 E792.63084
G1 X99.799 Y135.514 E792.63985
G1 X100.123 Y135.778 E792.64819
G1 X100.469 Y136.003 E792.65643
G1 X100.853 Y136.199 E792.66503
G1 X101.249 Y136.352 E792.67351
G1 X101.647 Y136.456 E792.68172
G1 X102.072 Y136.522 E792.6903
G1 X102.525 Y136.548 E792.69935
G1 X117.5 Y136.548 E792.9982
G0 F9000 X117.5 Y136.948
;TYPE:WALL-OUTER
G1 F1500 X132.482 Y136.948 E793.29718
G1 X132.966 Y136.92 E793.30685
G1 X133.431 Y136.847 E793.31625
G1 X133.87 Y136.733 E793.3253
G1 X134.306 Y136.565 E793.33462
G1 X134.727 Y136.35 E793.34405
G1 X135.109 Y136.102 E793.35314
G1 X135.465 Y135.811 E793.36232
G1 X135.814 Y135.462 E793.37217
G1 X136.098 Y135.109 E793.38121
G1 X136.35 Y134.727 E793.39034
G1 X136.565 Y134.306 E793.39978
G1 X136.733 Y133.87 E793.4091
G1 X136.847 Y133.431 E793.41815
G1 X136.92 Y132.966 E793.42755
G1 X136.948 Y132.482 E793.43722
G1 X136.948 Y102.494 E794.03566
G1 X136.92 Y102.03 E794.04494
G1 X136.847 Y101.565 E794.05433
G1 X136.733 Y101.126 E794.06338
G1 X136.565 Y100.69 E794.07271
G1 X136.35 Y100.269 E794.08214
G1 X136.098 Y99.887 E794.09128
G1 X135.814 Y99.534 E794.10032
G1 X135.466 Y99.185 E794.11015
G1 X135.109 Y98.898 E794.11929
G1 X134.727 Y98.646 E794.12843
G1 X134.307 Y98.436 E794.1378
G1 X133.869 Y98.267 E794.14717
G1 X133.43 Y98.148 E794.15624
G1 X132.966 Y98.076 E794.16561
G1 X132.482 Y98.048 E794.17529
G1 X102.244 Y98.056 E794.77872
G1 X101.9 Y98.087 E794.78561
G1 X101.645 Y98.125 E794.79076
G1 X101.226 Y98.236 E794.79941
G1 X100.867 Y98.354 E794.80695
G1 X100.291 Y98.631 E794.8197
G1 X99.817 Y98.945 E794.83105
G1 X99.396 Y99.3 E794.84204
G1 X99.044 Y99.691 E794.85254
G1 X98.745 Y100.097 E794.8626
G1 X98.493 Y100.551 E794.87296
G1 X98.302 Y101.022 E794.88311
G1 X98.164 Y101.502 E794.89307
G1 X98.076 Y102.003 E794.90322
G1 X98.048 Y102.514 E794.91344
G1 X98.048 Y132.502 E795.51188
G1 X98.076 Y132.966 E795.52116
G1 X98.148 Y133.43 E795.53053
G1 X98.267 Y133.869 E795.5396
G1 X98.436 Y134.307 E795.54897
G1 X98.646 Y134.727 E795.55834
G1 X98.898 Y135.109 E795.56748
G1 X99.182 Y135.462 E795.57652
G1 X99.531 Y135.811 E795.58637
G1 X99.887 Y136.102 E795.59554
G1 X100.269 Y136.35 E795.60463
G1 X100.69 Y136.565 E795.61406
G1 X101.126 Y136.733 E795.62339
G1 X101.565 Y136.848 E795.63245
G1 X102.03 Y136.92 E795.64184
G1 X102.514 Y136.948 E795.65151
G1 X117.5 Y136.948 E795.95057
G1 F2700 E790.95057
G0 F9000 X117.5 Y136.24
G0 X117.5 Y133.41
G0 X117.5 Y132.699
G1 F2700 E795.95057
G1 F1500 X102.468 Y132.698 E796.25055
G1 X102.3 Y132.583 E796.25461
G1 X102.3 Y102.456 E796.85583
G1 X102.36 Y102.356 E796.85816
G1 X102.5 Y102.3 E796.86117
G1 X132.532 Y102.302 E797.46049
G1 X132.663 Y102.382 E797.46355
G1 X132.7 Y102.488 E797.46579
G1 X132.698 Y132.532 E798.06535
G1 X132.583 Y132.7 E798.06942
G1 X117.5 Y132.699 E798.37041
G0 F9000 X117.032 Y133.576
;TYPE:FILL
G1 F3000 X116.364 Y136.069 E798.42192
G0 F9000 X113.852 Y136.068
G1 F3000 X111.359 Y133.575 E798.49228
G0 F9000 X110.82 Y133.575
G1 F3000 X110.152 Y136.069 E798.5438
G0 F9000 X112.719 Y133.576
G1 F3000 X103.416 Y136.068 E798.736
G0 F9000 X103.94 Y136.069
G1 F3000 X104.609 Y133.574 E798.78755
G0 F9000 X102.873 Y133.575
G1 F3000 X105.367 Y136.068 E798.85792
G0 F9000 X101.662 Y133.338
G0 X101.422 Y132.124
G1 F3000 X98.928 Y129.629 E798.92832
G0 F9000 X98.929 Y131.059
G1 F3000 X101.421 Y130.391 E798.97981
G0 F9000 X98.927 Y131.595
G1 F3000 X101.422 Y122.287 E799.17211
G0 F9000 X101.422 Y123.638
G1 F3000 X98.928 Y121.144 E799.2425
G0 F9000 X98.929 Y118.636
G1 F3000 X101.42 Y117.968 E799.29397
G0 F9000 X101.422 Y115.152
G1 F3000 X98.928 Y112.658 E799.36435
G0 F9000 X98.928 Y112.424
G1 F3000 X101.421 Y111.756 E799.41586
G0 F9000 X98.928 Y108.41
G1 F3000 X101.424 Y99.097 E799.60827
G0 F9000 X102.187 Y98.947
G1 F3000 X104.66 Y101.42 E799.67806
G0 F9000 X107.013 Y101.421
G1 F3000 X107.68 Y98.932 E799.72949
G0 F9000 X110.658 Y98.933
G1 F3000 X113.146 Y101.421 E799.7997
G1 X113.224 Y101.421
G1 X113.891 Y98.931 E799.85115
G0 F9000 X116.811 Y101.421
G1 F3000 X126.109 Y98.93 E800.04324
G0 F9000 X126.315 Y98.929
G1 F3000 X125.647 Y101.422 E800.09475
G0 F9000 X127.625 Y98.929
G1 F3000 X130.118 Y101.422 E800.1651
G0 F9000 X131.859 Y101.422
G1 F3000 X132.526 Y98.931 E800.21657
G0 F9000 X133.257 Y101.389
G0 X133.579 Y103.14
G1 F3000 X136.064 Y102.474 E800.26791
G0 F9000 X133.578 Y104.882
G1 F3000 X136.068 Y107.372 E800.33818
G0 F9000 X136.067 Y108.685
G1 F3000 X133.579 Y109.351 E800.38958
G0 F9000 X136.068 Y108.897
G1 F3000 X133.579 Y118.187 E800.58151
G0 F9000 X133.579 Y115.563
G1 F3000 X136.068 Y114.896 E800.63293
G0 F9000 X136.068 Y115.857
G1 F3000 X133.578 Y113.368 E800.70319
G0 F9000 X136.067 Y121.108
G1 F3000 X133.579 Y121.775 E800.7546
G1 X133.578 Y121.853
G1 X136.068 Y124.343 E800.82487
G0 F9000 X136.067 Y127.32
G1 F3000 X133.58 Y127.986 E800.87625
G0 F9000 X133.578 Y130.338
G1 F3000 X136.048 Y132.808 E800.94596
G0 F9000 X136.068 Y132.079
G1 F3000 X135.402 Y134.566 E800.99734
G0 F9000 X135.9 Y133.576
G1 F3000 X126.603 Y136.067 E801.18941
G0 F9000 X128.787 Y136.068
G1 F3000 X129.455 Y133.577 E801.24088
G0 F9000 X128.333 Y133.578
G1 F3000 X130.822 Y136.067 E801.31112
G0 F9000 X123.243 Y133.576
G1 F3000 X122.576 Y136.068 E801.36261
G0 F9000 X122.337 Y136.067
G1 F3000 X119.846 Y133.577 E801.43289
G0 F9000 X101.662 Y133.338
G0 X101.421 Y124.18
G1 F3000 X98.929 Y124.847 E801.48437
G0 F9000 X101.422 Y106.667
G1 F3000 X98.928 Y104.173 E801.55476
G0 F9000 X98.929 Y106.212
G1 F3000 X101.42 Y105.545 E801.60622
G0 F9000 X100.419 Y99.601
G1 F3000 X102.912 Y98.934 E801.65772
G0 F9000 X119.141 Y98.931
G1 F3000 X121.632 Y101.421 E801.72801
G0 F9000 X119.436 Y101.421
G1 F3000 X120.103 Y98.93 E801.77947
G0 F9000 X120.102 Y99.06
G1 F2700 E796.77947
;MESH:NONMESH
G0 F300 X120.102 Y99.06 Z3.36
G0 F9000 X133.338 Y101.662
G0 X133.338 Y133.338
G0 X117.5 Y133.499
;TIME_ELAPSED:1963.011900
;LAYER:27
;TYPE:WALL-INNER
;MESH:robotface-cover.stl
G1 F2700 E801.77947
G1 F1500 X102.444 Y133.499 E802.07993
G1 X102.241 Y133.466 E802.08403
G1 X101.902 Y133.326 E802.09135
G1 X101.662 Y133.048 E802.09868
G1 X101.548 Y132.809 E802.10397
G1 X101.501 Y132.55 E802.10922
G1 X101.501 Y102.447 E802.70996
G1 X101.538 Y102.223 E802.71449
G1 X101.654 Y101.965 E802.72013
G1 X101.796 Y101.788 E802.72466
G1 X101.989 Y101.64 E802.72952
G1 X102.33 Y101.501 E802.73687
G1 X132.548 Y101.501 E803.3399
G1 X132.809 Y101.548 E803.34519
G1 X133.042 Y101.658 E803.35033
G1 X133.208 Y101.792 E803.35459
G1 X133.411 Y102.056 E803.36124
G1 X133.499 Y102.383 E803.36799
G1 X133.5 Y132.556 E803.97013
G1 X133.454 Y132.805 E803.97518
G1 X133.276 Y133.155 E803.98302
G1 X133.003 Y133.366 E803.9899
G1 X132.805 Y133.453 E803.99422
G1 X132.549 Y133.499 E803.99941
G1 X117.5 Y133.499 E804.29973
G0 F9000 X117.5 Y133.099
G1 F1500 X102.436 Y133.097 E804.60035
G1 X102.197 Y133.019 E804.60536
G1 X102.075 Y132.925 E804.60844
G1 X101.951 Y132.744 E804.61282
G1 X101.9 Y132.575 E804.61634
G1 X101.903 Y102.432 E805.21787
G1 X101.992 Y102.179 E805.22323
G1 X102.133 Y102.024 E805.22741
G1 X102.443 Y101.902 E805.23406
G1 X132.572 Y101.9 E805.83531
G1 X132.852 Y102.013 E805.84134
G1 X132.965 Y102.12 E805.84444
G1 X133.094 Y102.408 E805.85074
G1 X133.1 Y132.571 E806.45268
G1 X133.003 Y132.829 E806.45818
G1 X132.802 Y133.02 E806.46371
G1 X132.529 Y133.1 E806.46939
G1 X117.5 Y133.099 E806.76931
G0 F9000 X117.5 Y133.41
G0 X117.5 Y136.194
G1 F1500 X132.499 Y136.191 E807.06863
G1 X132.89 Y136.171 E807.07644
G1 X133.273 Y136.112 E807.08418
G1 X133.633 Y136.016 E807.09161
G1 X134 Y135.873 E807.09947
G1 X134.351 Y135.696 E807.10732
G1 X134.666 Y135.49 E807.11483
G1 X134.962 Y135.251 E807.12242
G1 X135.255 Y134.958 E807.13069
G1 X135.49 Y134.667 E807.13815
G1 X135.696 Y134.351 E807.14568
G1 X135.873 Y134 E807.15353
G1 X136.015 Y133.633 E807.16138
G1 X136.112 Y133.273 E807.16882
G1 X136.172 Y132.887 E807.17661
G1 X136.196 Y132.46 E807.18515
G1 X136.191 Y102.481 E807.78341
G1 X136.172 Y102.11 E807.79083
G1 X136.112 Y101.722 E807.79866
G1 X136.016 Y101.363 E807.80608
G1 X135.873 Y100.996 E807.81394
G1 X135.696 Y100.645 E807.82178
G1 X135.491 Y100.332 E807.82925
G1 X135.253 Y100.04 E807.83677
G1 X134.959 Y99.747 E807.84505
G1 X134.666 Y99.506 E807.85262
G1 X134.351 Y99.304 E807.86009
G1 X134.001 Y99.124 E807.86794
G1 X133.636 Y98.986 E807.87573
G1 X133.269 Y98.887 E807.88331
G1 X132.887 Y98.825 E807.89104
G1 X132.464 Y98.804 E807.89949
G1 X102.429 Y98.804 E808.49887
G1 X102.147 Y98.821 E808.50451
G1 X101.636 Y98.901 E808.51483
G1 X101.056 Y99.093 E808.52702
G1 X100.613 Y99.315 E808.53691
G1 X100.239 Y99.572 E808.54597
G1 X99.901 Y99.869 E808.55495
G1 X99.613 Y100.188 E808.56352
G1 X99.37 Y100.528 E808.57186
G1 X99.173 Y100.89 E808.58009
G1 X99.01 Y101.286 E808.58863
G1 X98.897 Y101.678 E808.59677
G1 X98.828 Y102.09 E808.60511
G1 X98.804 Y102.535 E808.614
G1 X98.804 Y132.483 E809.21165
G1 X98.825 Y132.885 E809.21968
G1 X98.888 Y133.269 E809.22745
G1 X98.986 Y133.636 E809.23503
G1 X99.124 Y134 E809.2428
G1 X99.302 Y134.348 E809.2506
G1 X99.512 Y134.669 E809.25825
G1 X99.743 Y134.961 E809.26568
G1 X100.035 Y135.251 E809.27389
G1 X100.33 Y135.49 E809.28147
G1 X100.645 Y135.696 E809.28898
G1 X100.996 Y135.873 E809.29683
G1 X101.363 Y136.016 E809.30469
G1 X101.723 Y136.112 E809.31212
G1 X102.109 Y136.171 E809.31992
G1 X102.536 Y136.196 E809.32845
G1 X117.5 Y136.194 E809.62707
G0 F9000 X117.5 Y136.594
G1 F1500 X132.477 Y136.592 E809.92596
G1 X132.931 Y136.57 E809.93503
G1 X133.355 Y136.504 E809.94359
G1 X133.757 Y136.396 E809.9519
G1 X134.163 Y136.239 E809.96058
G1 X134.551 Y136.043 E809.96926
G1 X134.902 Y135.814 E809.97762
G1 X135.23 Y135.549 E809.98604
G1 X135.553 Y135.226 E809.99515
G1 X135.814 Y134.902 E810.00346
G1 X136.043 Y134.551 E810.01182
G1 X136.239 Y134.163 E810.02049
G1 X136.396 Y133.757 E810.02918
G1 X136.504 Y133.355 E810.03749
G1 X136.57 Y132.929 E810.04609
G1 X136.596 Y132.471 E810.05524
G1 X136.592 Y102.504 E810.65327
G1 X136.57 Y102.069 E810.66196
G1 X136.504 Y101.64 E810.67062
G1 X136.396 Y101.239 E810.67891
G1 X136.239 Y100.833 E810.6876
G1 X136.043 Y100.445 E810.69627
G1 X135.815 Y100.095 E810.70461
G1 X135.55 Y99.771 E810.71296
G1 X135.228 Y99.45 E810.72203
G1 X134.902 Y99.182 E810.73046
G1 X134.551 Y98.957 E810.73878
G1 X134.163 Y98.758 E810.74748
G1 X133.759 Y98.604 E810.75611
G1 X133.353 Y98.496 E810.76449
G1 X132.929 Y98.426 E810.77307
G1 X132.473 Y98.404 E810.78218
G1 X102.418 Y98.404 E811.38196
G1 X102.108 Y98.422 E811.38815
G1 X101.54 Y98.512 E811.39963
G1 X100.957 Y98.695 E811.41182
G1 X100.41 Y98.97 E811.42404
G1 X99.993 Y99.255 E811.43412
G1 X99.619 Y99.584 E811.44406
G1 X99.301 Y99.937 E811.45354
G1 X99.03 Y100.316 E811.46284
G1 X98.811 Y100.718 E811.47198
G1 X98.632 Y101.154 E811.48138
G1 X98.506 Y101.59 E811.49044
G1 X98.43 Y102.046 E811.49966
G1 X98.404 Y102.524 E811.50922
G1 X98.404 Y132.493 E812.10728
G1 X98.426 Y132.928 E812.11597
G1 X98.496 Y133.353 E812.12457
G1 X98.604 Y133.759 E812.13295
G1 X98.758 Y134.163 E812.14158
G1 X98.956 Y134.549 E812.15024
G1 X99.187 Y134.904 E812.15869
G1 X99.445 Y135.227 E812.16694
G1 X99.767 Y135.549 E812.17603
G1 X100.094 Y135.814 E812.18443
G1 X100.445 Y136.043 E812.19279
G1 X100.833 Y136.239 E812.20147
G1 X101.239 Y136.396 E812.21015
G1 X101.64 Y136.504 E812.21844
G1 X102.067 Y136.57 E812.22706
G1 X102.525 Y136.596 E812.23622
G1 X117.5 Y136.594 E812.53506
G0 F9000 X117.5 Y136.994
;TYPE:WALL-OUTER
G1 F1500 X132.487 Y136.992 E812.83414
G1 X132.971 Y136.968 E812.84381
G1 X133.438 Y136.896 E812.85324
G1 X133.881 Y136.777 E812.8624
G1 X134.326 Y136.605 E812.87192
G1 X134.751 Y136.39 E812.88142
G1 X135.138 Y136.138 E812.89064
G1 X135.498 Y135.847 E812.89987
G1 X135.851 Y135.494 E812.90984
G1 X136.138 Y135.138 E812.91896
G1 X136.39 Y134.751 E812.92818
G1 X136.605 Y134.326 E812.93768
G1 X136.777 Y133.881 E812.9472
G1 X136.896 Y133.438 E812.95636
G1 X136.968 Y132.971 E812.96579
G1 X136.996 Y132.482 E812.97556
G1 X136.992 Y102.494 E813.57401
G1 X136.968 Y102.029 E813.5833
G1 X136.896 Y101.558 E813.59281
G1 X136.777 Y101.115 E813.60196
G1 X136.605 Y100.67 E813.61148
G1 X136.39 Y100.245 E813.62099
G1 X136.138 Y99.859 E813.63018
G1 X135.847 Y99.503 E813.63936
G1 X135.497 Y99.153 E813.64924
G1 X135.138 Y98.858 E813.65851
G1 X134.751 Y98.61 E813.66768
G1 X134.326 Y98.392 E813.67722
G1 X133.882 Y98.223 E813.6867
G1 X133.437 Y98.104 E813.69589
G1 X132.971 Y98.028 E813.70531
G1 X132.483 Y98.004 E813.71506
G1 X102.406 Y98.004 E814.31528
G1 X102.068 Y98.024 E814.32204
G1 X101.501 Y98.105 E814.33347
G1 X101.024 Y98.254 E814.34344
G1 X100.74 Y98.357 E814.34947
G1 X100.206 Y98.625 E814.36139
G1 X99.747 Y98.939 E814.37249
G1 X99.337 Y99.299 E814.38338
G1 X98.989 Y99.686 E814.39377
G1 X98.69 Y100.103 E814.404
G1 X98.449 Y100.546 E814.41407
G1 X98.254 Y101.022 E814.42433
G1 X98.116 Y101.501 E814.43428
G1 X98.032 Y102.002 E814.44442
G1 X98.004 Y102.514 E814.45465
G1 X98.004 Y132.503 E815.05312
G1 X98.028 Y132.97 E815.06245
G1 X98.104 Y133.437 E815.07189
G1 X98.223 Y133.882 E815.08108
G1 X98.392 Y134.326 E815.09056
G1 X98.61 Y134.751 E815.10009
G1 X98.863 Y135.138 E815.10932
G1 X99.146 Y135.494 E815.1184
G1 X99.499 Y135.847 E815.12836
G1 X99.858 Y136.138 E815.13758
G1 X100.245 Y136.39 E815.1468
G1 X100.67 Y136.605 E815.1563
G1 X101.115 Y136.777 E815.16582
G1 X101.558 Y136.896 E815.17498
G1 X102.025 Y136.968 E815.18441
G1 X102.514 Y136.996 E815.19418
G1 X117.5 Y136.994 E815.49324
G1 F2700 E810.49324
G0 F9000 X117.5 Y136.285
G0 X117.5 Y133.41
G0 X117.5 Y132.697
G1 F2700 E815.49324
G1 F1500 X102.469 Y132.698 E815.7932
G1 X102.306 Y132.552 E815.79757
G1 X102.302 Y102.466 E816.39797
G1 X102.387 Y102.334 E816.4011
G1 X102.471 Y102.301 E816.4029
G1 X132.552 Y102.306 E817.0032
G1 X132.696 Y102.457 E817.00737
G1 X132.698 Y132.531 E817.60752
G1 X132.663 Y132.618 E817.6094
G1 X132.543 Y132.696 E817.61225
G1 X117.5 Y132.697 E817.91245
G0 F9000 X117.5 Y133.41
G0 X116.945 Y133.576
;TYPE:FILL
G1 F3000 X116.265 Y136.114 E817.96489
G0 F9000 X114.017 Y136.114
G1 F3000 X111.479 Y133.576 E818.03651
G0 F9000 X110.733 Y133.575
G1 F3000 X110.053 Y136.115 E818.08899
G0 F9000 X113.043 Y133.576
G1 F3000 X103.563 Y136.116 E818.28484
G0 F9000 X103.841 Y136.116
G1 F3000 X104.522 Y133.575 E818.33734
G0 F9000 X102.992 Y133.575
G1 F3000 X105.534 Y136.116 E818.40907
G0 F9000 X101.662 Y133.338
G0 X101.421 Y132.003
G1 F3000 X98.884 Y129.466 E818.48067
G0 F9000 X98.886 Y131.158
G1 F3000 X101.42 Y130.478 E818.53303
G0 F9000 X98.885 Y131.431
G1 F3000 X101.421 Y121.966 E818.72857
G0 F9000 X101.421 Y123.518
G1 F3000 X98.884 Y120.981 E818.80017
G0 F9000 X98.885 Y118.734
G1 F3000 X101.42 Y118.055 E818.85254
G0 F9000 X101.421 Y115.033
G1 F3000 X98.884 Y112.496 E818.92414
G1 X98.884 Y112.523
G1 X101.42 Y111.844 E818.97654
G0 F9000 X98.884 Y108.251
G1 F3000 X101.341 Y99.082 E819.16597
G0 F9000 X102.254 Y98.895
G1 F3000 X104.78 Y101.421 E819.23726
G0 F9000 X106.925 Y101.422
G1 F3000 X107.606 Y98.884 E819.2897
G0 F9000 X110.728 Y98.884
G1 F3000 X113.265 Y101.421 E819.3613
G1 X113.137 Y101.422
G1 X113.817 Y98.883 E819.41375
G0 F9000 X117.133 Y101.422
G1 F3000 X126.604 Y98.884 E819.60942
G0 F9000 X126.241 Y98.884
G1 F3000 X125.561 Y101.421 E819.66184
G0 F9000 X127.699 Y98.884
G1 F3000 X130.236 Y101.421 E819.73344
G0 F9000 X131.772 Y101.421
G1 F3000 X132.452 Y98.884 E819.78586
G0 F9000 X133.338 Y101.662
G0 X133.578 Y103.227
G1 F3000 X136.11 Y102.548 E819.83817
G0 F9000 X133.578 Y104.764
G1 F3000 X136.112 Y107.298 E819.90968
G0 F9000 X136.112 Y108.408
G1 F3000 X133.579 Y117.862 E820.105
G0 F9000 X133.579 Y115.65
G1 F3000 X136.113 Y114.971 E820.15736
G0 F9000 X136.114 Y115.784
G1 F3000 X133.578 Y113.249 E820.22891
G0 F9000 X133.578 Y109.438
G1 F3000 X136.111 Y108.76 E820.28124
G0 F9000 X136.114 Y121.182
G1 F3000 X133.579 Y121.862 E820.33362
G1 X133.578 Y121.734
G1 X136.115 Y124.271 E820.40522
G0 F9000 X136.115 Y127.394
G1 F3000 X133.579 Y128.073 E820.45761
G0 F9000 X133.578 Y130.219
G1 F3000 X136.1 Y132.742 E820.5288
G0 F9000 X135.919 Y133.658
G1 F3000 X126.759 Y136.112 E820.71804
G0 F9000 X128.689 Y136.112
G1 F3000 X129.367 Y133.578 E820.77039
G0 F9000 X128.452 Y133.579
G1 F3000 X130.984 Y136.111 E820.84185
G0 F9000 X135.238 Y134.851
G1 F3000 X136.115 Y131.577 E820.90949
G0 F9000 X133.338 Y133.338
G0 X123.156 Y133.578
G1 F3000 X122.477 Y136.113 E820.96186
G1 X122.501 Y136.112
G1 X119.966 Y133.577 E821.0334
G0 F9000 X101.662 Y133.338
G0 X101.42 Y124.267
G1 F3000 X98.886 Y124.946 E821.08576
G0 F9000 X101.421 Y106.548
G1 F3000 X98.884 Y104.01 E821.15737
G0 F9000 X98.885 Y106.311
G1 F3000 X101.42 Y105.632 E821.20974
G0 F9000 X100.143 Y99.762
G1 F3000 X103.421 Y98.884 E821.27746
G0 F9000 X119.213 Y98.884
G1 F3000 X121.75 Y101.421 E821.34906
G0 F9000 X119.349 Y101.422
G1 F3000 X120.029 Y98.884 E821.4015
G0 F9000 X120.028 Y99.015
G1 F2700 E816.4015
;MESH:NONMESH
G0 F300 X120.028 Y99.015 Z3.48
G0 F9000 X133.338 Y101.662
G0 X133.338 Y133.338
G0 X117.5 Y133.499
;TIME_ELAPSED:2010.573838
;LAYER:28
;TYPE:WALL-INNER
;MESH:robotface-cover.stl
G1 F2700 E821.4015
G1 F1500 X102.445 Y133.499 E821.70194
G1 X102.046 Y133.392 E821.71018
G1 X101.87 Y133.278 E821.71437
G1 X101.66 Y133.044 E821.72064
G1 X101.535 Y132.764 E821.72676
G1 X101.501 Y132.558 E821.73093
G1 X101.505 Y102.394 E822.33288
G1 X101.577 Y102.113 E822.33867
G1 X101.676 Y101.932 E822.34279
G1 X101.879 Y101.715 E822.34872
G1 X102.089 Y101.587 E822.35363
G1 X102.403 Y101.5 E822.36013
G1 X132.555 Y101.501 E822.96184
G1 X132.904 Y101.584 E822.969
G1 X133.176 Y101.75 E822.97536
G1 X133.367 Y101.999 E822.98162
G1 X133.468 Y102.245 E822.98693
G1 X133.499 Y102.442 E822.99091
G1 X133.5 Y132.555 E823.59185
G1 X133.468 Y132.757 E823.59593
G1 X133.337 Y133.05 E823.60233
G1 X133.205 Y133.212 E823.60651
G1 X132.862 Y133.433 E823.61465
G1 X132.614 Y133.499 E823.61977
G1 X117.5 Y133.499 E823.92139
G0 F9000 X117.5 Y133.098
G1 F1500 X102.435 Y133.097 E824.22202
G1 X102.256 Y133.049 E824.22572
G1 X102.099 Y132.948 E824.22945
G1 X101.979 Y132.8 E824.23325
G1 X101.906 Y132.592 E824.23765
G1 X101.9 Y102.468 E824.83881
G1 X101.946 Y102.268 E824.8429
G1 X102.127 Y102.029 E824.84888
G1 X102.448 Y101.902 E824.85577
G1 X132.591 Y101.906 E825.45731
G1 X132.743 Y101.95 E825.46047
G1 X132.969 Y102.124 E825.46616
G1 X133.097 Y102.436 E825.47289
G1 X133.1 Y132.533 E826.07351
G1 X133.021 Y132.8 E826.07906
G1 X132.879 Y132.967 E826.08344
G1 X132.592 Y133.1 E826.08975
G1 X117.5 Y133.098 E826.39093
G0 F9000 X117.5 Y133.41
G0 X117.5 Y136.24
G1 F1500 X132.46 Y136.24 E826.68947
G1 X132.892 Y136.216 E826.69811
G1 X133.287 Y136.155 E826.70608
G1 X133.65 Y136.059 E826.71357
G1 X134.015 Y135.918 E826.72138
G1 X134.371 Y135.736 E826.72936
G1 X134.694 Y135.526 E826.73705
G1 X134.995 Y135.282 E826.74478
G1 X135.285 Y134.995 E826.75293
G1 X135.524 Y134.694 E826.7606
G1 X135.737 Y134.369 E826.76835
G1 X135.918 Y134.015 E826.77628
G1 X136.059 Y133.65 E826.78409
G1 X136.155 Y133.287 E826.79159
G1 X136.216 Y132.892 E826.79956
G1 X136.24 Y132.46 E826.8082
G1 X136.24 Y102.517 E827.40574
G1 X136.216 Y102.106 E827.41396
G1 X136.155 Y101.712 E827.42191
G1 X136.059 Y101.345 E827.42948
G1 X135.918 Y100.981 E827.43727
G1 X135.737 Y100.627 E827.44521
G1 X135.525 Y100.305 E827.4529
G1 X135.285 Y100.004 E827.46058
G1 X134.993 Y99.712 E827.46882
G1 X134.697 Y99.472 E827.47643
G1 X134.371 Y99.263 E827.48416
G1 X134.015 Y99.079 E827.49215
G1 X133.649 Y98.941 E827.49996
G1 X133.283 Y98.84 E827.50754
G1 X132.892 Y98.78 E827.51543
G1 X132.46 Y98.756 E827.52407
G1 X102.388 Y98.76 E828.12419
G1 X102.008 Y98.793 E828.1318
G1 X101.565 Y98.871 E828.14077
G1 X100.974 Y99.082 E828.1533
G1 X100.544 Y99.311 E828.16302
G1 X100.178 Y99.566 E828.17192
G1 X99.844 Y99.865 E828.18087
G1 X99.571 Y100.169 E828.18902
G1 X99.326 Y100.524 E828.19763
G1 X99.128 Y100.892 E828.20597
G1 X98.963 Y101.286 E828.21449
G1 X98.853 Y101.678 E828.22262
G1 X98.78 Y102.094 E828.23105
G1 X98.756 Y102.535 E828.23986
G1 X98.756 Y132.479 E828.83742
G1 X98.78 Y132.891 E828.84566
G1 X98.84 Y133.283 E828.85357
G1 X98.94 Y133.649 E828.86115
G1 X99.079 Y134.015 E828.86896
G1 X99.263 Y134.369 E828.87692
G1 X99.472 Y134.694 E828.88463
G1 X99.714 Y134.995 E828.89234
G1 X100.003 Y135.283 E828.90048
G1 X100.302 Y135.525 E828.90816
G1 X100.626 Y135.736 E828.91587
G1 X100.981 Y135.917 E828.92383
G1 X101.345 Y136.059 E828.93162
G1 X101.712 Y136.155 E828.93919
G1 X102.104 Y136.216 E828.94711
G1 X102.536 Y136.24 E828.95574
G1 X117.5 Y136.24 E829.25437
G0 F9000 X117.5 Y136.64
G1 F1500 X132.471 Y136.64 E829.55313
G1 X132.933 Y136.614 E829.56236
G1 X133.369 Y136.547 E829.57117
G1 X133.774 Y136.44 E829.57953
G1 X134.178 Y136.283 E829.58818
G1 X134.571 Y136.083 E829.59698
G1 X134.93 Y135.85 E829.60552
G1 X135.263 Y135.58 E829.61407
G1 X135.584 Y135.262 E829.62309
G1 X135.849 Y134.928 E829.6316
G1 X136.084 Y134.57 E829.64014
G1 X136.283 Y134.178 E829.64892
G1 X136.44 Y133.774 E829.65757
G1 X136.547 Y133.369 E829.66593
G1 X136.614 Y132.933 E829.67473
G1 X136.64 Y132.471 E829.68396
G1 X136.64 Y102.506 E830.28195
G1 X136.614 Y102.064 E830.29078
G1 X136.547 Y101.631 E830.29953
G1 X136.44 Y101.222 E830.30796
G1 X136.283 Y100.818 E830.31661
G1 X136.084 Y100.426 E830.32539
G1 X135.849 Y100.069 E830.33392
G1 X135.584 Y99.737 E830.34239
G1 X135.261 Y99.415 E830.35149
G1 X134.932 Y99.148 E830.35995
G1 X134.571 Y98.917 E830.3685
G1 X134.178 Y98.713 E830.37734
G1 X133.773 Y98.56 E830.38598
G1 X133.366 Y98.448 E830.3944
G1 X132.933 Y98.382 E830.40314
G1 X132.471 Y98.356 E830.41238
G1 X102.37 Y98.36 E831.01308
G1 X101.957 Y98.396 E831.02135
G1 X101.693 Y98.441 E831.02669
G1 X101.387 Y98.51 E831.03295
G1 X100.812 Y98.715 E831.04514
G1 X100.334 Y98.969 E831.05594
G1 X99.93 Y99.252 E831.06578
G1 X99.561 Y99.582 E831.07566
G1 X99.256 Y99.921 E831.08476
G1 X98.985 Y100.314 E831.09429
G1 X98.767 Y100.72 E831.10348
G1 X98.584 Y101.154 E831.11288
G1 X98.462 Y101.589 E831.1219
G1 X98.382 Y102.049 E831.13122
G1 X98.356 Y102.524 E831.14071
G1 X98.356 Y132.49 E831.73871
G1 X98.382 Y132.933 E831.74757
G1 X98.448 Y133.366 E831.75631
G1 X98.56 Y133.773 E831.76473
G1 X98.713 Y134.178 E831.77337
G1 X98.916 Y134.57 E831.78218
G1 X99.148 Y134.928 E831.7907
G1 X99.416 Y135.262 E831.79924
G1 X99.735 Y135.581 E831.80824
G1 X100.066 Y135.849 E831.81674
G1 X100.425 Y136.083 E831.8253
G1 X100.818 Y136.283 E831.8341
G1 X101.222 Y136.44 E831.84275
G1 X101.631 Y136.547 E831.85118
G1 X102.063 Y136.614 E831.85991
G1 X102.525 Y136.64 E831.86914
G1 X117.5 Y136.64 E832.16798
G0 F9000 X117.5 Y137.04
;TYPE:WALL-OUTER
G1 F1500 X132.482 Y137.04 E832.46696
G1 X132.975 Y137.012 E832.47682
G1 X133.451 Y136.939 E832.48643
G1 X133.898 Y136.821 E832.49565
G1 X134.342 Y136.649 E832.50516
G1 X134.771 Y136.43 E832.51477
G1 X135.166 Y136.174 E832.52416
G1 X135.53 Y135.878 E832.53353
G1 X135.882 Y135.53 E832.5434
G1 X136.173 Y135.162 E832.55277
G1 X136.43 Y134.771 E832.5621
G1 X136.649 Y134.342 E832.57172
G1 X136.821 Y133.898 E832.58122
G1 X136.939 Y133.451 E832.59044
G1 X137.012 Y132.975 E832.60005
G1 X137.04 Y132.482 E832.60991
G1 X137.04 Y102.494 E833.20835
G1 X137.012 Y102.022 E833.21779
G1 X136.939 Y101.549 E833.22734
G1 X136.821 Y101.098 E833.23664
G1 X136.649 Y100.654 E833.24614
G1 X136.43 Y100.225 E833.25575
G1 X136.173 Y99.834 E833.26509
G1 X135.882 Y99.47 E833.27439
G1 X135.529 Y99.117 E833.28435
G1 X135.166 Y98.823 E833.29368
G1 X134.771 Y98.57 E833.30304
G1 X134.342 Y98.347 E833.31269
G1 X133.897 Y98.179 E833.32218
G1 X133.45 Y98.056 E833.33143
G1 X132.975 Y97.984 E833.34102
G1 X132.482 Y97.956 E833.35087
G1 X102.353 Y97.96 E833.95213
G1 X101.906 Y97.999 E833.96108
G1 X101.615 Y98.049 E833.96698
G1 X101.276 Y98.125 E833.97391
G1 X100.65 Y98.348 E833.98717
G1 X100.125 Y98.627 E833.99903
G1 X99.681 Y98.938 E834.00985
G1 X99.278 Y99.298 E834.02064
G1 X98.942 Y99.673 E834.03068
G1 X98.643 Y100.105 E834.04117
G1 X98.405 Y100.547 E834.05119
G1 X98.206 Y101.022 E834.06146
G1 X98.072 Y101.501 E834.07139
G1 X97.984 Y102.003 E834.08156
G1 X97.956 Y102.514 E834.09177
G1 X97.956 Y132.502 E834.69022
G1 X97.984 Y132.975 E834.69967
G1 X98.056 Y133.45 E834.70926
G1 X98.179 Y133.897 E834.71851
G1 X98.347 Y134.342 E834.728
G1 X98.57 Y134.771 E834.73765
G1 X98.823 Y135.162 E834.74695
G1 X99.118 Y135.53 E834.75636
G1 X99.467 Y135.879 E834.76621
G1 X99.83 Y136.173 E834.77553
G1 X100.225 Y136.43 E834.78493
G1 X100.654 Y136.649 E834.79455
G1 X101.098 Y136.821 E834.80405
G1 X101.549 Y136.939 E834.81335
G1 X102.021 Y137.012 E834.82288
G1 X102.514 Y137.04 E834.83274
G1 X117.5 Y137.04 E835.1318
G1 F2700 E830.1318
G0 F9000 X117.5 Y136.331
G0 X117.5 Y133.41
G0 X117.5 Y132.699
G1 F2700 E835.1318
G1 F1500 X102.469 Y132.698 E835.43176
G1 X102.366 Y132.65 E835.43403
G1 X102.3 Y132.512 E835.43708
G1 X102.304 Y102.456 E836.03688
G1 X102.375 Y102.343 E836.03954
G1 X102.482 Y102.3 E836.04184
G1 X132.531 Y102.302 E836.6415
G1 X132.642 Y102.358 E836.64399
G1 X132.7 Y102.453 E836.64621
G1 X132.698 Y132.531 E837.24645
G1 X132.658 Y132.625 E837.24848
G1 X132.512 Y132.7 E837.25176
G1 X117.5 Y132.699 E837.55134
G0 F9000 X117.5 Y133.41
G0 X116.856 Y133.578
;TYPE:FILL
G1 F3000 X116.164 Y136.16 E837.60469
G0 F9000 X114.182 Y136.159
G1 F3000 X111.602 Y133.579 E837.6775
G0 F9000 X110.644 Y133.578
G1 F3000 X109.953 Y136.16 E837.73084
G0 F9000 X105.697 Y136.159
G1 F3000 X103.117 Y133.579 E837.80365
G0 F9000 X104.433 Y133.578
G1 F3000 X103.741 Y136.161 E837.85702
G1 X103.727 Y136.16
G1 X113.362 Y133.578 E838.05608
G0 F9000 X120.088 Y133.58
G1 F3000 X122.667 Y136.159 E838.12886
G0 F9000 X122.376 Y136.16
G1 F3000 X123.068 Y133.579 E838.18219
G0 F9000 X126.912 Y136.159
G1 F3000 X135.938 Y133.741 E838.36866
G0 F9000 X136.149 Y132.67
G1 F3000 X133.58 Y130.101 E838.44117
G0 F9000 X133.58 Y128.161
G1 F3000 X136.159 Y127.47 E838.49445
G0 F9000 X136.16 Y124.196
G1 F3000 X133.579 Y121.615 E838.56729
G0 F9000 X133.579 Y121.949
G1 F3000 X136.159 Y121.258 E838.62059
G0 F9000 X133.579 Y117.533
G1 F3000 X136.16 Y107.899 E838.81963
G0 F9000 X136.16 Y107.226
G1 F3000 X133.577 Y104.643 E838.89253
G0 F9000 X133.578 Y103.315
G1 F3000 X136.159 Y102.623 E838.94585
G0 F9000 X133.338 Y101.662
G0 X131.684 Y101.422
G1 F3000 X132.377 Y98.835 E838.9993
G0 F9000 X130.356 Y101.421
G1 F3000 X127.772 Y98.837 E839.07222
G0 F9000 X127.108 Y98.837
G1 F3000 X117.463 Y101.421 E839.27149
G0 F9000 X119.261 Y101.421
G1 F3000 X119.953 Y98.837 E839.32487
G0 F9000 X119.288 Y98.839
G1 F3000 X121.871 Y101.421 E839.39776
G0 F9000 X125.473 Y101.422
G1 F3000 X126.165 Y98.837 E839.45116
G0 F9000 X113.741 Y98.838
G1 F3000 X113.049 Y101.421 E839.50452
G0 F9000 X113.385 Y101.42
G1 F3000 X110.804 Y98.839 E839.57736
G0 F9000 X107.53 Y98.839
G1 F3000 X106.838 Y101.42 E839.63069
G0 F9000 X104.899 Y101.42
G1 F3000 X102.325 Y98.846 E839.70333
G0 F9000 X101.257 Y99.065
G1 F3000 X98.836 Y108.1 E839.89
G0 F9000 X98.837 Y106.412
G1 F3000 X101.421 Y105.72 E839.94338
G0 F9000 X101.422 Y106.428
G1 F3000 X98.836 Y103.842 E840.01636
G0 F9000 X99.913 Y99.912
G1 F3000 X103.914 Y98.84 E840.09902
G0 F9000 X101.662 Y101.662
G0 X101.421 Y111.931
G1 F3000 X98.837 Y112.624 E840.15241
G0 F9000 X98.836 Y112.327
G1 F3000 X101.422 Y114.913 E840.2254
G0 F9000 X101.421 Y118.143
G1 F3000 X98.837 Y118.835 E840.27878
G0 F9000 X98.836 Y120.813
G1 F3000 X101.422 Y123.399 E840.35176
G0 F9000 X101.421 Y124.355
G1 F3000 X98.836 Y125.047 E840.40516
G0 F9000 X98.836 Y129.298
G1 F3000 X101.422 Y131.884 E840.47815
G0 F9000 X101.422 Y130.566
G1 F3000 X98.837 Y131.259 E840.53156
G1 X98.837 Y131.281
G1 X101.422 Y121.633 E840.73088
G1 F2700 E835.73088
G0 F9000 X101.662 Y133.338
G0 X128.574 Y133.58
G1 F2700 E840.73088
G1 F3000 X131.153 Y136.159 E840.80367
G0 F9000 X128.588 Y136.16
G1 F3000 X129.279 Y133.579 E840.85699
G0 F9000 X135.09 Y135.076
G1 F3000 X136.16 Y131.083 E840.93948
G0 F9000 X136.16 Y115.711
G1 F3000 X133.578 Y113.129 E841.01235
G0 F9000 X133.58 Y115.738
G1 F3000 X136.16 Y115.046 E841.06566
G0 F9000 X133.579 Y109.526
G1 F3000 X136.159 Y108.835 E841.11896
G0 F9000 X136.031 Y108.834
G1 F2700 E836.11896
;MESH:NONMESH
G0 F300 X136.031 Y108.834 Z3.6
G0 F9000 X133.338 Y133.338
G0 X117.5 Y133.499
;TIME_ELAPSED:2058.023446
;LAYER:29
;TYPE:WALL-INNER
;MESH:robotface-cover.stl
G1 F2700 E841.11896
G1 F1500 X102.445 Y133.499 E841.4194
G1 X102.049 Y133.394 E841.42758
G1 X101.878 Y133.284 E841.43163
G1 X101.661 Y133.046 E841.43806
G1 X101.566 Y132.86 E841.44223
G1 X101.501 Y132.557 E841.44841
G1 X101.501 Y102.44 E842.04943
G1 X101.574 Y102.119 E842.056
G1 X101.787 Y101.798 E842.06369
G1 X101.968 Y101.652 E842.06833
G1 X102.332 Y101.5 E842.0762
G1 X132.555 Y101.501 E842.67933
G1 X132.913 Y101.567 E842.6866
G1 X133.204 Y101.788 E842.69389
G1 X133.366 Y102 E842.69921
G1 X133.452 Y102.192 E842.70341
G1 X133.499 Y102.442 E842.70849
G1 X133.5 Y132.555 E843.30943
G1 X133.467 Y132.76 E843.31357
G1 X133.339 Y133.046 E843.31982
G1 X133.208 Y133.208 E843.32398
G1 X132.951 Y133.394 E843.33031
G1 X132.555 Y133.499 E843.33849
G1 X117.5 Y133.499 E843.63893
G0 F9000 X117.5 Y133.097
G1 F1500 X102.429 Y133.1 E843.93968
G1 X102.253 Y133.048 E843.94335
G1 X102.098 Y132.947 E843.94704
G1 X101.939 Y132.716 E843.95263
G1 X101.907 Y132.596 E843.95511
G1 X101.9 Y102.428 E844.55715
G1 X102.045 Y102.107 E844.56418
G1 X102.242 Y101.957 E844.56912
G1 X102.48 Y101.9 E844.574
G1 X132.614 Y101.901 E845.17536
G1 X132.828 Y101.996 E845.18003
G1 X133.002 Y102.17 E845.18494
G1 X133.094 Y102.408 E845.19003
G1 X133.1 Y132.533 E845.79121
G1 X133.004 Y132.828 E845.7974
G1 X132.852 Y132.987 E845.80179
G1 X132.592 Y133.094 E845.8074
G1 X117.5 Y133.097 E846.10858
G0 F9000 X117.5 Y133.41
G0 X117.5 Y136.276
G1 F1500 X132.46 Y136.276 E846.40712
G1 X132.896 Y136.252 E846.41584
G1 X133.289 Y136.192 E846.42377
G1 X133.661 Y136.092 E846.43146
G1 X134.034 Y135.948 E846.43944
G1 X134.389 Y135.769 E846.44737
G1 X134.714 Y135.555 E846.45514
G1 X135.019 Y135.309 E846.46296
G1 X135.309 Y135.019 E846.47114
G1 X135.552 Y134.716 E846.47889
G1 X135.765 Y134.389 E846.48668
G1 X135.949 Y134.03 E846.49473
G1 X136.091 Y133.661 E846.50262
G1 X136.191 Y133.289 E846.51031
G1 X136.252 Y132.896 E846.51824
G1 X136.276 Y132.46 E846.52696
G1 X136.276 Y102.517 E847.1245
G1 X136.252 Y102.101 E847.13282
G1 X136.192 Y101.708 E847.14075
G1 X136.092 Y101.338 E847.1484
G1 X135.949 Y100.964 E847.15639
G1 X135.766 Y100.608 E847.16438
G1 X135.552 Y100.283 E847.17214
G1 X135.309 Y99.977 E847.17994
G1 X135.019 Y99.69 E847.18808
G1 X134.714 Y99.442 E847.19593
G1 X134.389 Y99.231 E847.20366
G1 X134.03 Y99.047 E847.21171
G1 X133.665 Y98.906 E847.21952
G1 X133.289 Y98.808 E847.22728
G1 X132.892 Y98.744 E847.2353
G1 X132.46 Y98.72 E847.24393
G1 X102.385 Y98.725 E847.84411
G1 X102.053 Y98.743 E847.85075
G1 X101.655 Y98.821 E847.85884
G1 X101.391 Y98.887 E847.86427
G1 X100.893 Y99.078 E847.87492
G1 X100.487 Y99.3 E847.88415
G1 X100.118 Y99.567 E847.89324
G1 X99.804 Y99.85 E847.90168
G1 X99.523 Y100.176 E847.91027
G1 X99.277 Y100.526 E847.9188
G1 X99.081 Y100.889 E847.92704
G1 X98.921 Y101.279 E847.93545
G1 X98.815 Y101.669 E847.94351
G1 X98.748 Y102.083 E847.95188
G1 X98.72 Y102.538 E847.96098
G1 X98.72 Y132.479 E848.55848
G1 X98.744 Y132.891 E848.56672
G1 X98.808 Y133.289 E848.57476
G1 X98.906 Y133.665 E848.58252
G1 X99.047 Y134.03 E848.59033
G1 X99.231 Y134.389 E848.59838
G1 X99.442 Y134.714 E848.60611
G1 X99.69 Y135.019 E848.61396
G1 X99.977 Y135.309 E848.6221
G1 X100.286 Y135.555 E848.62998
G1 X100.609 Y135.77 E848.63772
G1 X100.961 Y135.947 E848.64559
G1 X101.338 Y136.092 E848.65365
G1 X101.708 Y136.192 E848.66129
G1 X102.1 Y136.252 E848.66921
G1 X102.536 Y136.276 E848.67792
G1 X117.5 Y136.276 E848.97655
G0 F9000 X117.5 Y136.676
G1 F1500 X132.471 Y136.676 E849.27531
G1 X132.938 Y136.65 E849.28464
G1 X133.372 Y136.584 E849.2934
G1 X133.785 Y136.472 E849.30194
G1 X134.196 Y136.314 E849.31073
G1 X134.59 Y136.115 E849.31954
G1 X134.95 Y135.878 E849.32814
G1 X135.286 Y135.608 E849.33674
G1 X135.608 Y135.286 E849.34583
G1 X135.877 Y134.951 E849.3544
G1 X136.112 Y134.59 E849.363
G1 X136.315 Y134.194 E849.37188
G1 X136.472 Y133.785 E849.38062
G1 X136.583 Y133.372 E849.38916
G1 X136.65 Y132.938 E849.39792
G1 X136.676 Y132.471 E849.40725
G1 X136.676 Y102.506 E850.00524
G1 X136.65 Y102.059 E850.01417
G1 X136.584 Y101.625 E850.02293
G1 X136.472 Y101.214 E850.03143
G1 X136.315 Y100.801 E850.04025
G1 X136.112 Y100.407 E850.0491
G1 X135.877 Y100.048 E850.05766
G1 X135.608 Y99.71 E850.06628
G1 X135.287 Y99.392 E850.0753
G1 X134.95 Y99.118 E850.08396
G1 X134.59 Y98.884 E850.09253
G1 X134.194 Y98.681 E850.10141
G1 X133.788 Y98.525 E850.11009
G1 X133.372 Y98.416 E850.11867
G1 X132.935 Y98.346 E850.12751
G1 X132.471 Y98.32 E850.13678
G1 X102.373 Y98.325 E850.73742
G1 X102.003 Y98.345 E850.74481
G1 X101.568 Y98.43 E850.75366
G1 X101.27 Y98.505 E850.75979
G1 X100.725 Y98.714 E850.77144
G1 X100.273 Y98.961 E850.78172
G1 X99.866 Y99.256 E850.79175
G1 X99.518 Y99.569 E850.80109
G1 X99.207 Y99.93 E850.8106
G1 X98.936 Y100.316 E850.82001
G1 X98.719 Y100.718 E850.82913
G1 X98.542 Y101.15 E850.83844
G1 X98.424 Y101.584 E850.84742
G1 X98.35 Y102.039 E850.85662
G1 X98.32 Y102.526 E850.86636
G1 X98.32 Y132.49 E851.46432
G1 X98.346 Y132.934 E851.4732
G1 X98.416 Y133.372 E851.48205
G1 X98.524 Y133.788 E851.49062
G1 X98.681 Y134.194 E851.49931
G1 X98.884 Y134.59 E851.50819
G1 X99.118 Y134.95 E851.51676
G1 X99.392 Y135.286 E851.52541
G1 X99.71 Y135.608 E851.53444
G1 X100.05 Y135.878 E851.54311
G1 X100.407 Y136.116 E851.55167
G1 X100.799 Y136.314 E851.56043
G1 X101.214 Y136.472 E851.5693
G1 X101.625 Y136.584 E851.5778
G1 X102.058 Y136.65 E851.58654
G1 X102.525 Y136.676 E851.59587
G1 X117.5 Y136.676 E851.89471
G0 F9000 X117.5 Y137.076
;TYPE:WALL-OUTER
G1 F1500 X132.482 Y137.076 E852.1937
G1 X132.979 Y137.048 E852.20363
G1 X133.454 Y136.976 E852.21322
G1 X133.909 Y136.853 E852.22262
G1 X134.358 Y136.68 E852.23223
G1 X134.791 Y136.462 E852.2419
G1 X135.186 Y136.202 E852.25134
G1 X135.554 Y135.906 E852.26076
G1 X135.906 Y135.554 E852.2707
G1 X136.201 Y135.186 E852.28011
G1 X136.458 Y134.791 E852.28951
G1 X136.681 Y134.358 E852.29923
G1 X136.853 Y133.909 E852.30883
G1 X136.975 Y133.454 E852.31823
G1 X137.048 Y132.979 E852.32782
G1 X137.076 Y132.482 E852.33775
G1 X137.076 Y102.494 E852.9362
G1 X137.048 Y102.017 E852.94573
G1 X136.976 Y101.542 E852.95532
G1 X136.853 Y101.09 E852.96467
G1 X136.681 Y100.638 E852.97432
G1 X136.458 Y100.205 E852.98404
G1 X136.201 Y99.814 E852.99337
G1 X135.906 Y99.442 E853.00285
G1 X135.554 Y99.094 E853.01273
G1 X135.186 Y98.794 E853.0222
G1 X134.791 Y98.538 E853.0316
G1 X134.358 Y98.315 E853.04131
G1 X133.91 Y98.143 E853.05089
G1 X133.454 Y98.024 E853.0603
G1 X132.978 Y97.948 E853.06992
G1 X132.482 Y97.92 E853.07983
G1 X102.362 Y97.925 E853.68091
G1 X101.953 Y97.947 E853.68908
G1 X101.48 Y98.04 E853.6987
G1 X101.149 Y98.123 E853.70551
G1 X100.557 Y98.35 E853.71816
G1 X100.059 Y98.622 E853.72949
G1 X99.614 Y98.944 E853.74045
G1 X99.232 Y99.289 E853.75072
G1 X98.891 Y99.684 E853.76113
G1 X98.595 Y100.106 E853.77142
G1 X98.357 Y100.546 E853.7814
G1 X98.162 Y101.021 E853.79165
G1 X98.032 Y101.499 E853.80154
G1 X97.952 Y101.995 E853.81156
G1 X97.92 Y102.514 E853.82194
G1 X97.92 Y132.502 E854.42038
G1 X97.948 Y132.978 E854.4299
G1 X98.024 Y133.454 E854.43952
G1 X98.143 Y133.91 E854.44892
G1 X98.315 Y134.358 E854.4585
G1 X98.538 Y134.791 E854.46822
G1 X98.794 Y135.186 E854.47761
G1 X99.094 Y135.554 E854.48709
G1 X99.442 Y135.906 E854.49696
G1 X99.814 Y136.202 E854.50645
G1 X100.205 Y136.462 E854.51582
G1 X100.637 Y136.68 E854.52548
G1 X101.09 Y136.853 E854.53515
G1 X101.542 Y136.976 E854.5445
G1 X102.017 Y137.048 E854.55409
G1 X102.514 Y137.076 E854.56402
G1 X117.5 Y137.076 E854.86309
G1 F2700 E849.86309
G0 F9000 X117.5 Y136.368
G0 X117.5 Y133.41
G0 X117.5 Y132.697
G1 F2700 E854.86309
G1 F1500 X102.469 Y132.698 E855.16305
G1 X102.337 Y132.618 E855.16613
G1 X102.302 Y132.532 E855.16798
G1 X102.302 Y102.467 E855.76796
G1 X102.373 Y102.344 E855.77079
G1 X102.461 Y102.303 E855.77273
G1 X132.55 Y102.302 E856.37319
G1 X132.7 Y102.451 E856.37741
G1 X132.698 Y132.531 E856.97769
G1 X132.618 Y132.663 E856.98077
G1 X132.543 Y132.696 E856.9824
G1 X117.5 Y132.697 E857.2826
G0 F9000 X117.5 Y133.41
G0 X116.768 Y133.578
;TYPE:FILL
G1 F3000 X116.067 Y136.196 E857.33669
G0 F9000 X114.339 Y136.196
G1 F3000 X111.723 Y133.58 E857.41052
G0 F9000 X110.556 Y133.58
G1 F3000 X109.855 Y136.196 E857.46456
G0 F9000 X105.854 Y136.196
G1 F3000 X103.238 Y133.58 E857.53839
G0 F9000 X104.344 Y133.58
G1 F3000 X103.644 Y136.196 E857.59243
G0 F9000 X103.921 Y136.196
G1 F3000 X113.688 Y133.579 E857.79422
G0 F9000 X120.207 Y133.579
G1 F3000 X122.824 Y136.196 E857.86808
G0 F9000 X122.278 Y136.197
G1 F3000 X122.98 Y133.578 E857.92219
G0 F9000 X127.102 Y136.196
G1 F3000 X135.94 Y133.828 E858.10478
G0 F9000 X136.189 Y132.59
G1 F3000 X133.579 Y129.98 E858.17844
G0 F9000 X133.58 Y128.249
G1 F3000 X136.196 Y127.548 E858.23249
G0 F9000 X136.196 Y130.619
G1 F3000 X134.953 Y135.259 E858.32835
G0 F9000 X131.31 Y136.196
G1 F3000 X128.692 Y133.578 E858.40223
G0 F9000 X129.192 Y133.578
G1 F3000 X128.49 Y136.196 E858.45633
G0 F9000 X133.338 Y133.338
G0 X136.197 Y124.112
G1 F3000 X133.578 Y121.494 E858.53022
G0 F9000 X133.58 Y122.037
G1 F3000 X136.196 Y121.336 E858.58427
G0 F9000 X133.579 Y117.203
G1 F3000 X136.196 Y107.439 E858.786
G0 F9000 X136.197 Y107.142
G1 F3000 X133.577 Y104.522 E858.85994
G0 F9000 X133.578 Y103.403
G1 F3000 X136.196 Y102.701 E858.91403
G0 F9000 X133.338 Y101.662
G0 X131.596 Y101.422
G1 F3000 X132.299 Y98.8 E858.96821
G0 F9000 X130.476 Y101.421
G1 F3000 X127.856 Y98.801 E859.04215
G0 F9000 X127.57 Y98.801
G1 F3000 X117.791 Y101.421 E859.24418
G0 F9000 X119.173 Y101.422
G1 F3000 X119.875 Y98.802 E859.29831
G0 F9000 X119.372 Y98.803
G1 F3000 X121.991 Y101.421 E859.37221
G0 F9000 X125.384 Y101.422
G1 F3000 X126.087 Y98.801 E859.42636
G0 F9000 X113.663 Y98.804
G1 F3000 X112.961 Y101.421 E859.48044
G0 F9000 X113.505 Y101.42
G1 F3000 X110.888 Y98.804 E859.55428
G0 F9000 X107.451 Y98.805
G1 F3000 X106.75 Y101.421 E859.60833
G0 F9000 X105.019 Y101.42
G1 F3000 X102.405 Y98.805 E859.68211
G0 F9000 X101.171 Y99.057
G1 F3000 X98.8 Y107.906 E859.86493
G0 F9000 X98.8 Y106.51
G1 F3000 X101.42 Y105.808 E859.91906
G0 F9000 X101.421 Y106.307
G1 F3000 X98.8 Y103.686 E859.99303
G0 F9000 X99.741 Y100.046
G1 F3000 X104.37 Y98.806 E860.08867
G0 F9000 X101.662 Y101.662
G0 X101.421 Y112.019
G1 F3000 X98.8 Y112.722 E860.14282
G0 F9000 X98.8 Y112.171
G1 F3000 X101.421 Y114.792 E860.21679
G0 F9000 X101.421 Y118.231
G1 F3000 X98.801 Y118.933 E860.27092
G0 F9000 X98.8 Y120.656
G1 F3000 X101.422 Y123.278 E860.34492
G0 F9000 X101.421 Y124.443
G1 F3000 X98.8 Y125.145 E860.39907
G0 F9000 X98.8 Y129.142
G1 F3000 X101.422 Y131.764 E860.47306
G0 F9000 X101.422 Y130.654
G1 F3000 X98.8 Y131.357 E860.52724
G0 F9000 X98.8 Y131.089
G1 F3000 X101.421 Y121.308 E860.72931
G1 F2700 E855.72931
G0 F9000 X101.662 Y133.338
G0 X133.338 Y133.338
G0 X133.58 Y115.826
G1 F2700 E860.72931
G1 F3000 X136.195 Y115.125 E860.78334
G0 F9000 X136.197 Y115.627
G1 F3000 X133.578 Y113.008 E860.85726
G0 F9000 X133.579 Y109.614
G1 F3000 X136.196 Y108.913 E860.91132
G0 F9000 X136.068 Y108.912
G1 F2700 E855.91132
;MESH:NONMESH
G0 F300 X136.068 Y108.912 Z3.72
G0 F9000 X133.338 Y133.338
G0 X117.5 Y133.497
;TIME_ELAPSED:2105.805288
;LAYER:30
;TYPE:WALL-INNER
;MESH:robotface-cover.stl
G1 F2700 E860.91132
G1 F1500 X102.445 Y133.499 E861.21176
G1 X102.092 Y133.414 E861.21901
G1 X101.757 Y133.17 E861.22728
G1 X101.634 Y133.002 E861.23143
G1 X101.501 Y132.659 E861.23877
G1 X101.506 Y102.387 E861.84288
G1 X101.594 Y102.076 E861.84933
G1 X101.862 Y101.729 E861.85808
G1 X102.06 Y101.601 E861.86279
G1 X102.376 Y101.5 E861.86941
G1 X132.604 Y101.504 E862.47264
G1 X132.864 Y101.567 E862.47798
G1 X133.17 Y101.756 E862.48516
G1 X133.389 Y102.04 E862.49232
G1 X133.499 Y102.348 E862.49884
G1 X133.499 Y132.555 E863.10166
G1 X133.39 Y132.961 E863.11004
G1 X133.124 Y133.284 E863.11839
G1 X132.954 Y133.392 E863.12241
G1 X132.608 Y133.495 E863.12962
G1 X117.5 Y133.497 E863.43111
G0 F9000 X117.5 Y133.1
G1 F1500 X102.467 Y133.1 E863.73111
G1 X102.255 Y133.048 E863.73547
G1 X102.098 Y132.947 E863.7392
G1 X101.95 Y132.742 E863.74424
G1 X101.9 Y132.534 E863.74851
G1 X101.9 Y102.468 E864.34851
G1 X101.943 Y102.275 E864.35246
G1 X102.117 Y102.037 E864.35834
G1 X102.43 Y101.903 E864.36513
G1 X132.562 Y101.902 E864.96645
G1 X132.718 Y101.94 E864.96966
G1 X132.923 Y102.072 E864.97452
G1 X133.061 Y102.285 E864.97959
G1 X133.1 Y102.466 E864.98328
G1 X133.1 Y132.533 E865.5833
G1 X133.072 Y132.685 E865.58638
G1 X132.875 Y132.97 E865.5933
G1 X132.617 Y133.1 E865.59906
G1 X117.5 Y133.1 E865.90074
G0 F9000 X117.5 Y133.41
G0 X117.5 Y136.308
G1 F1500 X132.46 Y136.308 E866.19928
G1 X132.901 Y136.284 E866.2081
G1 X133.298 Y136.223 E866.21611
G1 X133.671 Y136.123 E866.22382
G1 X134.046 Y135.98 E866.23183
G1 X134.404 Y135.798 E866.23984
G1 X134.732 Y135.581 E866.24769
G1 X135.044 Y135.333 E866.25564
G1 X135.332 Y135.044 E866.26379
G1 X135.579 Y134.734 E866.2717
G1 X135.794 Y134.404 E866.27956
G1 X135.981 Y134.042 E866.28769
G1 X136.123 Y133.671 E866.29561
G1 X136.223 Y133.298 E866.30332
G1 X136.284 Y132.901 E866.31134
G1 X136.308 Y132.46 E866.32015
G1 X136.308 Y102.517 E866.9177
G1 X136.284 Y102.096 E866.92611
G1 X136.223 Y101.698 E866.93415
G1 X136.123 Y101.325 E866.94185
G1 X135.982 Y100.954 E866.94977
G1 X135.794 Y100.592 E866.95791
G1 X135.579 Y100.262 E866.96577
G1 X135.334 Y99.954 E866.97363
G1 X135.044 Y99.667 E866.98177
G1 X134.732 Y99.415 E866.98977
G1 X134.406 Y99.204 E866.99752
G1 X134.042 Y99.018 E867.00568
G1 X133.671 Y98.873 E867.01363
G1 X133.298 Y98.777 E867.02131
G1 X132.897 Y98.712 E867.02942
G1 X132.46 Y98.688 E867.03816
G1 X102.526 Y98.688 E867.63552
G1 X101.984 Y98.712 E867.64635
G1 X101.636 Y98.784 E867.65344
G1 X101.305 Y98.876 E867.6603
G1 X100.827 Y99.074 E867.67062
G1 X100.432 Y99.296 E867.67966
G1 X100.072 Y99.556 E867.68852
G1 X99.754 Y99.851 E867.69718
G1 X99.472 Y100.178 E867.7058
G1 X99.238 Y100.515 E867.71399
G1 X99.042 Y100.891 E867.72245
G1 X98.889 Y101.27 E867.7306
G1 X98.779 Y101.666 E867.73881
G1 X98.713 Y102.082 E867.74721
G1 X98.688 Y102.535 E867.75626
G1 X98.688 Y132.479 E868.35383
G1 X98.712 Y132.896 E868.36216
G1 X98.776 Y133.298 E868.37029
G1 X98.873 Y133.671 E868.37798
G1 X99.018 Y134.042 E868.38593
G1 X99.204 Y134.406 E868.39409
G1 X99.415 Y134.731 E868.40182
G1 X99.667 Y135.045 E868.40985
G1 X99.954 Y135.334 E868.41798
G1 X100.265 Y135.581 E868.42591
G1 X100.592 Y135.798 E868.43374
G1 X100.95 Y135.98 E868.44175
G1 X101.325 Y136.123 E868.44976
G1 X101.698 Y136.223 E868.45747
G1 X102.095 Y136.284 E868.46548
G1 X102.536 Y136.308 E868.4743
G1 X117.5 Y136.308 E868.77292
G0 F9000 X117.5 Y136.708
G1 F1500 X132.471 Y136.708 E869.07168
G1 X132.942 Y136.682 E869.0811
G1 X133.38 Y136.615 E869.08994
G1 X133.794 Y136.504 E869.09849
G1 X134.208 Y136.346 E869.10734
G1 X134.605 Y136.144 E869.11623
G1 X134.967 Y135.905 E869.12488
G1 X135.311 Y135.631 E869.13366
G1 X135.631 Y135.311 E869.14269
G1 X135.904 Y134.968 E869.15144
G1 X136.14 Y134.605 E869.16008
G1 X136.347 Y134.206 E869.16905
G1 X136.504 Y133.794 E869.17785
G1 X136.615 Y133.38 E869.1864
G1 X136.682 Y132.942 E869.19524
G1 X136.708 Y132.471 E869.20466
G1 X136.708 Y102.505 E869.80266
G1 X136.682 Y102.055 E869.81166
G1 X136.615 Y101.616 E869.82052
G1 X136.504 Y101.202 E869.82907
G1 X136.347 Y100.79 E869.83787
G1 X136.14 Y100.391 E869.84684
G1 X135.904 Y100.028 E869.85548
G1 X135.632 Y99.686 E869.8642
G1 X135.311 Y99.368 E869.87322
G1 X134.967 Y99.091 E869.88203
G1 X134.607 Y98.857 E869.8906
G1 X134.206 Y98.653 E869.89958
G1 X133.794 Y98.492 E869.90841
G1 X133.38 Y98.385 E869.91694
G1 X132.94 Y98.314 E869.92583
G1 X132.471 Y98.288 E869.93521
G1 X102.517 Y98.288 E870.53297
G1 X102.08 Y98.307 E870.5417
G1 X101.821 Y98.337 E870.5469
G1 X101.542 Y98.396 E870.5526
G1 X101.175 Y98.497 E870.56019
G1 X100.651 Y98.713 E870.5715
G1 X100.216 Y98.959 E870.58147
G1 X99.818 Y99.246 E870.59127
G1 X99.465 Y99.573 E870.60087
G1 X99.155 Y99.933 E870.61035
G1 X98.895 Y100.307 E870.61944
G1 X98.678 Y100.724 E870.62882
G1 X98.509 Y101.142 E870.63782
G1 X98.388 Y101.581 E870.64691
G1 X98.314 Y102.04 E870.65618
G1 X98.288 Y102.524 E870.66586
G1 X98.288 Y132.491 E871.26388
G1 X98.314 Y132.939 E871.27284
G1 X98.384 Y133.38 E871.28175
G1 X98.492 Y133.794 E871.29029
G1 X98.653 Y134.206 E871.29911
G1 X98.857 Y134.607 E871.30809
G1 X99.091 Y134.967 E871.31666
G1 X99.368 Y135.311 E871.32547
G1 X99.686 Y135.632 E871.33449
G1 X100.029 Y135.905 E871.34324
G1 X100.391 Y136.144 E871.3519
G1 X100.788 Y136.346 E871.36078
G1 X101.202 Y136.504 E871.36963
G1 X101.616 Y136.615 E871.37818
G1 X102.054 Y136.682 E871.38702
G1 X102.525 Y136.708 E871.39644
G1 X117.5 Y136.708 E871.69528
G0 F9000 X117.5 Y137.108
;TYPE:WALL-OUTER
G1 F1500 X132.482 Y137.108 E871.99426
G1 X132.983 Y137.08 E872.00428
G1 X133.462 Y137.007 E872.01394
G1 X133.918 Y136.885 E872.02336
G1 X134.37 Y136.712 E872.03302
G1 X134.807 Y136.49 E872.0428
G1 X135.202 Y136.229 E872.05225
G1 X135.578 Y135.93 E872.06184
G1 X135.93 Y135.578 E872.07177
G1 X136.229 Y135.202 E872.08136
G1 X136.486 Y134.807 E872.09076
G1 X136.713 Y134.37 E872.10059
G1 X136.885 Y133.918 E872.11024
G1 X137.007 Y133.462 E872.11966
G1 X137.08 Y132.983 E872.12933
G1 X137.108 Y132.482 E872.13935
G1 X137.108 Y102.494 E872.73779
G1 X137.08 Y102.013 E872.7474
G1 X137.007 Y101.534 E872.75707
G1 X136.885 Y101.078 E872.76649
G1 X136.713 Y100.626 E872.77614
G1 X136.486 Y100.189 E872.78597
G1 X136.229 Y99.794 E872.79538
G1 X135.93 Y99.418 E872.80496
G1 X135.578 Y99.07 E872.81484
G1 X135.202 Y98.767 E872.82448
G1 X134.807 Y98.51 E872.83388
G1 X134.37 Y98.287 E872.84367
G1 X133.918 Y98.111 E872.85335
G1 X133.462 Y97.993 E872.86275
G1 X132.982 Y97.916 E872.87245
G1 X132.482 Y97.888 E872.88245
G1 X102.509 Y97.888 E873.48059
G1 X102.048 Y97.908 E873.4898
G1 X101.757 Y97.942 E873.49565
G1 X101.448 Y98.007 E873.50195
G1 X101.045 Y98.118 E873.51029
G1 X100.476 Y98.353 E873.52257
G1 X100 Y98.621 E873.53348
G1 X99.564 Y98.936 E873.54421
G1 X99.177 Y99.295 E873.55474
G1 X98.839 Y99.687 E873.56507
G1 X98.552 Y100.1 E873.57511
G1 X98.314 Y100.556 E873.58537
G1 X98.13 Y101.013 E873.59521
G1 X97.996 Y101.495 E873.60519
G1 X97.916 Y101.998 E873.61535
G1 X97.888 Y102.514 E873.62567
G1 X97.888 Y132.502 E874.22411
G1 X97.916 Y132.982 E874.2337
G1 X97.992 Y133.462 E874.2434
G1 X98.111 Y133.918 E874.25281
G1 X98.287 Y134.37 E874.26249
G1 X98.51 Y134.807 E874.27228
G1 X98.767 Y135.202 E874.28168
G1 X99.07 Y135.578 E874.29132
G1 X99.418 Y135.93 E874.3012
G1 X99.794 Y136.229 E874.31078
G1 X100.189 Y136.49 E874.32023
G1 X100.626 Y136.712 E874.33001
G1 X101.078 Y136.885 E874.33967
G1 X101.534 Y137.007 E874.34909
G1 X102.013 Y137.08 E874.35876
G1 X102.514 Y137.108 E874.36877
G1 X117.5 Y137.108 E874.66784
G1 F2700 E869.66784
G0 F9000 X117.5 Y136.4
G0 X117.5 Y133.41
G0 X117.5 Y132.696
G1 F2700 E874.66784
G1 F1500 X102.47 Y132.698 E874.96778
G1 X102.337 Y132.618 E874.97087
G1 X102.3 Y132.512 E874.97311
G1 X102.304 Y102.455 E875.57293
G1 X102.34 Y102.378 E875.57463
G1 X102.476 Y102.301 E875.57775
G1 X132.521 Y102.3 E876.17733
G1 X132.7 Y102.416 E876.18159
G1 X132.698 Y132.531 E876.78256
G1 X132.618 Y132.663 E876.78564
G1 X132.553 Y132.694 E876.78708
G1 X117.5 Y132.696 E877.08748
G0 F9000 X117.5 Y133.41
G0 X116.68 Y133.579
;TYPE:FILL
G1 F3000 X115.97 Y136.228 E877.14221
G0 F9000 X114.491 Y136.228
G1 F3000 X111.842 Y133.579 E877.21697
G0 F9000 X110.468 Y133.579
G1 F3000 X109.758 Y136.228 E877.2717
G0 F9000 X106.006 Y136.228
G1 F3000 X103.357 Y133.579 E877.34646
G0 F9000 X104.257 Y133.578
G1 F3000 X103.547 Y136.229 E877.40123
G0 F9000 X104.13 Y136.228
G1 F3000 X114.016 Y133.579 E877.60547
G0 F9000 X120.328 Y133.579
G1 F3000 X122.976 Y136.228 E877.68022
G0 F9000 X122.182 Y136.228
G1 F3000 X122.892 Y133.578 E877.73497
G0 F9000 X127.311 Y136.228
G1 F3000 X135.943 Y133.915 E877.91331
G0 F9000 X136.226 Y132.507
G1 F3000 X133.579 Y129.859 E877.98802
G0 F9000 X133.58 Y128.337
G1 F3000 X136.227 Y127.628 E878.04271
G0 F9000 X136.228 Y130.171
G1 F3000 X134.826 Y135.404 E878.15082
G0 F9000 X131.462 Y136.228
G1 F3000 X128.813 Y133.579 E878.22558
G0 F9000 X129.104 Y133.578
G1 F3000 X128.393 Y136.229 E878.28036
G0 F9000 X133.338 Y133.338
G0 X136.228 Y124.024
G1 F3000 X133.579 Y121.374 E878.35513
G0 F9000 X133.58 Y122.125
G1 F3000 X136.228 Y121.416 E878.40984
G0 F9000 X133.579 Y116.875
G1 F3000 X136.228 Y106.989 E878.61408
G1 X136.228 Y107.053
G1 X133.579 Y104.404 E878.68884
G0 F9000 X133.58 Y103.49
G1 F3000 X136.227 Y102.781 E878.74353
G0 F9000 X133.338 Y101.662
G0 X131.507 Y101.425
G1 F3000 X132.219 Y98.767 E878.79844
G0 F9000 X130.6 Y101.425
G1 F3000 X127.943 Y98.768 E878.87343
G1 X128.023 Y98.768
G1 X118.113 Y101.423 E879.07817
G0 F9000 X119.084 Y101.423
G1 F3000 X119.796 Y98.768 E879.13302
G0 F9000 X119.458 Y98.768
G1 F3000 X122.113 Y101.423 E879.20795
G0 F9000 X125.296 Y101.424
G1 F3000 X126.008 Y98.768 E879.26283
G0 F9000 X113.584 Y98.768
G1 F3000 X112.873 Y101.423 E879.31768
G0 F9000 X113.626 Y101.421
G1 F3000 X110.973 Y98.768 E879.39255
G0 F9000 X107.373 Y98.768
G1 F3000 X106.662 Y101.421 E879.44736
G0 F9000 X105.139 Y101.42
G1 F3000 X102.489 Y98.77 E879.52215
G0 F9000 X101.084 Y99.054
G1 F3000 X98.768 Y107.699 E879.70076
G0 F9000 X98.768 Y106.606
G1 F3000 X101.42 Y105.896 E879.75554
G0 F9000 X101.421 Y106.187
G1 F3000 X98.768 Y103.534 E879.83042
G0 F9000 X99.578 Y100.178
G1 F3000 X104.838 Y98.768 E879.93909
G0 F9000 X101.662 Y101.662
G0 X101.42 Y112.107
G1 F3000 X98.769 Y112.818 E879.99386
G0 F9000 X98.768 Y112.019
G1 F3000 X101.421 Y114.672 E880.06874
G0 F9000 X101.42 Y118.319
G1 F3000 X98.769 Y119.03 E880.12351
G0 F9000 X98.768 Y120.504
G1 F3000 X101.421 Y123.157 E880.19838
G0 F9000 X101.42 Y124.531
G1 F3000 X98.768 Y125.241 E880.25317
G0 F9000 X98.768 Y128.99
G1 F3000 X101.421 Y131.643 E880.32805
G0 F9000 X101.42 Y130.742
G1 F3000 X98.768 Y131.453 E880.38284
G0 F9000 X98.768 Y130.881
G1 F3000 X101.421 Y120.98 E880.58739
G1 F2700 E875.58739
G0 F9000 X101.662 Y133.338
G0 X133.338 Y133.338
G0 X133.579 Y115.914
G1 F2700 E880.58739
G1 F3000 X136.227 Y115.204 E880.6421
G0 F9000 X136.228 Y115.538
G1 F3000 X133.579 Y112.889 E880.71686
G0 F9000 X133.58 Y109.702
G1 F3000 X136.227 Y108.993 E880.77155
G0 F9000 X136.1 Y108.992
G1 F2700 E875.77155
;MESH:NONMESH
G0 F300 X136.1 Y108.992 Z3.84
G0 F9000 X133.338 Y133.338
G0 X117.5 Y133.499
;TIME_ELAPSED:2153.643134
;LAYER:31
;TYPE:WALL-INNER
;MESH:robotface-cover.stl
G1 F2700 E880.77155
G1 F1500 X102.446 Y133.499 E881.07197
G1 X102.24 Y133.466 E881.07613
G1 X102 Y133.367 E881.08131
G1 X101.792 Y133.208 E881.08654
G1 X101.565 Y132.857 E881.09488
G1 X101.501 Y132.557 E881.101
G1 X101.5 Y102.5 E881.70082
G1 X101.569 Y102.132 E881.70829
G1 X101.706 Y101.89 E881.71384
G1 X102 Y101.633 E881.72164
G1 X102.234 Y101.535 E881.7267
G1 X102.461 Y101.5 E881.73128
G1 X132.554 Y101.501 E882.33182
G1 X132.863 Y101.567 E882.33813
G1 X133.127 Y101.72 E882.34421
G1 X133.275 Y101.866 E882.34836
G1 X133.413 Y102.091 E882.35363
G1 X133.499 Y102.443 E882.36086
G1 X133.499 Y132.656 E882.96379
G1 X133.392 Y132.954 E882.97011
G1 X133.276 Y133.133 E882.97437
G1 X132.951 Y133.393 E882.98268
G1 X132.656 Y133.499 E882.98893
G1 X117.5 Y133.499 E883.29139
G0 F9000 X117.5 Y133.1
G1 F1500 X102.467 Y133.1 E883.59139
G1 X102.253 Y133.048 E883.59578
G1 X102.075 Y132.925 E883.6001
G1 X101.951 Y132.744 E883.60448
G1 X101.9 Y132.571 E883.60808
G1 X101.9 Y102.43 E884.20957
G1 X102.002 Y102.164 E884.21526
G1 X102.137 Y102.021 E884.21918
G1 X102.413 Y101.9 E884.2252
G1 X132.595 Y101.906 E884.82751
G1 X132.827 Y101.996 E884.83248
G1 X133.048 Y102.254 E884.83926
G1 X133.1 Y102.466 E884.84361
G1 X133.094 Y132.595 E885.44487
G1 X133.005 Y132.826 E885.44981
G1 X132.853 Y132.987 E885.45423
G1 X132.533 Y133.1 E885.461
G1 X117.5 Y133.1 E885.761
G0 F9000 X117.5 Y133.41
G0 X117.5 Y136.34
G1 F1500 X132.464 Y136.34 E886.05962
G1 X132.902 Y136.316 E886.06838
G1 X133.304 Y136.252 E886.0765
G1 X133.684 Y136.151 E886.08435
G1 X134.059 Y136.007 E886.09236
G1 X134.422 Y135.825 E886.10047
G1 X134.754 Y135.606 E886.1084
G1 X135.061 Y135.36 E886.11625
G1 X135.363 Y135.055 E886.12482
G1 X135.598 Y134.766 E886.13225
G1 X135.832 Y134.404 E886.14085
G1 X136.008 Y134.057 E886.14862
G1 X136.151 Y133.684 E886.15659
G1 X136.252 Y133.304 E886.16444
G1 X136.316 Y132.902 E886.17256
G1 X136.34 Y132.461 E886.18137
G1 X136.34 Y102.517 E886.77894
G1 X136.316 Y102.095 E886.78737
G1 X136.252 Y101.693 E886.7955
G1 X136.151 Y101.316 E886.80329
G1 X136.008 Y100.937 E886.81137
G1 X135.827 Y100.584 E886.81929
G1 X135.602 Y100.234 E886.82759
G1 X135.363 Y99.942 E886.83512
G1 X135.06 Y99.636 E886.84371
G1 X134.757 Y99.392 E886.85148
G1 X134.425 Y99.177 E886.85937
G1 X134.056 Y98.991 E886.86762
G1 X133.68 Y98.845 E886.87567
G1 X133.304 Y98.744 E886.88344
G1 X132.902 Y98.68 E886.89156
G1 X132.461 Y98.656 E886.90037
G1 X102.277 Y98.66 E887.50273
G1 X101.741 Y98.727 E887.51351
G1 X101.209 Y98.874 E887.52452
G1 X100.77 Y99.064 E887.53407
G1 X100.374 Y99.292 E887.54319
G1 X100.037 Y99.547 E887.55162
G1 X99.707 Y99.854 E887.56062
G1 X99.445 Y100.16 E887.56865
G1 X99.209 Y100.509 E887.57706
G1 X99.011 Y100.888 E887.5856
G1 X98.861 Y101.27 E887.59378
G1 X98.746 Y101.67 E887.60209
G1 X98.681 Y102.079 E887.61036
G1 X98.656 Y102.535 E887.61947
G1 X98.656 Y132.479 E888.21703
G1 X98.68 Y132.901 E888.22547
G1 X98.744 Y133.304 E888.23361
G1 X98.845 Y133.684 E888.24146
G1 X98.987 Y134.057 E888.24942
G1 X99.164 Y134.404 E888.2572
G1 X99.398 Y134.767 E888.26582
G1 X99.632 Y135.052 E888.27317
G1 X99.938 Y135.358 E888.28181
G1 X100.247 Y135.608 E888.28974
G1 X100.576 Y135.825 E888.29761
G1 X100.936 Y136.007 E888.30566
G1 X101.316 Y136.151 E888.31377
G1 X101.693 Y136.253 E888.32156
G1 X102.094 Y136.316 E888.32966
G1 X102.535 Y136.34 E888.33848
G1 X117.5 Y136.34 E888.63712
G0 F9000 X117.5 Y136.74
G1 F1500 X132.475 Y136.74 E888.93596
G1 X132.944 Y136.714 E888.94533
G1 X133.387 Y136.644 E888.95428
G1 X133.807 Y136.532 E888.96296
G1 X134.221 Y136.374 E888.9718
G1 X134.623 Y136.171 E888.98079
G1 X134.99 Y135.93 E888.98955
G1 X135.329 Y135.657 E888.99824
G1 X135.661 Y135.322 E889.00765
G1 X135.922 Y135.002 E889.01589
G1 X136.179 Y134.604 E889.02534
G1 X136.374 Y134.22 E889.03394
G1 X136.532 Y133.807 E889.04276
G1 X136.644 Y133.387 E889.05144
G1 X136.714 Y132.944 E889.06039
G1 X136.74 Y132.471 E889.06984
G1 X136.74 Y102.505 E889.66785
G1 X136.714 Y102.053 E889.67688
G1 X136.644 Y101.61 E889.68583
G1 X136.532 Y101.193 E889.69445
G1 X136.374 Y100.775 E889.70336
G1 X136.175 Y100.384 E889.71212
G1 X135.926 Y99.998 E889.72129
G1 X135.661 Y99.674 E889.72964
G1 X135.329 Y99.339 E889.73905
G1 X134.991 Y99.067 E889.74771
G1 X134.624 Y98.83 E889.75643
G1 X134.219 Y98.625 E889.76549
G1 X133.805 Y98.464 E889.77435
G1 X133.387 Y98.352 E889.78299
G1 X132.944 Y98.282 E889.79194
G1 X132.471 Y98.256 E889.80139
G1 X102.252 Y98.26 E890.40444
G1 X101.663 Y98.334 E890.41629
G1 X101.076 Y98.496 E890.42844
G1 X100.59 Y98.706 E890.43901
G1 X100.153 Y98.958 E890.44907
G1 X99.779 Y99.241 E890.45843
G1 X99.418 Y99.577 E890.46828
G1 X99.126 Y99.917 E890.47722
G1 X98.865 Y100.304 E890.48654
G1 X98.647 Y100.722 E890.49594
G1 X98.482 Y101.142 E890.50495
G1 X98.355 Y101.583 E890.51411
G1 X98.282 Y102.036 E890.52326
G1 X98.256 Y102.524 E890.53302
G1 X98.256 Y132.491 E891.13104
G1 X98.282 Y132.944 E891.14009
G1 X98.352 Y133.387 E891.14904
G1 X98.464 Y133.807 E891.15772
G1 X98.621 Y134.22 E891.16654
G1 X98.817 Y134.604 E891.17514
G1 X99.074 Y135.002 E891.18459
G1 X99.334 Y135.321 E891.19281
G1 X99.67 Y135.656 E891.20228
G1 X100.011 Y135.931 E891.21102
G1 X100.374 Y136.172 E891.21971
G1 X100.774 Y136.373 E891.22865
G1 X101.193 Y136.532 E891.23759
G1 X101.61 Y136.644 E891.24621
G1 X102.052 Y136.714 E891.25514
G1 X102.525 Y136.74 E891.26459
G1 X117.5 Y136.74 E891.56343
G0 F9000 X117.5 Y137.14
;TYPE:WALL-OUTER
G1 F1500 X132.486 Y137.14 E891.8625
G1 X132.986 Y137.112 E891.87249
G1 X133.47 Y137.036 E891.88227
G1 X133.93 Y136.913 E891.89177
G1 X134.383 Y136.74 E891.90145
G1 X134.823 Y136.518 E891.91128
G1 X135.226 Y136.254 E891.92089
G1 X135.597 Y135.955 E891.9304
G1 X135.959 Y135.59 E891.94066
G1 X136.246 Y135.238 E891.94973
G1 X136.526 Y134.804 E891.96003
G1 X136.74 Y134.382 E891.96947
G1 X136.913 Y133.93 E891.97913
G1 X137.036 Y133.47 E891.98864
G1 X137.112 Y132.986 E891.99841
G1 X137.14 Y132.482 E892.00849
G1 X137.14 Y102.494 E892.60693
G1 X137.112 Y102.01 E892.6166
G1 X137.036 Y101.526 E892.62638
G1 X136.913 Y101.07 E892.63581
G1 X136.74 Y100.613 E892.64556
G1 X136.522 Y100.184 E892.65516
G1 X136.25 Y99.762 E892.66518
G1 X135.959 Y99.406 E892.67436
G1 X135.597 Y99.041 E892.68461
G1 X135.226 Y98.743 E892.69411
G1 X134.824 Y98.482 E892.70368
G1 X134.382 Y98.259 E892.71356
G1 X133.929 Y98.083 E892.72325
G1 X133.47 Y97.96 E892.73274
G1 X132.986 Y97.884 E892.74251
G1 X132.482 Y97.856 E892.75259
G1 X102.324 Y97.86 E893.35442
G1 X102.069 Y97.88 E893.35953
G1 X101.584 Y97.941 E893.36928
G1 X100.943 Y98.118 E893.38255
G1 X100.41 Y98.348 E893.39414
G1 X99.931 Y98.624 E893.40517
G1 X99.521 Y98.934 E893.41543
G1 X99.129 Y99.299 E893.42612
G1 X98.808 Y99.674 E893.43597
G1 X98.521 Y100.099 E893.4462
G1 X98.283 Y100.556 E893.45648
G1 X98.102 Y101.013 E893.46629
G1 X97.964 Y101.496 E893.47632
G1 X97.884 Y101.994 E893.48638
G1 X97.856 Y102.514 E893.49678
G1 X97.856 Y132.502 E894.09522
G1 X97.884 Y132.986 E894.10489
G1 X97.96 Y133.47 E894.11467
G1 X98.083 Y133.93 E894.12417
G1 X98.255 Y134.382 E894.13382
G1 X98.47 Y134.804 E894.14327
G1 X98.75 Y135.238 E894.15358
G1 X99.037 Y135.589 E894.16263
G1 X99.402 Y135.954 E894.17293
G1 X99.775 Y136.254 E894.18248
G1 X100.173 Y136.518 E894.19201
G1 X100.613 Y136.74 E894.20185
G1 X101.07 Y136.913 E894.2116
G1 X101.526 Y137.036 E894.22103
G1 X102.01 Y137.112 E894.2308
G1 X102.514 Y137.14 E894.24088
G1 X117.5 Y137.14 E894.53994
G1 F2700 E889.53994
G0 F9000 X117.5 Y136.432
G0 X117.5 Y133.41
G0 X117.5 Y132.699
G1 F2700 E894.53994
G1 F1500 X102.468 Y132.698 E894.83992
G1 X102.338 Y132.619 E894.84295
G1 X102.3 Y132.512 E894.84522
G1 X102.3 Y102.446 E895.44522
G1 X102.354 Y102.362 E895.44721
G1 X102.46 Y102.303 E895.44963
G1 X132.521 Y102.3 E896.04953
G1 X132.618 Y102.338 E896.05161
G1 X132.7 Y102.439 E896.05421
G1 X132.698 Y132.532 E896.65475
G1 X132.634 Y132.65 E896.65743
G1 X132.546 Y132.7 E896.65945
G1 X117.5 Y132.699 E896.9597
G0 F9000 X117.5 Y133.41
G0 X116.592 Y133.579
;TYPE:FILL
G1 F3000 X115.874 Y136.26 E897.01509
G0 F9000 X114.644 Y136.26
G1 F3000 X111.963 Y133.579 E897.09076
G0 F9000 X110.381 Y133.578
G1 F3000 X109.662 Y136.261 E897.14619
G0 F9000 X106.159 Y136.26
G1 F3000 X103.477 Y133.579 E897.22186
G0 F9000 X104.169 Y133.578
G1 F3000 X103.45 Y136.26 E897.27728
G0 F9000 X104.338 Y136.26
G1 F3000 X114.345 Y133.579 E897.48402
G0 F9000 X120.448 Y133.579
G1 F3000 X123.129 Y136.26 E897.55968
G0 F9000 X122.085 Y136.26
G1 F3000 X122.804 Y133.579 E897.61508
G0 F9000 X127.52 Y136.26
G1 F3000 X135.943 Y134.003 E897.7891
G0 F9000 X136.259 Y132.42
G1 F3000 X133.579 Y129.739 E897.86475
G0 F9000 X133.579 Y128.425
G1 F3000 X136.259 Y127.707 E897.92011
G0 F9000 X136.26 Y129.723
G1 F3000 X134.7 Y135.547 E898.04044
G0 F9000 X131.614 Y136.26
G1 F3000 X128.933 Y133.579 E898.1161
G1 X129.015 Y133.579
G1 X128.297 Y136.26 E898.17149
G0 F9000 X133.338 Y133.338
G0 X136.259 Y123.935
G1 F3000 X133.579 Y121.254 E898.24714
G0 F9000 X133.58 Y122.213
G1 F3000 X136.259 Y121.495 E898.30249
G0 F9000 X133.579 Y116.547
G1 F3000 X136.26 Y106.541 E898.50921
G0 F9000 X136.259 Y106.964
G1 F3000 X133.579 Y104.283 E898.58486
G0 F9000 X133.58 Y103.578
G1 F3000 X136.259 Y102.86 E898.64021
G0 F9000 X133.338 Y101.662
G0 X131.42 Y101.422
G1 F3000 X132.14 Y98.736 E898.6957
G0 F9000 X130.716 Y101.42
G1 F3000 X128.032 Y98.737 E898.77144
G0 F9000 X128.469 Y98.736
G1 F3000 X118.451 Y101.421 E898.97841
G0 F9000 X118.997 Y101.422
G1 F3000 X119.716 Y98.737 E899.03388
G1 X119.548 Y98.738
G1 X122.23 Y101.42 E899.10958
G0 F9000 X125.209 Y101.421
G1 F3000 X125.928 Y98.736 E899.16504
G0 F9000 X113.504 Y98.738
G1 F3000 X112.785 Y101.421 E899.22048
G0 F9000 X113.744 Y101.42
G1 F3000 X111.065 Y98.74 E899.2961
G0 F9000 X107.292 Y98.74
G1 F3000 X106.574 Y101.42 E899.35147
G0 F9000 X105.259 Y101.42
G1 F3000 X102.58 Y98.74 E899.42709
G0 F9000 X100.997 Y99.053
G1 F3000 X98.736 Y107.489 E899.60138
G0 F9000 X98.736 Y106.703
G1 F3000 X101.42 Y105.984 E899.65683
G1 X101.421 Y106.067
G1 X98.736 Y103.382 E899.73261
G0 F9000 X99.446 Y100.301
G1 F3000 X105.273 Y98.74 E899.85299
G0 F9000 X101.662 Y101.662
G0 X101.421 Y112.195
G1 F3000 X98.737 Y112.915 E899.90845
G0 F9000 X98.736 Y111.867
G1 F3000 X101.421 Y114.552 E899.98422
G0 F9000 X101.421 Y118.407
G1 F3000 X98.737 Y119.126 E900.03967
G0 F9000 X98.736 Y120.352
G1 F3000 X101.421 Y123.037 E900.11545
G0 F9000 X101.421 Y124.619
G1 F3000 X98.736 Y125.338 E900.17092
G0 F9000 X98.736 Y128.838
G1 F3000 X101.421 Y131.523 E900.2467
G0 F9000 X101.42 Y130.83
G1 F3000 X98.737 Y131.549 E900.30213
G0 F9000 X98.736 Y130.672
G1 F3000 X101.421 Y120.653 E900.50912
G1 F2700 E895.50912
G0 F9000 X101.662 Y133.338
G0 X133.338 Y133.338
G0 X133.58 Y116.002
G1 F2700 E900.50912
G1 F3000 X136.26 Y115.284 E900.56449
G1 X136.259 Y115.449
G1 X133.579 Y112.769 E900.64013
G0 F9000 X133.579 Y109.79
G1 F3000 X136.259 Y109.072 E900.69549
G0 F9000 X136.132 Y109.071
G1 F2700 E895.69549
;MESH:NONMESH
G0 F300 X136.132 Y109.071 Z3.96
G0 F9000 X133.338 Y133.338
G0 X117.5 Y133.499
;TIME_ELAPSED:2201.529435
;LAYER:32
;TYPE:WALL-INNER
;MESH:robotface-cover.stl
G1 F2700 E900.69549
G1 F1500 X102.438 Y133.498 E900.99607
G1 X102.091 Y133.413 E901.0032
G1 X101.872 Y133.279 E901.00833
G1 X101.693 Y133.093 E901.01348
G1 X101.533 Y132.756 E901.02092
G1 X101.501 Y132.556 E901.02496
G1 X101.5 Y102.343 E901.6279
G1 X101.642 Y101.984 E901.6356
G1 X101.941 Y101.67 E901.64425
G1 X102.213 Y101.541 E901.65026
G1 X102.382 Y101.506 E901.65371
G1 X132.554 Y101.501 E902.25582
G1 X132.756 Y101.532 E902.2599
G1 X133.001 Y101.633 E902.26519
G1 X133.278 Y101.87 E902.27246
G1 X133.392 Y102.046 E902.27665
G1 X133.499 Y102.444 E902.28487
G1 X133.5 Y132.561 E902.88589
G1 X133.392 Y132.954 E902.89402
G1 X133.282 Y133.125 E902.89808
G1 X133.05 Y133.336 E902.90434
G1 X132.757 Y133.468 E902.91075
G1 X132.554 Y133.499 E902.91485
G1 X117.5 Y133.499 E903.21527
G0 F9000 X117.5 Y133.099
G1 F1500 X102.463 Y133.099 E903.51535
G1 X102.231 Y133.037 E903.52014
G1 X102.016 Y132.856 E903.52575
G1 X101.9 Y132.534 E903.53258
G1 X101.9 Y102.468 E904.13258
G1 X101.985 Y102.19 E904.13838
G1 X102.086 Y102.064 E904.1416
G1 X102.289 Y101.937 E904.14638
G1 X102.455 Y101.901 E904.14977
G1 X132.533 Y101.9 E904.75001
G1 X132.715 Y101.939 E904.75372
G1 X132.949 Y102.1 E904.75939
G1 X133.049 Y102.255 E904.76307
G1 X133.1 Y102.466 E904.76741
G1 X133.1 Y132.537 E905.36751
G1 X133.036 Y132.773 E905.37239
G1 X132.801 Y133.02 E905.37919
G1 X132.533 Y133.1 E905.38477
G1 X117.5 Y133.099 E905.68477
G0 F9000 X117.5 Y133.41
G0 X117.5 Y136.374
G1 F1500 X132.461 Y136.372 E905.98333
G1 X132.906 Y136.348 E905.99223
G1 X133.309 Y136.284 E906.00037
G1 X133.692 Y136.183 E906.00827
G1 X134.074 Y136.036 E906.01644
G1 X134.438 Y135.853 E906.02457
G1 X134.77 Y135.634 E906.03251
G1 X135.085 Y135.381 E906.04057
G1 X135.387 Y135.082 E906.04905
G1 X135.623 Y134.786 E906.05661
G1 X135.86 Y134.42 E906.06531
G1 X136.037 Y134.073 E906.07308
G1 X136.182 Y133.692 E906.08122
G1 X136.284 Y133.309 E906.08913
G1 X136.348 Y132.902 E906.09735
G1 X136.376 Y132.457 E906.10625
G1 X136.372 Y102.516 E906.70375
G1 X136.348 Y102.087 E906.71233
G1 X136.284 Y101.688 E906.72039
G1 X136.183 Y101.304 E906.72832
G1 X136.037 Y100.923 E906.73646
G1 X135.856 Y100.568 E906.74441
G1 X135.625 Y100.212 E906.75288
G1 X135.387 Y99.918 E906.76043
G1 X135.082 Y99.614 E906.76902
G1 X134.772 Y99.364 E906.77697
G1 X134.438 Y99.147 E906.78492
G1 X134.071 Y98.959 E906.79315
G1 X133.692 Y98.813 E906.80125
G1 X133.309 Y98.712 E906.80916
G1 X132.906 Y98.648 E906.8173
G1 X132.461 Y98.624 E906.82619
G1 X102.453 Y98.624 E907.42503
G1 X102.046 Y98.654 E907.43318
G1 X101.637 Y98.721 E907.44145
G1 X101.146 Y98.868 E907.45168
G1 X100.714 Y99.061 E907.46112
G1 X100.339 Y99.285 E907.46984
G1 X99.988 Y99.549 E907.4786
G1 X99.683 Y99.838 E907.48699
G1 X99.409 Y100.167 E907.49553
G1 X99.177 Y100.509 E907.50378
G1 X98.979 Y100.89 E907.51235
G1 X98.828 Y101.267 E907.52045
G1 X98.714 Y101.67 E907.52881
G1 X98.649 Y102.075 E907.53699
G1 X98.624 Y102.534 E907.54617
G1 X98.624 Y132.48 E908.14377
G1 X98.648 Y132.905 E908.15227
G1 X98.713 Y133.309 E908.16043
G1 X98.814 Y133.692 E908.16834
G1 X98.959 Y134.073 E908.17647
G1 X99.135 Y134.417 E908.18418
G1 X99.376 Y134.784 E908.19295
G1 X99.615 Y135.083 E908.20058
G1 X99.914 Y135.383 E908.20904
G1 X100.226 Y135.634 E908.21703
G1 X100.556 Y135.851 E908.22491
G1 X100.925 Y136.036 E908.23315
G1 X101.306 Y136.183 E908.2413
G1 X101.687 Y136.284 E908.24916
G1 X102.097 Y136.349 E908.25745
G1 X102.539 Y136.376 E908.26628
G1 X117.5 Y136.374 E908.56485
G0 F9000 X117.5 Y136.774
G1 F1500 X132.471 Y136.772 E908.86361
G1 X132.948 Y136.746 E908.87314
G1 X133.392 Y136.676 E908.88211
G1 X133.815 Y136.564 E908.89084
G1 X134.236 Y136.402 E908.89985
G1 X134.639 Y136.199 E908.90885
G1 X135.006 Y135.958 E908.91761
G1 X135.351 Y135.68 E908.92646
G1 X135.685 Y135.35 E908.93583
G1 X135.948 Y135.02 E908.94425
G1 X136.207 Y134.62 E908.95376
G1 X136.403 Y134.235 E908.96238
G1 X136.564 Y133.815 E908.97135
G1 X136.676 Y133.392 E908.98009
G1 X136.746 Y132.946 E908.9891
G1 X136.776 Y132.469 E908.99863
G1 X136.772 Y102.505 E909.5966
G1 X136.746 Y102.045 E909.60579
G1 X136.676 Y101.605 E909.61468
G1 X136.564 Y101.181 E909.62343
G1 X136.403 Y100.761 E909.63241
G1 X136.203 Y100.368 E909.64121
G1 X135.949 Y99.977 E909.65052
G1 X135.685 Y99.65 E909.6589
G1 X135.35 Y99.316 E909.66834
G1 X135.007 Y99.039 E909.67714
G1 X134.639 Y98.801 E909.68589
G1 X134.234 Y98.593 E909.69497
G1 X133.815 Y98.432 E909.70393
G1 X133.391 Y98.32 E909.71268
G1 X132.948 Y98.25 E909.72163
G1 X132.472 Y98.224 E909.73115
G1 X102.439 Y98.224 E910.33049
G1 X101.999 Y98.257 E910.33929
G1 X101.547 Y98.33 E910.34843
G1 X101.006 Y98.492 E910.3597
G1 X100.529 Y98.706 E910.37013
G1 X100.115 Y98.952 E910.37974
G1 X99.729 Y99.243 E910.38939
G1 X99.391 Y99.564 E910.39869
G1 X99.089 Y99.926 E910.4081
G1 X98.833 Y100.304 E910.41721
G1 X98.615 Y100.723 E910.42664
G1 X98.449 Y101.138 E910.43556
G1 X98.323 Y101.583 E910.44478
G1 X98.25 Y102.033 E910.45388
G1 X98.224 Y102.524 E910.46369
G1 X98.224 Y132.491 E911.06172
G1 X98.25 Y132.948 E911.07085
G1 X98.321 Y133.391 E911.07981
G1 X98.432 Y133.815 E911.08855
G1 X98.593 Y134.236 E911.09755
G1 X98.788 Y134.618 E911.10611
G1 X99.051 Y135.019 E911.11568
G1 X99.316 Y135.351 E911.12415
G1 X99.646 Y135.681 E911.13347
G1 X99.99 Y135.958 E911.14228
G1 X100.356 Y136.199 E911.15103
G1 X100.763 Y136.402 E911.1601
G1 X101.182 Y136.564 E911.16907
G1 X101.604 Y136.676 E911.17778
G1 X102.054 Y136.747 E911.18687
G1 X102.527 Y136.776 E911.19633
G1 X117.5 Y136.774 E911.49513
G0 F9000 X117.5 Y137.174
;TYPE:WALL-OUTER
G1 F1500 X132.482 Y137.172 E911.79411
G1 X132.99 Y137.144 E911.80427
G1 X133.474 Y137.068 E911.81404
G1 X133.938 Y136.945 E911.82362
G1 X134.398 Y136.768 E911.83346
G1 X134.839 Y136.546 E911.84331
G1 X135.242 Y136.282 E911.85293
G1 X135.618 Y135.978 E911.86258
G1 X135.983 Y135.618 E911.87281
G1 X136.273 Y135.254 E911.88209
G1 X136.554 Y134.82 E911.89241
G1 X136.769 Y134.398 E911.90186
G1 X136.945 Y133.938 E911.91169
G1 X137.068 Y133.474 E911.92127
G1 X137.144 Y132.99 E911.93105
G1 X137.176 Y132.481 E911.94123
G1 X137.172 Y102.494 E912.53965
G1 X137.144 Y102.002 E912.54948
G1 X137.068 Y101.522 E912.55918
G1 X136.945 Y101.058 E912.56876
G1 X136.769 Y100.598 E912.57859
G1 X136.55 Y100.168 E912.58822
G1 X136.273 Y99.742 E912.59836
G1 X135.983 Y99.382 E912.60759
G1 X135.618 Y99.018 E912.61787
G1 X135.242 Y98.715 E912.62751
G1 X134.839 Y98.454 E912.63709
G1 X134.398 Y98.227 E912.64699
G1 X133.938 Y98.051 E912.65682
G1 X133.474 Y97.928 E912.6664
G1 X132.99 Y97.852 E912.67617
G1 X132.482 Y97.824 E912.68633
G1 X102.424 Y97.824 E913.28617
G1 X101.952 Y97.859 E913.29561
G1 X101.457 Y97.94 E913.30562
G1 X100.866 Y98.116 E913.31793
G1 X100.345 Y98.35 E913.32933
G1 X99.892 Y98.619 E913.33984
G1 X99.47 Y98.937 E913.35038
G1 X99.099 Y99.29 E913.3606
G1 X98.769 Y99.685 E913.37087
G1 X98.489 Y100.099 E913.38085
G1 X98.251 Y100.556 E913.39113
G1 X98.07 Y101.009 E913.40087
G1 X97.932 Y101.496 E913.41097
G1 X97.852 Y101.99 E913.42095
G1 X97.824 Y102.514 E913.43143
G1 X97.824 Y132.502 E914.02987
G1 X97.852 Y132.99 E914.03962
G1 X97.929 Y133.474 E914.0494
G1 X98.051 Y133.938 E914.05898
G1 X98.227 Y134.398 E914.06881
G1 X98.442 Y134.819 E914.07824
G1 X98.727 Y135.254 E914.08862
G1 X99.018 Y135.618 E914.09792
G1 X99.378 Y135.979 E914.10809
G1 X99.754 Y136.282 E914.11773
G1 X100.156 Y136.546 E914.12733
G1 X100.601 Y136.768 E914.13725
G1 X101.058 Y136.945 E914.14703
G1 X101.522 Y137.068 E914.15661
G1 X102.01 Y137.145 E914.16647
G1 X102.515 Y137.176 E914.17657
G1 X117.5 Y137.174 E914.47561
G1 F2700 E909.47561
G0 F9000 X117.5 Y136.465
G0 X117.5 Y133.41
G0 X117.5 Y132.699
G1 F2700 E914.47561
G1 F1500 X102.468 Y132.698 E914.77559
G1 X102.3 Y132.562 E914.7799
G1 X102.302 Y102.414 E915.38154
G1 X102.467 Y102.302 E915.38552
G1 X132.532 Y102.302 E915.9855
G1 X132.662 Y102.381 E915.98853
G1 X132.7 Y102.488 E915.9908
G1 X132.7 Y132.546 E916.59064
G1 X132.65 Y132.634 E916.59266
G1 X132.548 Y132.7 E916.59508
G1 X117.5 Y132.699 E916.89538
G0 F9000 X117.5 Y133.41
G0 X116.504 Y133.578
;TYPE:FILL
G1 F3000 X115.776 Y136.294 E916.9515
G0 F9000 X114.797 Y136.293
G1 F3000 X112.083 Y133.579 E917.02809
G0 F9000 X110.293 Y133.577
G1 F3000 X109.564 Y136.296 E917.08427
G0 F9000 X106.314 Y136.295
G1 F3000 X103.598 Y133.579 E917.16092
G0 F9000 X104.081 Y133.578
G1 F3000 X103.353 Y136.296 E917.21707
G0 F9000 X104.535 Y136.296
G1 F3000 X114.676 Y133.578 E917.42659
G0 F9000 X120.568 Y133.579
G1 F3000 X123.282 Y136.293 E917.50318
G0 F9000 X121.988 Y136.294
G1 F3000 X122.716 Y133.578 E917.5593
G0 F9000 X127.726 Y136.293
G1 F3000 X135.937 Y134.093 E917.72894
G0 F9000 X136.296 Y132.336
G1 F3000 X133.579 Y129.619 E917.80562
G0 F9000 X133.58 Y128.513
G1 F3000 X136.295 Y127.785 E917.86171
G0 F9000 X136.296 Y129.262
G1 F3000 X134.58 Y135.665 E917.994
G0 F9000 X131.767 Y136.292
G1 F3000 X129.053 Y133.579 E918.07058
G1 X128.928 Y133.577
G1 X128.2 Y136.293 E918.12669
G0 F9000 X133.338 Y133.338
G0 X136.296 Y123.85
G1 F3000 X133.579 Y121.134 E918.20336
G0 F9000 X133.58 Y122.301
G1 F3000 X136.294 Y121.574 E918.25943
G0 F9000 X133.579 Y116.217
G1 F3000 X136.293 Y106.091 E918.46864
G0 F9000 X136.293 Y106.877
G1 F3000 X133.579 Y104.163 E918.54523
G0 F9000 X133.579 Y103.666
G1 F3000 X136.292 Y102.94 E918.60128
G0 F9000 X133.338 Y101.662
G0 X131.332 Y101.422
G1 F3000 X132.06 Y98.704 E918.65743
G0 F9000 X130.837 Y101.421
G1 F3000 X128.12 Y98.704 E918.73411
G0 F9000 X128.916 Y98.704
G1 F3000 X118.773 Y101.422 E918.94367
G1 X118.909 Y101.423
G1 X119.637 Y98.704 E918.99984
G1 X119.635 Y98.704
G1 X122.352 Y101.422 E919.07653
G0 F9000 X125.12 Y101.422
G1 F3000 X125.849 Y98.703 E919.13271
G0 F9000 X113.867 Y101.422
G1 F3000 X111.149 Y98.704 E919.20942
G0 F9000 X113.425 Y98.704
G1 F3000 X112.697 Y101.423 E919.26559
G0 F9000 X107.214 Y98.703
G1 F3000 X106.485 Y101.423 E919.32179
G0 F9000 X105.382 Y101.422
G1 F3000 X102.664 Y98.704 E919.39849
G0 F9000 X100.906 Y99.062
G1 F3000 X98.704 Y107.281 E919.5683
G0 F9000 X98.704 Y106.8
G1 F3000 X101.42 Y106.072 E919.62441
G1 X101.421 Y105.947
G1 X98.704 Y103.23 E919.70109
G0 F9000 X99.336 Y100.419
G1 F3000 X105.733 Y98.704 E919.83326
G0 F9000 X101.662 Y101.662
G0 X101.42 Y112.284
G1 F3000 X98.705 Y113.011 E919.88935
G0 F9000 X98.704 Y111.715
G1 F3000 X101.421 Y114.432 E919.96603
G0 F9000 X101.421 Y118.495
G1 F3000 X98.704 Y119.223 E920.02216
G0 F9000 X98.704 Y120.2
G1 F3000 X101.421 Y122.917 E920.09884
G0 F9000 X101.42 Y124.707
G1 F3000 X98.704 Y125.435 E920.15495
G0 F9000 X98.704 Y128.686
G1 F3000 X101.421 Y131.402 E920.23162
G0 F9000 X101.421 Y130.918
G1 F3000 X98.704 Y131.646 E920.28775
G0 F9000 X98.704 Y130.463
G1 F3000 X101.421 Y120.325 E920.49721
G1 F2700 E915.49721
G0 F9000 X101.662 Y133.338
G0 X133.338 Y133.338
G0 X133.58 Y116.09
G1 F2700 E920.49721
G1 F3000 X136.293 Y115.363 E920.55326
G1 X136.294 Y115.364
G1 X133.579 Y112.648 E920.6299
G0 F9000 X133.58 Y109.878
G1 F3000 X136.292 Y109.151 E920.68593
G0 F9000 X136.165 Y109.15
G1 F2700 E915.68593
;MESH:NONMESH
G0 F300 X136.165 Y109.15 Z4.08
G0 F9000 X133.338 Y133.338
G0 X117.5 Y133.499
;TIME_ELAPSED:2249.546172
;LAYER:33
;TYPE:WALL-INNER
;MESH:robotface-cover.stl
G1 F2700 E920.68593
G1 F1500 X102.382 Y133.499 E920.98762
G1 X101.999 Y133.367 E920.99571
G1 X101.829 Y133.243 E920.99991
G1 X101.633 Y133.001 E921.00612
G1 X101.501 Y132.657 E921.01347
G1 X101.501 Y102.441 E921.61647
G1 X101.548 Y102.19 E921.62156
G1 X101.638 Y101.992 E921.6259
G1 X101.807 Y101.778 E921.63134
G1 X102.135 Y101.568 E921.63912
G1 X102.401 Y101.504 E921.64458
G1 X132.602 Y101.505 E922.24727
G1 X132.865 Y101.567 E922.25266
G1 X133.208 Y101.792 E922.26085
G1 X133.365 Y101.997 E922.266
G1 X133.452 Y102.193 E922.27028
G1 X133.499 Y102.445 E922.2754
G1 X133.499 Y132.554 E922.87625
G1 X133.466 Y132.763 E922.88048
G1 X133.279 Y133.129 E922.88868
G1 X132.954 Y133.392 E922.89702
G1 X132.653 Y133.499 E922.9034
G1 X117.5 Y133.499 E923.20579
G0 F9000 X117.5 Y133.1
G1 F1500 X102.468 Y133.1 E923.50577
G1 X102.255 Y133.049 E923.51014
G1 X102.097 Y132.946 E923.51391
G1 X101.98 Y132.801 E923.51762
G1 X101.9 Y132.534 E923.52319
G1 X101.9 Y102.464 E924.12327
G1 X101.968 Y102.22 E924.12832
G1 X102.19 Y101.985 E924.13477
G1 X102.44 Y101.902 E924.14003
G1 X132.613 Y101.901 E924.74216
G1 X132.925 Y102.075 E924.74929
G1 X133.061 Y102.285 E924.75429
G1 X133.1 Y102.467 E924.758
G1 X133.1 Y132.532 E925.35798
G1 X133.02 Y132.801 E925.36358
G1 X132.878 Y132.967 E925.36794
G1 X132.715 Y133.061 E925.3717
G1 X132.532 Y133.1 E925.37543
G1 X117.5 Y133.1 E925.67541
G0 F9000 X117.5 Y133.41
G0 X117.5 Y136.4
G1 F1500 X132.461 Y136.4 E925.97397
G1 X132.911 Y136.376 E925.98296
G1 X133.314 Y136.312 E925.99111
G1 X133.696 Y136.208 E925.99901
G1 X134.081 Y136.061 E926.00723
G1 X134.451 Y135.873 E926.01551
G1 X134.787 Y135.654 E926.02352
G1 X135.102 Y135.399 E926.03161
G1 X135.399 Y135.102 E926.03999
G1 X135.654 Y134.787 E926.04808
G1 X135.872 Y134.45 E926.05609
G1 X136.061 Y134.081 E926.06436
G1 X136.208 Y133.696 E926.07258
G1 X136.312 Y133.314 E926.08048
G1 X136.376 Y132.907 E926.08871
G1 X136.4 Y132.461 E926.09762
G1 X136.4 Y102.516 E926.6952
G1 X136.376 Y102.082 E926.70388
G1 X136.313 Y101.683 E926.71194
G1 X136.208 Y101.3 E926.71986
G1 X136.061 Y100.915 E926.72809
G1 X135.872 Y100.545 E926.73638
G1 X135.653 Y100.209 E926.74438
G1 X135.399 Y99.894 E926.75246
G1 X135.102 Y99.597 E926.76084
G1 X134.787 Y99.343 E926.76892
G1 X134.454 Y99.126 E926.77685
G1 X134.081 Y98.939 E926.78517
G1 X133.696 Y98.789 E926.79342
G1 X133.318 Y98.688 E926.80123
G1 X132.904 Y98.624 E926.80959
G1 X132.457 Y98.596 E926.81853
G1 X102.338 Y98.6 E927.41958
G1 X101.986 Y98.636 E927.42664
G1 X101.551 Y98.717 E927.43547
G1 X101.084 Y98.864 E927.44525
G1 X100.668 Y99.055 E927.45438
G1 X100.296 Y99.278 E927.46304
G1 X99.964 Y99.537 E927.47144
G1 X99.653 Y99.836 E927.48005
G1 X99.376 Y100.166 E927.48865
G1 X99.144 Y100.511 E927.49694
G1 X98.951 Y100.878 E927.50522
G1 X98.791 Y101.284 E927.51393
G1 X98.688 Y101.661 E927.52173
G1 X98.624 Y102.075 E927.53009
G1 X98.596 Y102.538 E927.53934
G1 X98.6 Y132.48 E928.13687
G1 X98.624 Y132.91 E928.14546
G1 X98.688 Y133.317 E928.15368
G1 X98.79 Y133.7 E928.16159
G1 X98.936 Y134.081 E928.16974
G1 X99.124 Y134.45 E928.178
G1 X99.343 Y134.787 E928.18602
G1 X99.597 Y135.102 E928.1941
G1 X99.892 Y135.397 E928.20242
G1 X100.213 Y135.654 E928.21063
G1 X100.547 Y135.873 E928.2186
G1 X100.915 Y136.06 E928.22683
G1 X101.3 Y136.208 E928.23507
G1 X101.682 Y136.312 E928.24297
G1 X102.089 Y136.376 E928.25119
G1 X102.535 Y136.4 E928.2601
G1 X117.5 Y136.4 E928.55874
G0 F9000 X117.5 Y136.8
G1 F1500 X132.472 Y136.8 E928.85753
G1 X132.953 Y136.774 E928.86714
G1 X133.398 Y136.704 E928.87613
G1 X133.821 Y136.589 E928.88488
G1 X134.244 Y136.427 E928.89392
G1 X134.651 Y136.219 E928.90304
G1 X135.022 Y135.978 E928.91187
G1 X135.37 Y135.697 E928.92079
G1 X135.697 Y135.37 E928.93002
G1 X135.978 Y135.022 E928.93895
G1 X136.219 Y134.651 E928.94778
G1 X136.427 Y134.244 E928.9569
G1 X136.589 Y133.821 E928.96594
G1 X136.704 Y133.398 E928.97468
G1 X136.774 Y132.949 E928.98375
G1 X136.8 Y132.472 E928.99329
G1 X136.8 Y102.505 E929.59131
G1 X136.774 Y102.04 E929.6006
G1 X136.704 Y101.599 E929.60952
G1 X136.589 Y101.175 E929.61828
G1 X136.427 Y100.753 E929.6273
G1 X136.219 Y100.345 E929.63644
G1 X135.977 Y99.974 E929.64528
G1 X135.697 Y99.626 E929.6542
G1 X135.37 Y99.299 E929.66342
G1 X135.022 Y99.019 E929.67234
G1 X134.653 Y98.778 E929.68113
G1 X134.243 Y98.573 E929.69028
G1 X133.821 Y98.408 E929.69932
G1 X133.4 Y98.296 E929.70802
G1 X132.947 Y98.226 E929.71716
G1 X132.469 Y98.196 E929.72672
G1 X102.318 Y98.2 E930.32842
G1 X101.929 Y98.239 E930.33622
G1 X101.454 Y98.328 E930.34586
G1 X100.94 Y98.49 E930.35662
G1 X100.481 Y98.7 E930.36669
G1 X100.069 Y98.948 E930.37629
G1 X99.702 Y99.235 E930.38559
G1 X99.36 Y99.563 E930.39504
G1 X99.056 Y99.926 E930.40449
G1 X98.8 Y100.305 E930.41362
G1 X98.587 Y100.711 E930.42277
G1 X98.411 Y101.158 E930.43235
G1 X98.296 Y101.578 E930.44104
G1 X98.226 Y102.032 E930.45021
G1 X98.196 Y102.526 E930.46009
G1 X98.2 Y132.491 E931.05807
G1 X98.226 Y132.952 E931.06729
G1 X98.296 Y133.4 E931.07633
G1 X98.408 Y133.823 E931.08507
G1 X98.57 Y134.243 E931.09405
G1 X98.777 Y134.651 E931.10318
G1 X99.019 Y135.022 E931.11202
G1 X99.299 Y135.37 E931.12093
G1 X99.625 Y135.696 E931.13013
G1 X99.977 Y135.978 E931.13913
G1 X100.346 Y136.22 E931.14794
G1 X100.753 Y136.426 E931.15704
G1 X101.175 Y136.588 E931.16606
G1 X101.598 Y136.704 E931.17482
G1 X102.047 Y136.774 E931.18389
G1 X102.524 Y136.8 E931.19342
G1 X117.5 Y136.8 E931.49228
G0 F9000 X117.5 Y137.2
;TYPE:WALL-OUTER
G1 F1500 X132.482 Y137.2 E931.79126
G1 X132.995 Y137.172 E931.80152
G1 X133.482 Y137.096 E931.81135
G1 X133.945 Y136.969 E931.82093
G1 X134.406 Y136.793 E931.83078
G1 X134.851 Y136.566 E931.84075
G1 X135.258 Y136.302 E931.85043
G1 X135.638 Y135.995 E931.86018
G1 X135.995 Y135.638 E931.87026
G1 X136.302 Y135.258 E931.88
G1 X136.566 Y134.851 E931.88969
G1 X136.793 Y134.406 E931.89966
G1 X136.969 Y133.945 E931.9095
G1 X137.096 Y133.482 E931.91908
G1 X137.172 Y132.991 E931.929
G1 X137.2 Y132.482 E931.93917
G1 X137.2 Y102.494 E932.53761
G1 X137.172 Y101.998 E932.54753
G1 X137.096 Y101.515 E932.55729
G1 X136.969 Y101.051 E932.56689
G1 X136.793 Y100.59 E932.57673
G1 X136.566 Y100.145 E932.5867
G1 X136.301 Y99.738 E932.59639
G1 X135.995 Y99.358 E932.60613
G1 X135.638 Y99.001 E932.61621
G1 X135.258 Y98.695 E932.62594
G1 X134.852 Y98.43 E932.63562
G1 X134.406 Y98.207 E932.64557
G1 X133.945 Y98.027 E932.65545
G1 X133.482 Y97.904 E932.66501
G1 X132.99 Y97.828 E932.67494
G1 X132.481 Y97.796 E932.68512
G1 X102.298 Y97.8 E933.28745
G1 X101.873 Y97.843 E933.29598
G1 X101.357 Y97.939 E933.30645
G1 X100.796 Y98.116 E933.31819
G1 X100.294 Y98.346 E933.32921
G1 X99.842 Y98.618 E933.33974
G1 X99.44 Y98.932 E933.34992
G1 X99.067 Y99.289 E933.36022
G1 X98.736 Y99.685 E933.37052
G1 X98.456 Y100.099 E933.38049
G1 X98.223 Y100.544 E933.39052
G1 X98.031 Y101.032 E933.40098
G1 X97.904 Y101.494 E933.41054
G1 X97.828 Y101.99 E933.42056
G1 X97.796 Y102.514 E933.43104
G1 X97.8 Y132.502 E934.02948
G1 X97.828 Y132.994 E934.03931
G1 X97.904 Y133.482 E934.04917
G1 X98.027 Y133.946 E934.05875
G1 X98.204 Y134.406 E934.06858
G1 X98.43 Y134.851 E934.07854
G1 X98.695 Y135.258 E934.08824
G1 X99.001 Y135.638 E934.09797
G1 X99.358 Y135.994 E934.10803
G1 X99.742 Y136.302 E934.11786
G1 X100.145 Y136.566 E934.12747
G1 X100.59 Y136.792 E934.13743
G1 X101.051 Y136.969 E934.14729
G1 X101.514 Y137.096 E934.15687
G1 X102.005 Y137.172 E934.16678
G1 X102.514 Y137.2 E934.17695
G1 X117.5 Y137.2 E934.47602
G1 F2700 E929.47602
G0 F9000 X117.5 Y136.49
G0 X117.5 Y133.41
G0 X117.5 Y132.698
G1 F2700 E934.47602
G1 F1500 X102.469 Y132.698 E934.77598
G1 X102.337 Y132.618 E934.77906
G1 X102.304 Y132.543 E934.78069
G1 X102.3 Y102.488 E935.38047
G1 X102.346 Y102.371 E935.38298
G1 X102.48 Y102.3 E935.38601
G1 X132.531 Y102.302 E935.98571
G1 X132.642 Y102.358 E935.98819
G1 X132.7 Y102.453 E935.99041
G1 X132.694 Y132.553 E936.59109
G1 X132.642 Y132.642 E936.59314
G1 X132.532 Y132.698 E936.59561
G1 X117.5 Y132.698 E936.89559
G0 F9000 X117.5 Y133.41
G0 X116.417 Y133.579
;TYPE:FILL
G1 F3000 X115.683 Y136.32 E936.95221
G0 F9000 X114.942 Y136.32
G1 F3000 X112.202 Y133.579 E937.02956
G0 F9000 X110.205 Y133.579
G1 F3000 X109.471 Y136.32 E937.08618
G0 F9000 X106.457 Y136.32
G1 F3000 X103.716 Y133.579 E937.16354
G0 F9000 X103.994 Y133.578
G1 F3000 X103.259 Y136.319 E937.22017
G0 F9000 X104.766 Y136.321
G1 F3000 X114.997 Y133.579 E937.43155
G0 F9000 X120.687 Y133.579
G1 F3000 X123.428 Y136.32 E937.50891
G0 F9000 X121.894 Y136.321
G1 F3000 X122.629 Y133.578 E937.56558
G0 F9000 X127.949 Y136.32
G1 F3000 X135.918 Y134.185 E937.73022
G0 F9000 X136.32 Y132.242
G1 F3000 X133.579 Y129.5 E937.80759
G0 F9000 X133.58 Y128.6
G1 F3000 X136.319 Y127.866 E937.86418
G0 F9000 X136.32 Y128.847
G1 F3000 X134.466 Y135.767 E938.00714
G0 F9000 X131.913 Y136.32
G1 F3000 X129.172 Y133.579 E938.0845
G0 F9000 X128.841 Y133.578
G1 F3000 X128.106 Y136.32 E938.14115
G0 F9000 X133.338 Y133.338
G0 X133.58 Y122.388
G1 F3000 X136.319 Y121.654 E938.19774
G0 F9000 X136.32 Y123.756
G1 F3000 X133.579 Y121.015 E938.2751
G0 F9000 X133.579 Y116.177
G1 F3000 X136.32 Y115.442 E938.33173
G1 X136.32 Y115.271
G1 X133.579 Y112.53 E938.40908
G0 F9000 X133.58 Y109.965
G1 F3000 X136.319 Y109.231 E938.46567
G0 F9000 X136.32 Y106.786
G1 F3000 X133.579 Y104.044 E938.54304
G0 F9000 X133.58 Y103.753
G1 F3000 X136.319 Y103.019 E938.59963
G0 F9000 X136.32 Y105.664
G1 F3000 X133.579 Y115.895 E938.811
G0 F9000 X133.338 Y101.662
G0 X131.245 Y101.423
G1 F3000 X131.981 Y98.675 E938.86777
G0 F9000 X129.344 Y98.677
G1 F3000 X119.1 Y101.421 E939.07941
G0 F9000 X118.822 Y101.421
G1 F3000 X119.557 Y98.678 E939.13608
G1 X119.727 Y98.678
G1 X122.47 Y101.421 E939.2135
G0 F9000 X125.033 Y101.422
G1 F3000 X125.769 Y98.677 E939.27021
G0 F9000 X128.211 Y98.677
G1 F3000 X130.956 Y101.422 E939.34768
G0 F9000 X113.984 Y101.42
G1 F3000 X111.243 Y98.68 E939.42502
G0 F9000 X113.345 Y98.678
G1 F3000 X112.61 Y101.422 E939.48171
G0 F9000 X107.133 Y98.68
G1 F3000 X106.399 Y101.421 E939.53834
G0 F9000 X105.498 Y101.42
G1 F3000 X102.759 Y98.68 E939.61565
G0 F9000 X100.816 Y99.075
G1 F3000 X98.677 Y107.058 E939.78058
G1 X98.677 Y106.894
G1 X101.421 Y106.159 E939.83727
G0 F9000 X101.421 Y105.828
G1 F3000 X98.676 Y103.083 E939.91474
G0 F9000 X99.224 Y100.535
G1 F3000 X106.15 Y98.68 E940.05783
G0 F9000 X101.662 Y101.662
G0 X101.42 Y112.37
G1 F3000 X98.677 Y113.105 E940.1145
G0 F9000 X98.677 Y111.569
G1 F3000 X101.421 Y114.313 E940.19194
G0 F9000 X101.421 Y118.582
G1 F3000 X98.679 Y119.317 E940.24859
G0 F9000 X98.678 Y120.055
G1 F3000 X101.421 Y122.798 E940.32601
G0 F9000 X101.421 Y124.794
G1 F3000 X98.679 Y125.528 E940.38265
G0 F9000 X98.68 Y128.542
G1 F3000 X101.421 Y131.284 E940.46002
G0 F9000 X101.42 Y131.005
G1 F3000 X98.68 Y131.74 E940.51664
G0 F9000 X98.68 Y130.23
G1 F3000 X101.421 Y119.998 E940.72803
G0 F9000 X101.29 Y119.998
;MESH:NONMESH
G0 F300 X101.29 Y119.998 Z4.2
G0 F9000 X101.662 Y133.338
G0 X117.5 Y133.499
;TIME_ELAPSED:2296.301406
;LAYER:34
;TYPE:WALL-INNER
;MESH:robotface-cover.stl
G1 F1500 X102.439 Y133.499 E941.02859
G1 X102.046 Y133.392 E941.03671
G1 X101.792 Y133.208 E941.04297
G1 X101.63 Y132.995 E941.04831
G1 X101.534 Y132.762 E941.05334
G1 X101.501 Y132.556 E941.05751
G1 X101.506 Y102.387 E941.65956
G1 X101.566 Y102.14 E941.66463
G1 X101.733 Y101.857 E941.67119
G1 X102.024 Y101.619 E941.67869
G1 X102.356 Y101.5 E941.68573
G1 X132.553 Y101.501 E942.28835
G1 X132.859 Y101.565 E942.29458
G1 X133.087 Y101.689 E942.29976
G1 X133.337 Y101.927 E942.30665
G1 X133.467 Y102.241 E942.31343
G1 X133.499 Y102.444 E942.31753
G1 X133.499 Y132.561 E942.91855
G1 X133.389 Y132.961 E942.92683
G1 X133.208 Y133.208 E942.93294
G1 X133.046 Y133.339 E942.9371
G1 X132.755 Y133.468 E942.94345
G1 X132.553 Y133.499 E942.94753
G1 X117.5 Y133.499 E943.24793
G0 F9000 X117.5 Y133.1
G1 F1500 X102.463 Y133.1 E943.54801
G1 X102.282 Y133.06 E943.55171
G1 X102.075 Y132.925 E943.55664
G1 X101.967 Y132.777 E943.5603
G1 X101.9 Y132.534 E943.56533
G1 X101.903 Y102.432 E944.16604
G1 X101.966 Y102.224 E944.17038
G1 X102.214 Y101.971 E944.17745
G1 X102.433 Y101.903 E944.18203
G1 X132.612 Y101.9 E944.78428
G1 X132.828 Y101.996 E944.789
G1 X133.034 Y102.224 E944.79513
G1 X133.1 Y102.466 E944.80014
G1 X133.1 Y132.537 E945.40024
G1 X133.034 Y132.777 E945.4052
G1 X132.803 Y133.019 E945.41188
G1 X132.532 Y133.1 E945.41752
G1 X117.5 Y133.1 E945.7175
G0 F9000 X117.5 Y133.41
G0 X117.5 Y136.418
G1 F1500 X132.461 Y136.416 E946.01607
G1 X132.912 Y136.392 E946.02508
G1 X133.323 Y136.327 E946.03338
G1 X133.705 Y136.227 E946.04126
G1 X134.087 Y136.078 E946.04945
G1 X134.464 Y135.887 E946.05788
G1 X134.799 Y135.67 E946.06585
G1 X135.114 Y135.415 E946.07393
G1 X135.418 Y135.111 E946.08251
G1 X135.66 Y134.809 E946.09024
G1 X135.894 Y134.448 E946.09882
G1 X136.082 Y134.085 E946.10698
G1 X136.226 Y133.709 E946.11501
G1 X136.327 Y133.323 E946.12298
G1 X136.392 Y132.908 E946.13136
G1 X136.42 Y132.457 E946.14038
G1 X136.416 Y102.516 E946.73788
G1 X136.392 Y102.085 E946.7465
G1 X136.328 Y101.67 E946.75488
G1 X136.227 Y101.293 E946.76266
G1 X136.082 Y100.914 E946.77076
G1 X135.889 Y100.542 E946.77913
G1 X135.659 Y100.186 E946.78758
G1 X135.421 Y99.888 E946.79519
G1 X135.114 Y99.581 E946.80386
G1 X134.799 Y99.327 E946.81193
G1 X134.464 Y99.109 E946.81991
G1 X134.09 Y98.92 E946.82827
G1 X133.705 Y98.773 E946.8365
G1 X133.319 Y98.668 E946.84448
G1 X132.912 Y98.604 E946.8527
G1 X132.461 Y98.581 E946.86171
G1 X102.503 Y98.58 E947.45956
G1 X102.06 Y98.597 E947.46841
G1 X101.468 Y98.714 E947.48045
G1 X101.035 Y98.858 E947.48955
G1 X100.634 Y99.049 E947.49842
G1 X100.263 Y99.275 E947.50709
G1 X99.93 Y99.536 E947.51553
G1 X99.614 Y99.843 E947.52432
G1 X99.353 Y100.154 E947.53242
G1 X99.126 Y100.501 E947.5407
G1 X98.926 Y100.887 E947.54938
G1 X98.775 Y101.279 E947.55776
G1 X98.667 Y101.663 E947.56572
G1 X98.604 Y102.075 E947.57404
G1 X98.58 Y102.535 E947.58323
G1 X98.58 Y132.48 E948.18081
G1 X98.604 Y132.911 E948.18943
G1 X98.668 Y133.319 E948.19767
G1 X98.774 Y133.709 E948.20573
G1 X98.916 Y134.089 E948.21383
G1 X99.103 Y134.448 E948.22191
G1 X99.336 Y134.809 E948.23048
G1 X99.579 Y135.111 E948.23822
G1 X99.882 Y135.415 E948.24678
G1 X100.196 Y135.668 E948.25483
G1 X100.535 Y135.888 E948.2629
G1 X100.909 Y136.077 E948.27126
G1 X101.295 Y136.227 E948.27952
G1 X101.674 Y136.327 E948.28734
G1 X102.088 Y136.392 E948.29571
G1 X102.539 Y136.42 E948.30472
G1 X117.5 Y136.418 E948.60329
G0 F9000 X117.5 Y136.818
G1 F1500 X132.472 Y136.816 E948.90207
G1 X132.953 Y136.79 E948.91168
G1 X133.405 Y136.719 E948.92081
G1 X133.829 Y136.608 E948.92956
G1 X134.251 Y136.443 E948.9386
G1 X134.664 Y136.235 E948.94783
G1 X135.034 Y135.994 E948.95664
G1 X135.382 Y135.713 E948.96557
G1 X135.716 Y135.378 E948.97501
G1 X135.984 Y135.044 E948.98355
G1 X136.24 Y134.65 E948.99293
G1 X136.447 Y134.249 E949.00194
G1 X136.607 Y133.831 E949.01087
G1 X136.719 Y133.405 E949.01966
G1 X136.79 Y132.951 E949.02883
G1 X136.82 Y132.469 E949.03847
G1 X136.816 Y102.505 E949.63643
G1 X136.79 Y102.043 E949.64567
G1 X136.72 Y101.588 E949.65485
G1 X136.608 Y101.17 E949.66349
G1 X136.447 Y100.75 E949.67246
G1 X136.236 Y100.342 E949.68163
G1 X135.984 Y99.952 E949.6909
G1 X135.72 Y99.621 E949.69935
G1 X135.382 Y99.283 E949.70888
G1 X135.034 Y99.003 E949.7178
G1 X134.664 Y98.761 E949.72662
G1 X134.252 Y98.554 E949.73582
G1 X133.829 Y98.392 E949.74486
G1 X133.403 Y98.276 E949.75367
G1 X132.953 Y98.206 E949.76276
G1 X132.472 Y98.181 E949.77237
G1 X102.496 Y98.18 E950.37058
G1 X102.014 Y98.198 E950.3802
G1 X101.366 Y98.326 E950.39338
G1 X100.885 Y98.486 E950.4035
G1 X100.443 Y98.697 E950.41327
G1 X100.035 Y98.946 E950.42281
G1 X99.667 Y99.234 E950.43214
G1 X99.32 Y99.57 E950.44178
G1 X99.031 Y99.915 E950.45076
G1 X98.78 Y100.299 E950.45991
G1 X98.561 Y100.723 E950.46944
G1 X98.395 Y101.153 E950.47863
G1 X98.276 Y101.579 E950.48746
G1 X98.206 Y102.034 E950.49665
G1 X98.18 Y102.524 E950.50644
G1 X98.18 Y132.491 E951.10446
G1 X98.206 Y132.953 E951.1137
G1 X98.276 Y133.403 E951.12279
G1 X98.392 Y133.831 E951.13164
G1 X98.55 Y134.252 E951.14061
G1 X98.756 Y134.649 E951.14954
G1 X99.011 Y135.044 E951.15892
G1 X99.28 Y135.378 E951.16748
G1 X99.614 Y135.713 E951.17692
G1 X99.961 Y135.993 E951.18581
G1 X100.336 Y136.235 E951.19472
G1 X100.746 Y136.443 E951.2039
G1 X101.171 Y136.608 E951.21299
G1 X101.592 Y136.719 E951.22168
G1 X102.045 Y136.79 E951.23083
G1 X102.527 Y136.82 E951.24047
G1 X117.5 Y136.818 E951.53927
G0 F9000 X117.5 Y137.218
;TYPE:WALL-OUTER
G1 F1500 X132.482 Y137.216 E951.83825
G1 X132.995 Y137.188 E951.84851
G1 X133.487 Y137.111 E951.85845
G1 X133.953 Y136.989 E951.86806
G1 X134.414 Y136.809 E951.87793
G1 X134.864 Y136.582 E951.88799
G1 X135.27 Y136.318 E951.89766
G1 X135.65 Y136.011 E951.90741
G1 X136.014 Y135.646 E951.91769
G1 X136.309 Y135.278 E951.92711
G1 X136.586 Y134.851 E951.93726
G1 X136.813 Y134.413 E951.94711
G1 X136.989 Y133.954 E951.95692
G1 X137.111 Y133.487 E951.96655
G1 X137.188 Y132.994 E951.97651
G1 X137.22 Y132.481 E951.98676
G1 X137.216 Y102.494 E952.58519
G1 X137.188 Y102.001 E952.59504
G1 X137.112 Y101.506 E952.60504
G1 X136.989 Y101.046 E952.61454
G1 X136.813 Y100.586 E952.62437
G1 X136.582 Y100.141 E952.63437
G1 X136.309 Y99.718 E952.64442
G1 X136.018 Y99.354 E952.65372
G1 X135.65 Y98.985 E952.66412
G1 X135.27 Y98.679 E952.67386
G1 X134.864 Y98.414 E952.68353
G1 X134.414 Y98.188 E952.69358
G1 X133.953 Y98.011 E952.70343
G1 X133.486 Y97.884 E952.71309
G1 X132.995 Y97.808 E952.72301
G1 X132.482 Y97.781 E952.73326
G1 X102.488 Y97.78 E953.33182
G1 X101.968 Y97.8 E953.34221
G1 X101.264 Y97.938 E953.35652
G1 X100.735 Y98.114 E953.36765
G1 X100.252 Y98.345 E953.37833
G1 X99.807 Y98.617 E953.38874
G1 X99.404 Y98.932 E953.39895
G1 X99.027 Y99.297 E953.40942
G1 X98.709 Y99.676 E953.41929
G1 X98.434 Y100.097 E953.42933
G1 X98.195 Y100.559 E953.43971
G1 X98.015 Y101.027 E953.44972
G1 X97.884 Y101.495 E953.45941
G1 X97.808 Y101.993 E953.46947
G1 X97.78 Y102.514 E953.47988
G1 X97.78 Y132.502 E954.07832
G1 X97.808 Y132.995 E954.08818
G1 X97.884 Y133.486 E954.09809
G1 X98.011 Y133.954 E954.10777
G1 X98.184 Y134.414 E954.11758
G1 X98.41 Y134.851 E954.12739
G1 X98.687 Y135.278 E954.13755
G1 X98.982 Y135.646 E954.14696
G1 X99.346 Y136.011 E954.15725
G1 X99.726 Y136.317 E954.16699
G1 X100.136 Y136.582 E954.17673
G1 X100.582 Y136.809 E954.18672
G1 X101.047 Y136.989 E954.19667
G1 X101.51 Y137.111 E954.20622
G1 X102.002 Y137.188 E954.21616
G1 X102.515 Y137.22 E954.22642
G1 X117.5 Y137.218 E954.52546
G1 F2700 E949.52546
G0 F9000 X117.5 Y136.509
G0 X117.5 Y133.41
G0 X117.5 Y132.699
G1 F2700 E954.52546
G1 F1500 X102.469 Y132.698 E954.82542
G1 X102.3 Y132.577 E954.82957
G1 X102.304 Y102.457 E955.43064
G1 X102.36 Y102.356 E955.43295
G1 X102.461 Y102.303 E955.43522
G1 X132.531 Y102.302 E956.0353
G1 X132.618 Y102.337 E956.03718
G1 X132.7 Y102.439 E956.03979
G1 X132.698 Y132.55 E956.64069
G1 X132.634 Y132.65 E956.64305
G1 X132.546 Y132.7 E956.64507
G1 X117.5 Y132.699 E956.94533
G0 F9000 X117.5 Y133.41
G0 X116.329 Y133.578
;TYPE:FILL
G1 F3000 X116.108 Y134.4 E956.96232
G1 X113.144 Y134.4 E957.02147
G1 X112.322 Y133.579 E957.04465
G0 F9000 X112.262 Y134.4
G1 F3000 X115.325 Y133.579 E957.10794
G0 F9000 X116.108 Y134.4
G1 F3000 X121.627 Y134.4 E957.21807
G1 X122.829 Y135.6 E957.25197
G1 X128.21 Y135.6 E957.35935
G1 X130.965 Y135.6 E957.41433
G1 X128.217 Y136.336 E957.4711
G0 F9000 X128.013 Y136.338
G1 F3000 X128.21 Y135.6 E957.48635
G1 X128.212 Y135.6
G1 X128.534 Y134.4 E957.51114
G1 X130.112 Y134.4 E957.54263
G1 X130.287 Y134.574 E957.54756
G0 F9000 X130.112 Y134.4
G1 F3000 X129.925 Y134.211 E957.55286
G1 X134.941 Y133.66 E957.65357
G1 X134.83 Y134.074 E957.66212
G0 F9000 X134.941 Y133.66
G1 F3000 X135.6 Y131.207 E957.71281
G0 F9000 X135.498 Y131.587
G1 F3000 X133.699 Y131.784 E957.74892
G0 F9000 X133.699 Y132.187
G1 F3000 X135.387 Y132.001 E957.78281
G0 F9000 X135.768 Y131.571
G1 F3000 X136.34 Y132.141 E957.79893
G0 F9000 X135.164 Y132.83
G1 F3000 X133.586 Y133.004 E957.83061
G0 F9000 X133.699 Y130.979
G1 F3000 X135.032 Y130.833 E957.85737
G0 F9000 X134.669 Y130.47
G1 F3000 X133.699 Y130.577 E957.87684
G0 F9000 X134.4 Y130.2
G1 F3000 X133.579 Y129.38 E957.9
G0 F9000 X133.58 Y128.688
G1 F3000 X134.287 Y128.5 E957.9146
G1 X134.292 Y122.285 E958.03863
G1 X134.4 Y122.258 E958.04085
G1 X135.6 Y121.933 E958.06566
G1 X135.6 Y122.915 E958.08526
G1 X134.4 Y121.717 E958.11909
G1 X134.4 Y122.258 E958.12989
G1 X134.292 Y122.285
G1 X133.58 Y122.476 E958.1446
G0 F9000 X133.579 Y120.895
G1 F3000 X134.4 Y121.715 E958.16776
G1 X134.4 Y116.045 E958.28091
G1 X133.58 Y116.265 E958.29785
G0 F9000 X133.579 Y115.566
G1 F3000 X134.4 Y112.504 E958.36111
G0 F9000 X134.4 Y113.247
G1 F3000 X134.4 Y116.045 E958.41695
G1 X135.6 Y115.723 E958.44175
G1 X135.6 Y121.935 E958.56571
G1 X136.338 Y121.737 E958.58096
G0 F9000 X135.6 Y121.933
G0 X135.6 Y122.915
G1 F3000 X135.891 Y123.209 E958.58922
G1 X135.887 Y128.07 E958.68622
G1 X135.6 Y128.147 E958.69215
G1 X135.6 Y131.207 E958.75322
G1 X136.339 Y128.447 E958.81024
G0 F9000 X136.338 Y127.949
G1 F3000 X135.887 Y128.07 E958.81956
G0 F9000 X135.6 Y128.147
G1 F3000 X134.4 Y128.468 E958.84435
G1 X134.4 Y130.2 E958.87891
G1 X135.768 Y131.571 E958.91756
G1 X135.606 Y134.357 E958.97325
G1 X130.965 Y135.6 E959.06913
G0 F9000 X131.475 Y135.762
G1 F3000 X130.287 Y134.574 E959.10266
G1 X134.83 Y134.074 E959.19387
G1 X134.423 Y135.599 E959.22537
G0 F9000 X134.355 Y135.854
G1 F3000 X134.423 Y135.599 E959.23063
G1 X131.475 Y135.762 E959.28955
G1 X132.049 Y136.336 E959.30575
G0 F9000 X129.925 Y134.211
G1 F3000 X129.292 Y133.579 E959.3236
G0 F9000 X128.753 Y133.578
G1 F3000 X128.532 Y134.4 E959.34059
G1 X122.321 Y134.4 E959.46454
G1 X121.998 Y135.6 E959.48934
G1 X121.999 Y135.6
G1 X115.788 Y135.6 E959.61328
G1 X115.589 Y136.339 E959.62856
G0 F9000 X115.081 Y136.338
G1 F3000 X114.344 Y135.6 E959.64937
G1 X114.342 Y135.6
G1 X115.786 Y135.6 E959.67819
G1 X116.11 Y134.4 E959.70299
G0 F9000 X113.144 Y134.4
G1 F3000 X114.342 Y135.6 E959.73683
G1 X109.577 Y135.6 E959.83192
G1 X109.899 Y134.4 E959.85672
G1 X112.262 Y134.4 E959.90387
G1 X107.783 Y135.6 E959.99641
G1 X107.784 Y135.6
G1 X105.859 Y135.6 E960.03482
G1 X104.659 Y134.4 E960.06869
G0 F9000 X103.768 Y134.09
G1 F3000 X98.955 Y133.613 E960.16521
G0 F9000 X98.852 Y133.201
G1 F3000 X101.834 Y133.496 E960.22501
G0 F9000 X101.441 Y133.055
G1 F3000 X98.799 Y132.793 E960.27799
G0 F9000 X98.78 Y132.389
G1 F3000 X101.301 Y132.639 E960.32855
G0 F9000 X101.301 Y132.237
G1 F3000 X98.78 Y131.987 E960.3791
G1 X98.661 Y131.833
G1 X99.2 Y131.689 E960.39024
G1 X99.2 Y128.944 E960.44502
G1 X99.124 Y128.865 E960.4472
G1 X99.124 Y128.24 E960.45968
G1 X98.66 Y129.973 E960.49548
G0 F9000 X99.2 Y128.944
G1 F3000 X100.723 Y130.463 E960.5384
G0 F9000 X101.42 Y131.093
G1 F3000 X99.2 Y131.689 E960.58428
G1 X99.368 Y131.644
G1 X101.301 Y131.836 E960.62304
G0 F9000 X101.421 Y131.163
G1 F3000 X100.723 Y130.463 E960.64277
G1 X100.726 Y125.067 E960.75045
G1 X100.8 Y125.049 E960.75197
G1 X100.8 Y122.058 E960.81166
G1 X99.2 Y120.459 E960.8568
G1 X99.2 Y120.456
G1 X98.66 Y119.918 E960.87201
G0 F9000 X98.661 Y119.409
G1 F3000 X99.2 Y119.265 E960.88315
G1 X99.39 Y119.214
G1 X99.2 Y119.265 E960.88707
G1 X99.2 Y120.456 E960.91084
G1 X99.2 Y125.477 E961.01104
G1 X98.661 Y125.621 E961.02217
G0 F9000 X98.78 Y126
G1 F3000 X99.725 Y126 E961.04103
G0 F9000 X99.618 Y126.4
G1 F3000 X98.78 Y126.4 E961.05775
G0 F9000 X99.2 Y125.477
G1 F3000 X100.726 Y125.067 E961.08929
G1 X100.8 Y125.049
G1 X101.421 Y124.882 E961.10212
G0 F9000 X101.421 Y122.678
G1 F3000 X100.8 Y122.058 E961.11963
G1 X100.8 Y121.99
G1 X99.124 Y128.24 E961.24876
G0 F9000 X98.66 Y128.403
G1 F3000 X99.124 Y128.865 E961.26183
G0 F9000 X99.11 Y134.03
G1 F3000 X103.663 Y134.481 E961.35314
G0 F9000 X103.559 Y134.873
G1 F3000 X99.346 Y134.455 E961.43762
G0 F9000 X99.656 Y134.888
G1 F3000 X103.454 Y135.265 E961.51379
G0 F9000 X103.365 Y135.6
G1 F3000 X103.906 Y133.578 E961.55556
G1 X103.837 Y133.579
G1 X104.659 Y134.4 E961.57874
G1 X109.897 Y134.4 E961.68327
G1 X110.118 Y133.578 E961.70026
G0 F9000 X109.899 Y134.4
G0 X109.577 Y135.6
G0 X109.378 Y136.34
G1 F3000 X109.576 Y135.6 E961.71555
G1 X107.784 Y135.6 E961.75131
G1 X105.023 Y136.34 E961.80835
G0 F9000 X105.857 Y135.6
G0 X106.597 Y136.339
G1 F3000 X105.857 Y135.6 E961.82922
G1 X103.365 Y135.6 E961.87895
G1 X103.166 Y136.341 E961.89426
G0 F9000 X103.349 Y135.656
G1 F3000 X100.101 Y135.334 E961.9594
G0 F9000 X101.421 Y119.67
G1 F3000 X100.8 Y121.99 E962.00733
G1 X100.8 Y118.836 E962.07027
G1 X101.421 Y118.67 E962.0831
G0 F9000 X100.8 Y118.836
G1 F3000 X100.59 Y118.893 E962.08744
G1 X100.6 Y113.374 E962.19758
G1 X101.421 Y114.193 E962.22072
G0 F9000 X101.301 Y113.2
G1 F3000 X100.429 Y113.2 E962.23812
G0 F9000 X100.6 Y113.374
G1 F3000 X99.2 Y111.971 E962.27767
G1 X99.2 Y106.842 E962.38003
G1 X100.8 Y106.413 E962.41309
G1 X101.42 Y106.247 E962.4259
G0 F9000 X101.421 Y105.708
G1 F3000 X100.8 Y105.088 E962.44341
G0 F9000 X100.616 Y104.902
G1 F3000 X98.914 Y103.2 E962.49144
G0 F9000 X98.66 Y102.947
G1 F3000 X98.914 Y103.2 E962.4986
G1 X99.622 Y103.2 E962.51272
G1 X100.569 Y99.669 E962.58568
G0 F9000 X100.807 Y100.2
G1 F3000 X99.141 Y100.646 E962.6201
G0 F9000 X99.02 Y101.2
G1 F3000 X100.158 Y101.2 E962.64281
G0 F9000 X99.944 Y102
G1 F3000 X98.82 Y102 E962.66524
G0 F9000 X98.78 Y102.8
G1 F3000 X99.729 Y102.8 E962.68418
G0 F9000 X99.622 Y103.2
G1 F3000 X99.2 Y104.774 E962.7167
G0 F9000 X99.2 Y106.842
G0 X98.66 Y106.791
G1 F3000 X99.2 Y104.774 E962.75837
G1 X99.2 Y106.842 E962.79963
G1 X98.661 Y106.986 E962.81077
G0 F9000 X98.66 Y111.432
G1 F3000 X99.2 Y111.971 E962.82599
G0 F9000 X99.401 Y113
G1 F3000 X100.8 Y112.624 E962.8549
G1 X100.8 Y106.413 E962.97885
G1 X100.8 Y105.088 E963.00529
G1 X100.616 Y104.902 E963.01051
G1 X100.807 Y100.2 E963.10442
G1 X104.538 Y99.2 E963.18151
G0 F9000 X104.025 Y99.828
G1 F3000 X103.965 Y101.3 E963.21091
G0 F9000 X103.565 Y101.3
G1 F3000 X103.641 Y99.443 E963.248
G0 F9000 X103.337 Y99.139
G1 F3000 X105 Y100.8 E963.2949
G1 X106.476 Y100.8 E963.32436
G1 X112.688 Y100.8 E963.44833
G1 X113.118 Y99.2 E963.48139
G0 F9000 X112.8 Y98.78
G1 F3000 X112.8 Y99.976 E963.50526
G0 F9000 X113.2 Y100.517
G1 F3000 X113.2 Y101.3 E963.52088
G0 F9000 X113.485 Y100.8
G1 F3000 X111.884 Y99.2 E963.56605
G1 X106.907 Y99.2 E963.66537
G1 X106.478 Y100.8 E963.69843
G1 X106.476 Y100.8
G1 X106.311 Y101.421 E963.71125
G0 F9000 X105.619 Y101.42
G1 F3000 X105 Y100.8 E963.72874
G0 F9000 X104.366 Y101.3
G1 F3000 X104.41 Y100.213 E963.75045
G0 F9000 X102.831 Y99.658
G1 F3000 X102.764 Y101.3 E963.78324
G0 F9000 X102.363 Y101.314
G1 F3000 X102.426 Y99.765 E963.81418
G0 F9000 X102.859 Y98.66
G1 F3000 X103.337 Y99.139 E963.82768
G1 X100.569 Y99.669 E963.88392
G1 X100.722 Y99.095 E963.89578
G0 F9000 X106.554 Y98.66
G1 F3000 X104.538 Y99.2 E963.93743
G1 X106.905 Y99.2 E963.98467
G1 X107.051 Y98.66 E963.99583
G0 F9000 X106.907 Y99.2
G0 X111.345 Y98.66
G1 F3000 X111.884 Y99.2 E964.01105
G0 F9000 X113.262 Y98.66
G1 F3000 X113.118 Y99.2 E964.02221
G1 X119.328 Y99.2 E964.14613
G1 X119.474 Y98.66 E964.1573
G0 F9000 X119.831 Y98.661
G1 F3000 X120.371 Y99.2 E964.17252
G1 X125.54 Y99.2 E964.27568
G1 X125.685 Y98.661 E964.28682
G0 F9000 X126 Y98.781
G1 F3000 X126 Y99.662 E964.3044
G0 F9000 X126.4 Y99.555
G1 F3000 X126.4 Y98.781 E964.31984
G0 F9000 X125.54 Y99.2
G1 F3000 X125.113 Y100.8 E964.35289
G1 X130.454 Y100.8 E964.45948
G1 X128.856 Y99.2 E964.5046
G1 X131.751 Y99.2 E964.56238
G1 X131.719 Y99.324 E964.56493
G1 X131.751 Y99.2
G1 X131.897 Y98.66 E964.57609
G0 F9000 X131.836 Y98.889
G1 F3000 X136.216 Y102.856 E964.69402
G0 F9000 X136.336 Y103.103
G1 F3000 X135.993 Y103.194 E964.70111
G0 F9000 X135.6 Y103.299
G1 F3000 X135.533 Y103.317 E964.70249
G0 F9000 X135.074 Y103.441
G1 F3000 X133.642 Y102.144 E964.74105
G0 F9000 X133.699 Y102.735
G1 F3000 X134.613 Y103.563 E964.76566
G0 F9000 X134.4 Y103.621
G1 F3000 X133.58 Y103.841 E964.7826
G1 X133.579 Y103.924
G1 X134.4 Y104.744 E964.80576
G1 X134.4 Y104.746
G1 X135.6 Y105.946 E964.83962
G1 X135.6 Y108.023 E964.88107
G1 X136.336 Y105.277 E964.93781
G0 F9000 X135.6 Y105.944
G0 X136.337 Y106.682
G1 F3000 X135.6 Y105.944 E964.95862
G1 X135.6 Y103.299 E965.0114
G1 X135.993 Y103.194 E965.01952
G1 X131.719 Y99.324 E965.13458
G1 X131.603 Y99.758 E965.14355
G0 F9000 X131.487 Y100.192
G1 F3000 X132.742 Y101.329 E965.17734
G0 F9000 X132.115 Y101.301
G1 F3000 X131.37 Y100.627 E965.19739
G0 F9000 X131.157 Y101.421
G1 F3000 X131.603 Y99.758 E965.23175
G1 X135.533 Y103.317 E965.33756
G1 X134.4 Y103.621 E965.36097
G1 X134.4 Y104.744 E965.38338
G1 X134.4 Y109.833 E965.48494
G1 X133.579 Y110.053 E965.5019
G0 F9000 X134.4 Y109.833
G0 X135.6 Y109.512
G1 F3000 X136.336 Y109.314 E965.51711
G0 F9000 X135.6 Y109.511
G1 F3000 X134.4 Y109.832 E965.5419
G1 X134.4 Y112.504 E965.59522
G1 X135.6 Y108.024 E965.68777
G1 X135.6 Y109.512 E965.71747
G1 X135.6 Y114.429 E965.81559
G1 X133.579 Y112.409 E965.87262
G0 F9000 X135.6 Y115.723
G0 X136.337 Y115.526
G1 F3000 X135.6 Y115.723 E965.88784
G1 X135.6 Y114.432 E965.9136
G1 X136.338 Y115.169 E965.93442
G0 F9000 X135.6 Y108.024
G0 X136.203 Y102.305
G1 F3000 X132.312 Y98.781 E966.03918
G0 F9000 X132.942 Y98.812
G1 F3000 X136.129 Y101.699 E966.12499
G0 F9000 X131.075 Y101.42
G1 F3000 X130.454 Y100.8 E966.14251
G0 F9000 X129.732 Y98.661
G1 F3000 X119.431 Y101.421 E966.35532
G0 F9000 X118.734 Y101.42
G1 F3000 X119.33 Y99.2 E966.4012
G1 X120.369 Y99.2 E966.42193
G1 X122.59 Y101.42 E966.4846
G0 F9000 X122.124 Y100.8
G1 F3000 X125.112 Y100.8 E966.54423
G1 X125.113 Y100.8
G1 X124.946 Y101.421 E966.55706
G0 F9000 X121.698 Y100.8
G1 F3000 X118.9 Y100.8 E966.6129
G1 X118.901 Y100.8
G1 X113.485 Y100.8 E966.72098
G1 X114.104 Y101.42 E966.73846
G0 F9000 X112.688 Y100.8
G1 F3000 X112.522 Y101.421 E966.75129
G0 F9000 X120.369 Y99.2
G0 X128.316 Y98.661
G1 F3000 X128.856 Y99.2 E966.76652
G0 F9000 X133.338 Y101.662
G0 X135.891 Y123.209
G1 F3000 X136.339 Y123.655 E966.77913
G0 F9000 X134.4 Y128.468
G1 F3000 X134.287 Y128.5 E966.78147
G0 F9000 X135.891 Y134.28
G1 F3000 X135.606 Y134.357 E966.78737
G0 F9000 X128.534 Y134.4
G0 X123.565 Y136.337
G1 F3000 X122.827 Y135.6 E966.80818
G1 X121.999 Y135.6 E966.8247
G1 X121.801 Y136.338 E966.83995
G0 F9000 X122.827 Y135.6
G0 X122.321 Y134.4
G0 X122.541 Y133.578
G1 F3000 X122.321 Y134.4 E966.85693
G1 X121.629 Y134.4 E966.87074
G1 X120.807 Y133.579 E966.89393
G1 F2700 E961.89393
G0 F9000 X101.662 Y133.338
G0 X100.59 Y118.893
G1 F2700 E966.89393
G1 F3000 X99.39 Y119.214 E966.91872
G1 X99.401 Y113 E967.04272
G1 X98.661 Y113.198 E967.05801
G0 F9000 X100.8 Y112.624
G1 F3000 X101.42 Y112.458 E967.07082
G0 F9000 X101.29 Y112.458
G1 F2700 E962.07082
;MESH:NONMESH
G0 F300 X101.29 Y112.458 Z4.32
G0 F9000 X101.662 Y133.338
G0 X117.5 Y133.499
;TIME_ELAPSED:2363.718978
;LAYER:35
;TYPE:WALL-INNER
;MESH:robotface-cover.stl
G1 F2700 E967.07082
G1 F1500 X102.447 Y133.499 E967.37122
G1 X102.239 Y133.466 E967.37542
G1 X101.869 Y133.277 E967.38371
G1 X101.611 Y132.961 E967.39185
G1 X101.501 Y132.556 E967.40023
G1 X101.505 Y102.392 E968.00218
G1 X101.612 Y102.038 E968.00956
G1 X101.723 Y101.87 E968.01358
G1 X101.923 Y101.682 E968.01906
G1 X102.224 Y101.538 E968.02572
G1 X102.465 Y101.5 E968.03059
G1 X132.621 Y101.501 E968.63238
G1 X132.957 Y101.609 E968.63943
G1 X133.131 Y101.723 E968.64358
G1 X133.342 Y101.958 E968.64988
G1 X133.499 Y102.383 E968.65892
G1 X133.499 Y132.62 E969.26233
G1 X133.371 Y132.994 E969.27022
G1 X133.208 Y133.208 E969.27559
G1 X132.906 Y133.415 E969.2829
G1 X132.554 Y133.499 E969.29012
G1 X117.5 Y133.499 E969.59054
G0 F9000 X117.5 Y133.1
G1 F1500 X102.468 Y133.1 E969.89052
G1 X102.256 Y133.049 E969.89487
G1 X102.075 Y132.925 E969.89925
G1 X101.95 Y132.742 E969.90367
G1 X101.9 Y132.534 E969.90794
G1 X101.9 Y102.407 E970.50916
G1 X102.033 Y102.122 E970.51543
G1 X102.211 Y101.973 E970.52006
G1 X102.479 Y101.9 E970.52561
G1 X132.593 Y101.906 E971.12657
G1 X132.775 Y101.965 E971.13038
G1 X132.984 Y102.143 E971.13586
G1 X133.1 Y102.466 E971.14271
G1 X133.094 Y132.593 E971.74393
G1 X133.036 Y132.773 E971.7477
G1 X132.855 Y132.985 E971.75326
G1 X132.532 Y133.1 E971.76011
G1 X117.5 Y133.1 E972.06009
G1 F2700 E967.06009
G0 F9000 X117.5 Y133.41
G0 X117.5 Y133.679
G0 X117.5 Y136.236
G0 X117.5 Y136.436
G1 F2700 E972.06009
G1 F1500 X132.461 Y136.436 E972.35865
G1 X132.912 Y136.412 E972.36766
G1 X133.324 Y136.348 E972.37598
G1 X133.71 Y136.243 E972.38397
G1 X134.097 Y136.097 E972.39222
G1 X134.462 Y135.909 E972.40041
G1 X134.818 Y135.678 E972.40888
G1 X135.121 Y135.432 E972.41667
G1 X135.435 Y135.118 E972.42553
G1 X135.674 Y134.823 E972.43311
G1 X135.917 Y134.45 E972.44199
G1 X136.096 Y134.098 E972.44987
G1 X136.243 Y133.71 E972.45815
G1 X136.347 Y133.323 E972.46615
G1 X136.412 Y132.912 E972.47445
G1 X136.436 Y132.461 E972.48347
G1 X136.436 Y102.516 E973.08105
G1 X136.412 Y102.085 E973.08967
G1 X136.348 Y101.672 E973.09801
G1 X136.243 Y101.285 E973.10601
G1 X136.097 Y100.901 E973.11421
G1 X135.909 Y100.538 E973.12237
G1 X135.676 Y100.175 E973.13097
G1 X135.435 Y99.879 E973.13859
G1 X135.121 Y99.564 E973.14747
G1 X134.818 Y99.318 E973.15526
G1 X134.462 Y99.087 E973.16372
G1 X134.096 Y98.9 E973.17193
G1 X133.71 Y98.753 E973.18017
G1 X133.324 Y98.648 E973.18815
G1 X132.912 Y98.585 E973.19647
G1 X132.461 Y98.56 E973.20548
G1 X102.349 Y98.561 E973.8064
G1 X101.918 Y98.599 E973.81504
G1 X101.42 Y98.705 E973.8252
G1 X100.99 Y98.857 E973.8343
G1 X100.601 Y99.045 E973.84292
G1 X100.232 Y99.276 E973.85161
G1 X99.89 Y99.544 E973.86028
G1 X99.603 Y99.821 E973.86824
G1 X99.329 Y100.159 E973.87692
G1 X99.112 Y100.49 E973.88482
G1 X98.905 Y100.888 E973.89377
G1 X98.756 Y101.276 E973.90207
G1 X98.651 Y101.664 E973.91009
G1 X98.584 Y102.079 E973.91848
G1 X98.56 Y102.534 E973.92757
G1 X98.56 Y132.48 E974.52517
G1 X98.584 Y132.911 E974.53379
G1 X98.649 Y133.324 E974.54213
G1 X98.753 Y133.71 E974.55011
G1 X98.899 Y134.095 E974.55833
G1 X99.083 Y134.45 E974.56631
G1 X99.324 Y134.825 E974.5752
G1 X99.561 Y135.117 E974.58271
G1 X99.875 Y135.432 E974.59158
G1 X100.177 Y135.678 E974.59936
G1 X100.534 Y135.909 E974.60784
G1 X100.9 Y136.096 E974.61604
G1 X101.285 Y136.243 E974.62427
G1 X101.672 Y136.348 E974.63227
G1 X102.084 Y136.412 E974.64059
G1 X102.535 Y136.436 E974.6496
G1 X117.5 Y136.436 E974.94825
G0 F9000 X117.5 Y136.836
G1 F1500 X132.472 Y136.836 E975.24703
G1 X132.953 Y136.81 E975.25664
G1 X133.407 Y136.74 E975.26581
G1 X133.834 Y136.624 E975.27464
G1 X134.259 Y136.463 E975.28371
G1 X134.663 Y136.256 E975.29277
G1 X135.054 Y136.002 E975.30207
G1 X135.389 Y135.73 E975.31068
G1 X135.733 Y135.386 E975.32039
G1 X135.998 Y135.058 E975.32881
G1 X136.263 Y134.651 E975.3385
G1 X136.462 Y134.26 E975.34725
G1 X136.624 Y133.834 E975.35635
G1 X136.739 Y133.407 E975.36517
G1 X136.81 Y132.953 E975.37434
G1 X136.836 Y132.472 E975.38396
G1 X136.836 Y102.505 E975.98198
G1 X136.81 Y102.043 E975.99122
G1 X136.74 Y101.589 E976.00038
G1 X136.624 Y101.162 E976.00921
G1 X136.463 Y100.738 E976.01826
G1 X136.256 Y100.337 E976.02727
G1 X136.001 Y99.941 E976.03667
G1 X135.733 Y99.611 E976.04515
G1 X135.389 Y99.267 E976.05486
G1 X135.054 Y98.994 E976.06348
G1 X134.662 Y98.74 E976.07281
G1 X134.259 Y98.534 E976.08184
G1 X133.834 Y98.372 E976.09091
G1 X133.407 Y98.256 E976.09974
G1 X132.953 Y98.186 E976.10891
G1 X132.472 Y98.16 E976.11852
G1 X102.331 Y98.161 E976.72002
G1 X101.858 Y98.203 E976.7295
G1 X101.311 Y98.319 E976.74066
G1 X100.836 Y98.487 E976.75071
G1 X100.407 Y98.694 E976.76022
G1 X100.002 Y98.948 E976.76976
G1 X99.627 Y99.242 E976.77927
G1 X99.308 Y99.551 E976.78813
G1 X99.006 Y99.923 E976.79769
G1 X98.767 Y100.288 E976.8064
G1 X98.54 Y100.724 E976.81621
G1 X98.376 Y101.151 E976.82533
G1 X98.26 Y101.579 E976.83418
G1 X98.186 Y102.036 E976.84342
G1 X98.16 Y102.524 E976.85318
G1 X98.16 Y132.491 E977.4512
G1 X98.186 Y132.953 E977.46043
G1 X98.257 Y133.407 E977.4696
G1 X98.372 Y133.834 E977.47843
G1 X98.533 Y134.258 E977.48748
G1 X98.736 Y134.651 E977.49631
G1 X99 Y135.06 E977.50602
G1 X99.263 Y135.385 E977.51436
G1 X99.607 Y135.73 E977.52409
G1 X99.942 Y136.002 E977.5327
G1 X100.333 Y136.256 E977.542
G1 X100.737 Y136.462 E977.55105
G1 X101.162 Y136.624 E977.56013
G1 X101.589 Y136.74 E977.56896
G1 X102.043 Y136.81 E977.57813
G1 X102.524 Y136.836 E977.58774
G1 X117.5 Y136.836 E977.8866
G0 F9000 X117.5 Y137.236
;TYPE:WALL-OUTER
G1 F1500 X132.482 Y137.236 E978.18558
G1 X132.995 Y137.208 E978.19584
G1 X133.49 Y137.132 E978.20583
G1 X133.958 Y137.005 E978.21551
G1 X134.422 Y136.829 E978.22541
G1 X134.863 Y136.602 E978.23531
G1 X135.29 Y136.326 E978.24546
G1 X135.657 Y136.027 E978.2549
G1 X136.031 Y135.654 E978.26544
G1 X136.322 Y135.294 E978.27468
G1 X136.61 Y134.851 E978.28523
G1 X136.828 Y134.422 E978.29483
G1 X137.005 Y133.958 E978.30474
G1 X137.131 Y133.49 E978.31441
G1 X137.208 Y132.995 E978.32441
G1 X137.236 Y132.482 E978.33466
G1 X137.236 Y102.494 E978.9331
G1 X137.208 Y102.001 E978.94296
G1 X137.132 Y101.506 E978.95295
G1 X137.005 Y101.038 E978.96263
G1 X136.829 Y100.574 E978.97253
G1 X136.602 Y100.137 E978.98236
G1 X136.325 Y99.706 E978.99258
G1 X136.031 Y99.343 E979.00191
G1 X135.657 Y98.969 E979.01246
G1 X135.29 Y98.67 E979.02191
G1 X134.863 Y98.394 E979.03205
G1 X134.422 Y98.168 E979.04194
G1 X133.958 Y97.991 E979.05185
G1 X133.49 Y97.864 E979.06153
G1 X132.995 Y97.788 E979.07153
G1 X132.482 Y97.76 E979.08178
G1 X102.313 Y97.761 E979.68383
G1 X101.798 Y97.807 E979.69415
G1 X101.203 Y97.933 E979.70629
G1 X100.682 Y98.117 E979.71732
G1 X100.213 Y98.344 E979.72771
G1 X99.772 Y98.62 E979.7381
G1 X99.364 Y98.94 E979.74844
G1 X99.012 Y99.28 E979.75821
G1 X98.682 Y99.687 E979.76867
G1 X98.421 Y100.086 E979.77818
G1 X98.175 Y100.559 E979.78882
G1 X97.995 Y101.027 E979.79883
G1 X97.868 Y101.495 E979.8085
G1 X97.788 Y101.994 E979.81859
G1 X97.76 Y102.514 E979.82898
G1 X97.76 Y132.502 E980.42742
G1 X97.788 Y132.995 E980.43728
G1 X97.865 Y133.49 E980.44728
G1 X97.991 Y133.958 E980.45695
G1 X98.167 Y134.422 E980.46685
G1 X98.39 Y134.851 E980.4765
G1 X98.675 Y135.294 E980.48701
G1 X98.965 Y135.653 E980.49622
G1 X99.339 Y136.027 E980.50678
G1 X99.706 Y136.326 E980.51622
G1 X100.133 Y136.602 E980.52637
G1 X100.574 Y136.828 E980.53626
G1 X101.038 Y137.005 E980.54617
G1 X101.506 Y137.132 E980.55585
G1 X102.001 Y137.208 E980.56584
G1 X102.514 Y137.236 E980.57609
G1 X117.5 Y137.236 E980.87515
G1 F2700 E975.87515
G0 F9000 X117.5 Y136.528
G0 X117.5 Y136.236
G0 X117.5 Y133.679
G0 X117.5 Y132.699
G1 F2700 E980.87515
G1 F1500 X102.419 Y132.698 E981.17611
G1 X102.306 Y132.553 E981.17978
G1 X102.3 Y102.459 E981.78034
G1 X102.344 Y102.374 E981.78225
G1 X102.482 Y102.3 E981.78537
G1 X132.531 Y102.302 E982.38503
G1 X132.662 Y102.381 E982.38809
G1 X132.7 Y102.488 E982.39035
G1 X132.698 Y132.531 E982.98989
G1 X132.577 Y132.7 E982.99404
G1 X117.5 Y132.699 E983.29492
G1 F2700 E978.29492
G0 F9000 X117.5 Y133.41
G0 X117.5 Y133.679
G0 X117.5 Y136.236
G0 X117.5 Y136.076
;TYPE:SKIN
G1 F2700 E983.29492
G1 F1500 X102.555 Y136.076 E983.59316
G1 X102.114 Y136.048 E983.60198
G1 X101.746 Y135.991 E983.60941
G1 X101.39 Y135.897 E983.61676
G1 X101.053 Y135.768 E983.62396
G1 X100.709 Y135.594 E983.63165
G1 X100.391 Y135.386 E983.63924
G1 X100.111 Y135.159 E983.64643
G1 X99.829 Y134.877 E983.65439
G1 X99.619 Y134.619 E983.66103
G1 X99.394 Y134.263 E983.66943
G1 X99.219 Y133.929 E983.67696
G1 X99.095 Y133.602 E983.68394
G1 X99 Y133.254 E983.69114
G1 X98.944 Y132.875 E983.69878
G1 X98.92 Y132.458 E983.70712
G1 X98.921 Y102.554 E984.30388
G1 X98.944 Y102.114 E984.31268
G1 X99.004 Y101.735 E984.32033
G1 X99.099 Y101.386 E984.32755
G1 X99.231 Y101.038 E984.33498
G1 X99.417 Y100.678 E984.34307
G1 X99.626 Y100.363 E984.35061
G1 X99.865 Y100.068 E984.35819
G1 X100.124 Y99.816 E984.3654
G1 X100.443 Y99.565 E984.3735
G1 X100.765 Y99.368 E984.38103
G1 X101.138 Y99.185 E984.38932
G1 X101.519 Y99.049 E984.3974
G1 X101.97 Y98.955 E984.40659
G1 X102.353 Y98.92 E984.41426
G1 X132.442 Y98.92 E985.01472
G1 X132.879 Y98.944 E985.02346
G1 X133.25 Y99.001 E985.03095
G1 X133.602 Y99.095 E985.03822
G1 X133.938 Y99.224 E985.0454
G1 X134.283 Y99.398 E985.05311
G1 X134.601 Y99.606 E985.06069
G1 X134.881 Y99.833 E985.06789
G1 X135.163 Y100.115 E985.07585
G1 X135.381 Y100.382 E985.08272
G1 X135.603 Y100.729 E985.09095
G1 X135.769 Y101.042 E985.09802
G1 X135.897 Y101.389 E985.1054
G1 X135.992 Y101.743 E985.11271
G1 X136.052 Y102.118 E985.12029
G1 X136.076 Y102.526 E985.12845
G1 X136.076 Y132.441 E985.72543
G1 X136.048 Y132.874 E985.73409
G1 X135.991 Y133.254 E985.74176
G1 X135.897 Y133.594 E985.7488
G1 X135.768 Y133.943 E985.75622
G1 X135.602 Y134.271 E985.76356
G1 X135.382 Y134.605 E985.77154
G1 X135.162 Y134.878 E985.77854
G1 X134.881 Y135.159 E985.78647
G1 X134.601 Y135.386 E985.79366
G1 X134.282 Y135.595 E985.80127
G1 X133.943 Y135.768 E985.80887
G1 X133.602 Y135.897 E985.81614
G1 X133.25 Y135.992 E985.82342
G1 X132.878 Y136.049 E985.83093
G1 X132.441 Y136.076 E985.83967
G1 X117.5 Y136.076 E986.13783
G1 F2700 E981.13783
G0 F9000 X117.5 Y136.336
G0 X117.5 Y133.679
G0 X117.5 Y133.855
G1 F2700 E986.13783
G1 F1500 X132.591 Y133.854 E986.43899
G1 X133.043 Y133.769 E986.44817
G1 X133.466 Y133.458 E986.45864
G1 X133.64 Y133.247 E986.4641
G1 X133.796 Y132.934 E986.47108
G1 X133.856 Y132.569 E986.47846
G1 X133.856 Y102.42 E987.08012
G1 X133.818 Y102.158 E987.0854
G1 X133.665 Y101.768 E987.09376
G1 X133.352 Y101.435 E987.10288
G1 X132.928 Y101.204 E987.11252
G1 X132.571 Y101.14 E987.11976
G1 X102.378 Y101.144 E987.72229
G1 X101.984 Y101.235 E987.73036
G1 X101.656 Y101.426 E987.73793
G1 X101.431 Y101.653 E987.74431
G1 X101.208 Y102.068 E987.75371
G1 X101.146 Y102.34 E987.75928
G1 X101.14 Y132.576 E988.36267
G1 X101.201 Y132.915 E988.36955
G1 X101.472 Y133.395 E988.38055
G1 X101.702 Y133.604 E988.38675
G1 X102.049 Y133.796 E988.39466
G1 X102.423 Y133.856 E988.40222
G1 X117.5 Y133.855 E988.7031
G1 F2700 E983.7031
G0 F9000 X117.5 Y133.599
G0 X132.563 Y133.68
G0 X132.95 Y136.203
G0 X133.731 Y136.128
G0 X133.57 Y135.697
G1 F2700 E988.7031
G1 F1500 X135.69 Y133.576 E988.76294
G0 F9000 X135.849 Y132.852
G1 F1500 X132.85 Y135.851 E988.84758
G0 F9000 X132.259 Y135.876
G1 F1500 X135.876 Y132.259 E988.94966
G0 F9000 X135.876 Y131.693
G1 F1500 X131.693 Y135.876 E989.06772
G0 F9000 X131.127 Y135.876
G1 F1500 X133.032 Y133.972 E989.12146
G0 F9000 X132.382 Y134.055
G1 F1500 X130.562 Y135.876 E989.17284
G0 F9000 X129.996 Y135.876
G1 F1500 X131.817 Y134.055 E989.22424
G0 F9000 X131.251 Y134.055
G1 F1500 X129.43 Y135.876 E989.27563
G0 F9000 X128.865 Y135.876
G1 F1500 X130.685 Y134.055 E989.32701
G0 F9000 X130.12 Y134.055
G1 F1500 X128.299 Y135.876 E989.3784
G0 F9000 X127.733 Y135.876
G1 F1500 X129.554 Y134.055 E989.42979
G0 F9000 X128.988 Y134.055
G1 F1500 X127.167 Y135.876 E989.48118
G0 F9000 X126.602 Y135.876
G1 F1500 X128.423 Y134.055 E989.53258
G0 F9000 X127.857 Y134.055
G1 F1500 X126.036 Y135.876 E989.58397
G0 F9000 X125.47 Y135.876
G1 F1500 X127.291 Y134.055 E989.63536
G0 F9000 X126.726 Y134.055
G1 F1500 X124.905 Y135.876 E989.68675
G0 F9000 X124.339 Y135.876
G1 F1500 X126.16 Y134.055 E989.73815
G0 F9000 X125.594 Y134.055
G1 F1500 X123.773 Y135.876 E989.78954
G0 F9000 X123.208 Y135.876
G1 F1500 X125.028 Y134.055 E989.84092
G0 F9000 X124.463 Y134.055
G1 F1500 X122.642 Y135.876 E989.89231
G0 F9000 X122.076 Y135.876
G1 F1500 X123.897 Y134.055 E989.9437
G0 F9000 X123.331 Y134.055
G1 F1500 X121.511 Y135.876 E989.99508
G0 F9000 X120.945 Y135.876
G1 F1500 X122.766 Y134.055 E990.04647
G0 F9000 X122.2 Y134.055
G1 F1500 X120.379 Y135.876 E990.09787
G0 F9000 X119.814 Y135.876
G1 F1500 X121.634 Y134.055 E990.14925
G0 F9000 X121.069 Y134.055
G1 F1500 X119.248 Y135.876 E990.20064
G0 F9000 X118.682 Y135.876
G1 F1500 X120.503 Y134.055 E990.25203
G0 F9000 X119.937 Y134.055
G1 F1500 X118.117 Y135.876 E990.30341
G0 F9000 X117.551 Y135.876
G1 F1500 X119.372 Y134.055 E990.3548
G0 F9000 X118.806 Y134.055
G1 F1500 X116.985 Y135.876 E990.40619
G0 F9000 X116.419 Y135.876
G1 F1500 X118.24 Y134.055 E990.45759
G0 F9000 X117.675 Y134.055
G1 F1500 X115.854 Y135.876 E990.50898
G0 F9000 X115.288 Y135.876
G1 F1500 X117.109 Y134.055 E990.56037
G0 F9000 X116.543 Y134.055
G1 F1500 X114.722 Y135.876 E990.61176
G0 F9000 X114.157 Y135.876
G1 F1500 X115.978 Y134.055 E990.66316
G0 F9000 X115.412 Y134.055
G1 F1500 X113.591 Y135.876 E990.71455
G0 F9000 X113.025 Y135.876
G1 F1500 X114.846 Y134.055 E990.76594
G0 F9000 X114.28 Y134.055
G1 F1500 X112.46 Y135.876 E990.81732
G0 F9000 X111.894 Y135.876
G1 F1500 X113.715 Y134.055 E990.86871
G0 F9000 X113.149 Y134.055
G1 F1500 X111.328 Y135.876 E990.92011
G0 F9000 X110.763 Y135.876
G1 F1500 X112.583 Y134.055 E990.97148
G0 F9000 X112.018 Y134.055
G1 F1500 X110.197 Y135.876 E991.02288
G0 F9000 X109.631 Y135.876
G1 F1500 X111.452 Y134.055 E991.07427
G0 F9000 X110.886 Y134.055
G1 F1500 X109.066 Y135.876 E991.12565
G0 F9000 X108.5 Y135.876
G1 F1500 X110.321 Y134.055 E991.17704
G0 F9000 X109.755 Y134.055
G1 F1500 X107.934 Y135.876 E991.22843
G0 F9000 X107.369 Y135.876
G1 F1500 X109.189 Y134.055 E991.27981
G0 F9000 X108.624 Y134.055
G1 F1500 X106.803 Y135.876 E991.3312
G0 F9000 X106.237 Y135.876
G1 F1500 X108.058 Y134.055 E991.3826
G0 F9000 X107.492 Y134.055
G1 F1500 X105.671 Y135.876 E991.43399
G0 F9000 X105.106 Y135.876
G1 F1500 X106.927 Y134.055 E991.48538
G0 F9000 X106.361 Y134.055
G1 F1500 X104.54 Y135.876 E991.53677
G0 F9000 X103.974 Y135.876
G1 F1500 X105.795 Y134.055 E991.58817
G0 F9000 X105.23 Y134.055
G1 F1500 X103.409 Y135.876 E991.63956
G0 F9000 X102.843 Y135.876
G1 F1500 X104.664 Y134.055 E991.69095
G0 F9000 X104.098 Y134.055
G1 F1500 X102.294 Y135.859 E991.74186
G0 F9000 X101.792 Y135.796
G1 F1500 X103.532 Y134.055 E991.79098
G0 F9000 X102.967 Y134.055
G1 F1500 X101.353 Y135.669 E991.83654
G0 F9000 X100.959 Y135.497
G1 F1500 X102.402 Y134.054 E991.87726
G0 F9000 X101.932 Y133.959
G1 F1500 X100.604 Y135.286 E991.91472
G0 F9000 X100.283 Y135.042
G1 F1500 X101.57 Y133.755 E991.95105
G0 F9000 X101.285 Y133.475
G1 F1500 X99.997 Y134.763 E991.9874
G0 F9000 X99.747 Y134.446
G1 F1500 X101.08 Y133.114 E992.025
G0 F9000 X100.955 Y132.673
G1 F1500 X99.532 Y134.096 E992.06516
G0 F9000 X99.351 Y133.712
G1 F1500 X100.94 Y132.122 E992.11002
G0 F9000 X100.94 Y131.557
G1 F1500 X99.215 Y133.282 E992.15871
G0 F9000 X99.141 Y132.79
G1 F1500 X100.94 Y130.991 E992.20948
G0 F9000 X100.94 Y130.425
G1 F1500 X99.121 Y132.245 E992.26083
G0 F9000 X99.121 Y131.679
G1 F1500 X100.94 Y129.859 E992.31218
G0 F9000 X100.941 Y129.293
G1 F1500 X99.121 Y131.113 E992.36354
G0 F9000 X99.121 Y130.547
G1 F1500 X100.941 Y128.727 E992.41491
G0 F9000 X100.941 Y128.162
G1 F1500 X99.121 Y129.982 E992.46627
G0 F9000 X99.121 Y129.416
G1 F1500 X100.941 Y127.596 E992.51763
G0 F9000 X100.942 Y127.03
G1 F1500 X99.121 Y128.85 E992.56901
G0 F9000 X99.121 Y128.285
G1 F1500 X100.942 Y126.464 E992.62041
G0 F9000 X100.942 Y125.898
G1 F1500 X99.121 Y127.719 E992.6718
G0 F9000 X99.121 Y127.153
G1 F1500 X100.942 Y125.333 E992.72318
G0 F9000 X100.942 Y124.767
G1 F1500 X99.121 Y126.588 E992.77457
G0 F9000 X99.121 Y126.022
G1 F1500 X100.942 Y124.2 E992.82598
G0 F9000 X100.942 Y123.635
G1 F1500 X99.121 Y125.456 E992.87737
G0 F9000 X99.121 Y124.891
G1 F1500 X100.942 Y123.069 E992.92878
G0 F9000 X100.942 Y122.503
G1 F1500 X99.121 Y124.325 E992.98018
G0 F9000 X99.121 Y123.759
G1 F1500 X100.942 Y121.938 E993.03157
G0 F9000 X100.943 Y121.371
G1 F1500 X99.121 Y123.194 E993.08301
G0 F9000 X99.121 Y122.628
G1 F1500 X100.943 Y120.806 E993.13443
G0 F9000 X100.943 Y120.24
G1 F1500 X99.121 Y122.062 E993.18585
G0 F9000 X99.121 Y121.497
G1 F1500 X100.943 Y119.674 E993.23729
G0 F9000 X100.943 Y119.109
G1 F1500 X99.121 Y120.931 E993.28871
G0 F9000 X99.121 Y120.365
G1 F1500 X100.944 Y118.542 E993.34016
G0 F9000 X100.944 Y117.977
G1 F1500 X99.121 Y119.799 E993.39159
G0 F9000 X99.121 Y119.234
G1 F1500 X100.944 Y117.411 E993.44304
G0 F9000 X100.944 Y116.845
G1 F1500 X99.121 Y118.668 E993.49449
G0 F9000 X99.121 Y118.102
G1 F1500 X100.944 Y116.279 E993.54594
G0 F9000 X100.944 Y115.713
G1 F1500 X99.121 Y117.537 E993.5974
G0 F9000 X99.121 Y116.971
G1 F1500 X100.944 Y115.147 E993.64886
G0 F9000 X100.944 Y114.582
G1 F1500 X99.121 Y116.405 E993.70031
G0 F9000 X99.121 Y115.84
G1 F1500 X100.944 Y114.016 E993.75178
G0 F9000 X100.944 Y113.45
G1 F1500 X99.121 Y115.274 E993.80324
G0 F9000 X99.121 Y114.708
G1 F1500 X100.945 Y112.884 E993.85472
G0 F9000 X100.945 Y112.318
G1 F1500 X99.121 Y114.143 E993.90621
G0 F9000 X99.121 Y113.577
G1 F1500 X100.945 Y111.753 E993.95768
G0 F9000 X100.945 Y111.187
G1 F1500 X99.121 Y113.011 E994.00916
G0 F9000 X99.121 Y112.446
G1 F1500 X100.945 Y110.621 E994.06065
G0 F9000 X100.946 Y110.055
G1 F1500 X99.121 Y111.88 E994.11216
G0 F9000 X99.121 Y111.314
G1 F1500 X100.946 Y109.489 E994.16366
G0 F9000 X100.946 Y108.923
G1 F1500 X99.121 Y110.748 E994.21517
G0 F9000 X99.121 Y110.183
G1 F1500 X100.946 Y108.358 E994.26668
G0 F9000 X100.947 Y107.791
G1 F1500 X99.121 Y109.617 E994.31821
G0 F9000 X99.121 Y109.051
G1 F1500 X100.947 Y107.226 E994.36973
G0 F9000 X100.947 Y106.66
G1 F1500 X99.121 Y108.486 E994.42126
G0 F9000 X99.121 Y107.92
G1 F1500 X100.947 Y106.094 E994.4728
G0 F9000 X100.947 Y105.529
G1 F1500 X99.121 Y107.354 E994.52432
G0 F9000 X99.121 Y106.789
G1 F1500 X100.947 Y104.962 E994.57586
G0 F9000 X100.947 Y104.397
G1 F1500 X99.121 Y106.223 E994.6274
G0 F9000 X99.121 Y105.657
G1 F1500 X100.947 Y103.831 E994.67893
G0 F9000 X100.947 Y103.265
G1 F1500 X99.121 Y105.092 E994.73048
G0 F9000 X99.121 Y104.526
G1 F1500 X100.947 Y102.699 E994.78203
G0 F9000 X101.001 Y102.08
G1 F1500 X99.121 Y103.96 E994.83508
G0 F9000 X99.121 Y103.395
G1 F1500 X103.395 Y99.12 E994.95572
G0 F9000 X102.83 Y99.12
G1 F1500 X99.121 Y102.829 E995.0604
G0 F9000 X99.138 Y102.246
G1 F1500 X102.255 Y99.129 E995.14836
G0 F9000 X101.577 Y99.241
G1 F1500 X99.26 Y101.558 E995.21375
G0 F9000 X98.817 Y101.437
G0 X99.504 Y100.103
G0 X99.86 Y100.393
G1 F1500 X100.4 Y99.853 E995.22899
G1 F2700 E990.22899
G0 F9000 X100.121 Y99.492
G0 X101.016 Y99.044
G0 X102.048 Y101.408
G0 X102.072 Y101.009
G1 F2700 E995.22899
G1 F1500 X103.961 Y99.12 E995.28231
G0 F9000 X104.527 Y99.12
G1 F1500 X102.702 Y100.944 E995.3338
G0 F9000 X103.268 Y100.944
G1 F1500 X105.092 Y99.12 E995.38527
G0 F9000 X105.658 Y99.12
G1 F1500 X103.834 Y100.944 E995.43675
G0 F9000 X104.399 Y100.944
G1 F1500 X106.224 Y99.12 E995.48824
G0 F9000 X106.789 Y99.12
G1 F1500 X104.965 Y100.944 E995.53972
G0 F9000 X105.531 Y100.944
G1 F1500 X107.355 Y99.12 E995.5912
G0 F9000 X107.921 Y99.12
G1 F1500 X106.096 Y100.944 E995.64269
G0 F9000 X106.662 Y100.944
G1 F1500 X108.486 Y99.12 E995.69417
G0 F9000 X109.052 Y99.12
G1 F1500 X107.228 Y100.944 E995.74564
G0 F9000 X107.794 Y100.944
G1 F1500 X109.618 Y99.12 E995.79712
G0 F9000 X110.183 Y99.12
G1 F1500 X108.36 Y100.944 E995.84858
G0 F9000 X108.926 Y100.944
G1 F1500 X110.749 Y99.12 E995.90005
G0 F9000 X111.315 Y99.12
G1 F1500 X109.491 Y100.944 E995.95152
G0 F9000 X110.057 Y100.944
G1 F1500 X111.881 Y99.12 E996.003
G0 F9000 X112.446 Y99.12
G1 F1500 X110.623 Y100.944 E996.05446
G0 F9000 X111.188 Y100.944
G1 F1500 X113.012 Y99.12 E996.10594
G0 F9000 X113.578 Y99.12
G1 F1500 X111.754 Y100.944 E996.15742
G0 F9000 X112.32 Y100.944
G1 F1500 X114.143 Y99.12 E996.20888
G0 F9000 X114.709 Y99.12
G1 F1500 X112.886 Y100.943 E996.26033
G0 F9000 X113.452 Y100.943
G1 F1500 X115.275 Y99.12 E996.31178
G0 F9000 X115.84 Y99.12
G1 F1500 X114.017 Y100.943 E996.36323
G0 F9000 X114.583 Y100.943
G1 F1500 X116.406 Y99.12 E996.41468
G0 F9000 X116.972 Y99.12
G1 F1500 X115.149 Y100.943 E996.46613
G0 F9000 X115.714 Y100.943
G1 F1500 X117.537 Y99.12 E996.51758
G0 F9000 X118.103 Y99.12
G1 F1500 X116.28 Y100.943 E996.56902
G0 F9000 X116.846 Y100.943
G1 F1500 X118.669 Y99.12 E996.62047
G0 F9000 X119.234 Y99.12
G1 F1500 X117.412 Y100.943 E996.67191
G0 F9000 X117.978 Y100.942
G1 F1500 X119.8 Y99.12 E996.72333
G0 F9000 X120.366 Y99.12
G1 F1500 X118.544 Y100.942 E996.77475
G0 F9000 X119.109 Y100.942
G1 F1500 X120.932 Y99.12 E996.82619
G0 F9000 X121.497 Y99.12
G1 F1500 X119.675 Y100.942 E996.87761
G0 F9000 X120.241 Y100.942
G1 F1500 X122.063 Y99.12 E996.92903
G0 F9000 X122.629 Y99.12
G1 F1500 X120.806 Y100.942 E996.98046
G0 F9000 X121.372 Y100.942
G1 F1500 X123.194 Y99.12 E997.03188
G0 F9000 X123.76 Y99.12
G1 F1500 X121.938 Y100.942 E997.0833
G0 F9000 X122.503 Y100.942
G1 F1500 X124.326 Y99.12 E997.13474
G0 F9000 X124.891 Y99.12
G1 F1500 X123.07 Y100.942 E997.18614
G0 F9000 X123.635 Y100.942
G1 F1500 X125.457 Y99.12 E997.23757
G0 F9000 X126.023 Y99.12
G1 F1500 X124.201 Y100.942 E997.28899
G0 F9000 X124.767 Y100.942
G1 F1500 X126.588 Y99.12 E997.34039
G0 F9000 X127.154 Y99.12
G1 F1500 X125.333 Y100.942 E997.3918
G0 F9000 X125.898 Y100.942
G1 F1500 X127.72 Y99.12 E997.44322
G0 F9000 X128.285 Y99.12
G1 F1500 X126.464 Y100.942 E997.49463
G0 F9000 X127.03 Y100.942
G1 F1500 X128.851 Y99.12 E997.54603
G0 F9000 X129.417 Y99.12
G1 F1500 X127.596 Y100.941 E997.59743
G0 F9000 X128.162 Y100.941
G1 F1500 X129.982 Y99.12 E997.6488
G0 F9000 X130.548 Y99.12
G1 F1500 X128.727 Y100.941 E997.7002
G0 F9000 X129.293 Y100.941
G1 F1500 X131.114 Y99.12 E997.75159
G0 F9000 X131.68 Y99.12
G1 F1500 X129.859 Y100.941 E997.80298
G0 F9000 X130.424 Y100.941
G1 F1500 X132.245 Y99.12 E997.85438
G0 F9000 X132.793 Y99.138
G1 F1500 X130.99 Y100.941 E997.90526
G0 F9000 X131.556 Y100.941
G1 F1500 X133.281 Y99.216 E997.95394
G0 F9000 X133.711 Y99.351
G1 F1500 X132.121 Y100.941 E997.99882
G0 F9000 X132.672 Y100.956
G1 F1500 X134.099 Y99.529 E998.03909
G0 F9000 X134.449 Y99.745
G1 F1500 X133.116 Y101.078 E998.07671
G0 F9000 X133.481 Y101.278
G1 F1500 X134.763 Y99.997 E998.11288
G0 F9000 X135.042 Y100.283
G1 F1500 X133.752 Y101.573 E998.14928
G0 F9000 X133.949 Y101.941
G1 F1500 X135.286 Y100.605 E998.187
G0 F9000 X135.498 Y100.959
G1 F1500 X134.055 Y102.401 E998.22771
G0 F9000 X134.056 Y102.966
G1 F1500 X135.67 Y101.352 E998.27326
G0 F9000 X135.796 Y101.792
G1 F1500 X134.056 Y103.532 E998.32237
G0 F9000 X134.056 Y104.097
G1 F1500 X135.861 Y102.292 E998.37331
G0 F9000 X135.876 Y102.843
G1 F1500 X134.056 Y104.663 E998.42467
G0 F9000 X134.056 Y105.229
G1 F1500 X135.876 Y103.409 E998.47604
G0 F9000 X135.876 Y103.974
G1 F1500 X134.056 Y105.794 E998.5274
G0 F9000 X134.056 Y106.36
G1 F1500 X135.876 Y104.54 E998.57877
G0 F9000 X135.876 Y105.106
G1 F1500 X134.056 Y106.926 E998.63013
G0 F9000 X134.056 Y107.492
G1 F1500 X135.876 Y105.671 E998.68151
G0 F9000 X135.876 Y106.237
G1 F1500 X134.056 Y108.057 E998.73287
G0 F9000 X134.056 Y108.623
G1 F1500 X135.876 Y106.803 E998.78424
G0 F9000 X135.876 Y107.369
G1 F1500 X134.056 Y109.189 E998.8356
G0 F9000 X134.056 Y109.754
G1 F1500 X135.876 Y107.934 E998.88697
G0 F9000 X135.876 Y108.5
G1 F1500 X134.056 Y110.32 E998.93833
G0 F9000 X134.056 Y110.886
G1 F1500 X135.876 Y109.066 E998.9897
G0 F9000 X135.876 Y109.631
G1 F1500 X134.056 Y111.451 E999.04106
G0 F9000 X134.056 Y112.017
G1 F1500 X135.876 Y110.197 E999.09242
G0 F9000 X135.876 Y110.763
G1 F1500 X134.056 Y112.583 E999.14379
G0 F9000 X134.056 Y113.148
G1 F1500 X135.876 Y111.328 E999.19515
G0 F9000 X135.876 Y111.894
G1 F1500 X134.056 Y113.714 E999.24652
G0 F9000 X134.056 Y114.28
G1 F1500 X135.876 Y112.46 E999.29788
G0 F9000 X135.876 Y113.025
G1 F1500 X134.056 Y114.845 E999.34925
G0 F9000 X134.056 Y115.411
G1 F1500 X135.876 Y113.591 E999.40061
G0 F9000 X135.876 Y114.157
G1 F1500 X134.056 Y115.977 E999.45198
G0 F9000 X134.056 Y116.543
G1 F1500 X135.876 Y114.722 E999.50335
G0 F9000 X135.876 Y115.288
G1 F1500 X134.056 Y117.108 E999.55472
G0 F9000 X134.056 Y117.674
G1 F1500 X135.876 Y115.854 E999.60608
G0 F9000 X135.876 Y116.419
G1 F1500 X134.056 Y118.24 E999.65746
G0 F9000 X134.056 Y118.805
G1 F1500 X135.876 Y116.985 E999.70882
G0 F9000 X135.876 Y117.551
G1 F1500 X134.056 Y119.371 E999.76019
G0 F9000 X134.056 Y119.937
G1 F1500 X135.876 Y118.117 E999.81155
G0 F9000 X135.876 Y118.682
G1 F1500 X134.056 Y120.502 E999.86292
G0 F9000 X134.056 Y121.068
G1 F1500 X135.876 Y119.248 E999.91428
G0 F9000 X135.876 Y119.814
G1 F1500 X134.056 Y121.634 E999.96565
G0 F9000 X134.056 Y122.199
G1 F1500 X135.876 Y120.379 E1000.01701
G0 F9000 X135.876 Y120.945
G1 F1500 X134.056 Y122.765 E1000.06838
G0 F9000 X134.056 Y123.331
G1 F1500 X135.876 Y121.511 E1000.11974
G0 F9000 X135.876 Y122.076
G1 F1500 X134.056 Y123.896 E1000.1711
G0 F9000 X134.056 Y124.462
G1 F1500 X135.876 Y122.642 E1000.22247
G0 F9000 X135.876 Y123.208
G1 F1500 X134.056 Y125.028 E1000.27383
G0 F9000 X134.056 Y125.593
G1 F1500 X135.876 Y123.773 E1000.3252
G0 F9000 X135.876 Y124.339
G1 F1500 X134.056 Y126.159 E1000.37656
G0 F9000 X134.056 Y126.725
G1 F1500 X135.876 Y124.905 E1000.42793
G0 F9000 X135.876 Y125.47
G1 F1500 X134.056 Y127.291 E1000.4793
G0 F9000 X134.056 Y127.856
G1 F1500 X135.876 Y126.036 E1000.53067
G0 F9000 X135.876 Y126.602
G1 F1500 X134.056 Y128.422 E1000.58203
G0 F9000 X134.056 Y128.988
G1 F1500 X135.876 Y127.167 E1000.63341
G0 F9000 X135.876 Y127.733
G1 F1500 X134.056 Y129.553 E1000.68478
G0 F9000 X134.056 Y130.119
G1 F1500 X135.876 Y128.299 E1000.73614
G0 F9000 X135.876 Y128.865
G1 F1500 X134.056 Y130.685 E1000.7875
G0 F9000 X134.056 Y131.25
G1 F1500 X135.876 Y129.43 E1000.83887
G0 F9000 X135.876 Y129.996
G1 F1500 X134.056 Y131.816 E1000.89023
G0 F9000 X134.056 Y132.382
G1 F1500 X135.876 Y130.562 E1000.9416
G0 F9000 X135.876 Y131.127
G1 F1500 X133.968 Y133.036 E1000.99546
;MESH:NONMESH
G0 F300 X133.968 Y133.036 Z4.44
G0 F9000 X133.555 Y132.845
G0 X133.338 Y133.338
G0 X117.5 Y133.497
;TIME_ELAPSED:2455.503762
;LAYER:36
;TYPE:WALL-INNER
;MESH:robotface-cover.stl
G1 F1500 X102.447 Y133.499 E1001.29586
G1 X102.239 Y133.466 E1001.30006
G1 X101.997 Y133.365 E1001.30529
G1 X101.835 Y133.248 E1001.30928
G1 X101.633 Y133 E1001.31566
G1 X101.548 Y132.808 E1001.31986
G1 X101.501 Y132.555 E1001.32499
G1 X101.501 Y102.38 E1001.92717
G1 X101.566 Y102.14 E1001.93213
G1 X101.724 Y101.868 E1001.9384
G1 X101.876 Y101.718 E1001.94267
G1 X102.165 Y101.557 E1001.94927
G1 X102.434 Y101.502 E1001.95475
G1 X132.553 Y101.501 E1002.5558
G1 X132.809 Y101.548 E1002.561
G1 X133.129 Y101.721 E1002.56826
G1 X133.279 Y101.87 E1002.57248
G1 X133.466 Y102.238 E1002.58071
G1 X133.499 Y102.445 E1002.5849
G1 X133.5 Y132.553 E1003.18574
G1 X133.391 Y132.957 E1003.19409
G1 X133.134 Y133.275 E1003.20225
G1 X132.957 Y133.391 E1003.20647
G1 X132.608 Y133.495 E1003.21374
G1 X117.5 Y133.497 E1003.51523
G0 F9000 X117.5 Y133.1
G1 F1500 X102.468 Y133.1 E1003.81521
G1 X102.256 Y133.049 E1003.81956
G1 X102.075 Y132.925 E1003.82394
G1 X101.9 Y132.621 E1003.83094
G1 X101.9 Y102.469 E1004.43266
G1 X101.967 Y102.223 E1004.43775
G1 X102.075 Y102.075 E1004.4414
G1 X102.299 Y101.934 E1004.44668
G1 X102.46 Y101.901 E1004.44996
G1 X132.532 Y101.9 E1005.05008
G1 X132.774 Y101.965 E1005.05508
G1 X133.002 Y102.169 E1005.06119
G1 X133.1 Y102.467 E1005.06745
G1 X133.101 Y132.566 E1005.66811
G1 X133.061 Y132.715 E1005.67119
G1 X132.925 Y132.925 E1005.67618
G1 X132.718 Y133.06 E1005.68111
G1 X132.532 Y133.1 E1005.68491
G1 X117.5 Y133.1 E1005.98489
G1 F2700 E1000.98489
G0 F9000 X117.5 Y133.41
G0 X117.5 Y133.696
G0 X117.5 Y136.256
G0 X117.5 Y136.456
G1 F2700 E1005.98489
G1 F1500 X132.461 Y136.456 E1006.28345
G1 X132.917 Y136.432 E1006.29256
G1 X133.329 Y136.368 E1006.30088
G1 X133.716 Y136.264 E1006.30888
G1 X134.101 Y136.114 E1006.31713
G1 X134.481 Y135.92 E1006.32564
G1 X134.824 Y135.7 E1006.33377
G1 X135.136 Y135.445 E1006.34181
G1 X135.446 Y135.134 E1006.35058
G1 X135.693 Y134.827 E1006.35844
G1 X135.926 Y134.472 E1006.36691
G1 X136.117 Y134.099 E1006.37528
G1 X136.263 Y133.718 E1006.38342
G1 X136.367 Y133.329 E1006.39145
G1 X136.432 Y132.917 E1006.39978
G1 X136.456 Y132.461 E1006.40889
G1 X136.456 Y102.516 E1007.00648
G1 X136.432 Y102.081 E1007.01517
G1 X136.368 Y101.668 E1007.02351
G1 X136.263 Y101.281 E1007.03151
G1 X136.117 Y100.896 E1007.03973
G1 X135.93 Y100.533 E1007.04788
G1 X135.687 Y100.163 E1007.05671
G1 X135.446 Y99.864 E1007.06438
G1 X135.136 Y99.551 E1007.07317
G1 X134.824 Y99.299 E1007.08117
G1 X134.478 Y99.075 E1007.0894
G1 X134.105 Y98.884 E1007.09776
G1 X133.719 Y98.737 E1007.106
G1 X133.325 Y98.632 E1007.11414
G1 X132.913 Y98.564 E1007.12247
G1 X132.461 Y98.541 E1007.1315
G1 X102.433 Y98.54 E1007.73074
G1 X102.152 Y98.56 E1007.73637
G1 X101.843 Y98.596 E1007.74257
G1 X101.354 Y98.71 E1007.75259
G1 X100.955 Y98.851 E1007.76104
G1 X100.568 Y99.043 E1007.76966
G1 X100.202 Y99.27 E1007.77826
G1 X99.876 Y99.531 E1007.78659
G1 X99.583 Y99.824 E1007.79486
G1 X99.312 Y100.157 E1007.80343
G1 X99.092 Y100.491 E1007.81141
G1 X98.885 Y100.888 E1007.82034
G1 X98.736 Y101.276 E1007.82864
G1 X98.632 Y101.664 E1007.83665
G1 X98.564 Y102.075 E1007.84497
G1 X98.54 Y102.534 E1007.85414
G1 X98.54 Y132.48 E1008.45174
G1 X98.564 Y132.912 E1008.46038
G1 X98.632 Y133.325 E1008.46873
G1 X98.737 Y133.718 E1008.47685
G1 X98.883 Y134.099 E1008.48499
G1 X99.076 Y134.475 E1008.49343
G1 X99.302 Y134.827 E1008.50177
G1 X99.552 Y135.133 E1008.50966
G1 X99.864 Y135.445 E1008.51846
G1 X100.178 Y135.701 E1008.52655
G1 X100.517 Y135.921 E1008.53461
G1 X100.894 Y136.113 E1008.54306
G1 X101.284 Y136.264 E1008.5514
G1 X101.668 Y136.368 E1008.55934
G1 X102.079 Y136.432 E1008.56764
G1 X102.535 Y136.456 E1008.57676
G1 X117.5 Y136.456 E1008.8754
G0 F9000 X117.5 Y136.856
G1 F1500 X132.472 Y136.856 E1009.17418
G1 X132.958 Y136.83 E1009.18389
G1 X133.411 Y136.76 E1009.19304
G1 X133.84 Y136.645 E1009.2019
G1 X134.265 Y136.48 E1009.211
G1 X134.68 Y136.267 E1009.22031
G1 X135.059 Y136.025 E1009.22928
G1 X135.405 Y135.742 E1009.2382
G1 X135.744 Y135.402 E1009.24779
G1 X136.017 Y135.062 E1009.25649
G1 X136.272 Y134.673 E1009.26577
G1 X136.483 Y134.263 E1009.27497
G1 X136.644 Y133.842 E1009.28397
G1 X136.759 Y133.411 E1009.29287
G1 X136.83 Y132.958 E1009.30202
G1 X136.856 Y132.472 E1009.31173
G1 X136.856 Y102.505 E1009.90976
G1 X136.83 Y102.039 E1009.91907
G1 X136.76 Y101.585 E1009.92824
G1 X136.644 Y101.158 E1009.93707
G1 X136.483 Y100.733 E1009.94614
G1 X136.276 Y100.331 E1009.95516
G1 X136.011 Y99.927 E1009.9648
G1 X135.744 Y99.597 E1009.97327
G1 X135.404 Y99.254 E1009.98291
G1 X135.059 Y98.975 E1009.99177
G1 X134.679 Y98.729 E1010.0008
G1 X134.267 Y98.518 E1010.01004
G1 X133.843 Y98.356 E1010.01909
G1 X133.409 Y98.24 E1010.02806
G1 X132.955 Y98.166 E1010.03724
G1 X132.472 Y98.141 E1010.04689
G1 X102.42 Y98.14 E1010.64661
G1 X102.15 Y98.158 E1010.65201
G1 X101.775 Y98.201 E1010.65954
G1 X101.241 Y98.325 E1010.67048
G1 X100.799 Y98.482 E1010.67984
G1 X100.373 Y98.693 E1010.68933
G1 X99.971 Y98.943 E1010.69878
G1 X99.609 Y99.233 E1010.70803
G1 X99.286 Y99.555 E1010.71714
G1 X98.989 Y99.92 E1010.72653
G1 X98.746 Y100.288 E1010.73533
G1 X98.52 Y100.723 E1010.74511
G1 X98.356 Y101.151 E1010.75426
G1 X98.24 Y101.579 E1010.76311
G1 X98.166 Y102.032 E1010.77227
G1 X98.14 Y102.524 E1010.7821
G1 X98.14 Y132.491 E1011.38012
G1 X98.166 Y132.955 E1011.3894
G1 X98.24 Y133.409 E1011.39858
G1 X98.356 Y133.842 E1011.40752
G1 X98.517 Y134.263 E1011.41652
G1 X98.729 Y134.675 E1011.42576
G1 X98.978 Y135.062 E1011.43495
G1 X99.254 Y135.401 E1011.44367
G1 X99.595 Y135.742 E1011.45329
G1 X99.942 Y136.025 E1011.46223
G1 X100.317 Y136.267 E1011.47114
G1 X100.73 Y136.479 E1011.4804
G1 X101.159 Y136.644 E1011.48957
G1 X101.585 Y136.76 E1011.49838
G1 X102.038 Y136.83 E1011.50753
G1 X102.524 Y136.856 E1011.51724
G1 X117.5 Y136.856 E1011.81611
G0 F9000 X117.5 Y137.256
;TYPE:WALL-OUTER
G1 F1500 X132.482 Y137.256 E1012.11509
G1 X132.999 Y137.228 E1012.12542
G1 X133.494 Y137.152 E1012.13541
G1 X133.965 Y137.025 E1012.14515
G1 X134.429 Y136.845 E1012.15508
G1 X134.88 Y136.614 E1012.16519
G1 X135.294 Y136.349 E1012.175
G1 X135.673 Y136.039 E1012.18477
G1 X136.042 Y135.67 E1012.19519
G1 X136.341 Y135.298 E1012.20471
G1 X136.618 Y134.875 E1012.2148
G1 X136.849 Y134.426 E1012.22488
G1 X137.025 Y133.966 E1012.23471
G1 X137.151 Y133.494 E1012.24446
G1 X137.228 Y132.999 E1012.25445
G1 X137.256 Y132.482 E1012.26479
G1 X137.256 Y102.494 E1012.86323
G1 X137.228 Y101.997 E1012.87316
G1 X137.152 Y101.502 E1012.88316
G1 X137.025 Y101.034 E1012.89283
G1 X136.849 Y100.57 E1012.90274
G1 X136.622 Y100.129 E1012.91264
G1 X136.334 Y99.691 E1012.9231
G1 X136.042 Y99.33 E1012.93236
G1 X135.673 Y98.957 E1012.94283
G1 X135.294 Y98.651 E1012.95255
G1 X134.879 Y98.382 E1012.96242
G1 X134.43 Y98.152 E1012.97249
G1 X133.966 Y97.975 E1012.9824
G1 X133.493 Y97.848 E1012.99218
G1 X132.998 Y97.768 E1013.00218
G1 X132.482 Y97.741 E1013.01249
G1 X102.407 Y97.74 E1013.61267
G1 X102.114 Y97.76 E1013.61853
G1 X101.707 Y97.806 E1013.62671
G1 X101.129 Y97.941 E1013.63855
G1 X100.643 Y98.113 E1013.64884
G1 X100.178 Y98.343 E1013.65919
G1 X99.74 Y98.616 E1013.66949
G1 X99.342 Y98.934 E1013.67966
G1 X98.989 Y99.287 E1013.68962
G1 X98.666 Y99.683 E1013.69982
G1 X98.401 Y100.086 E1013.70944
G1 X98.155 Y100.559 E1013.72008
G1 X97.975 Y101.027 E1013.73009
G1 X97.848 Y101.495 E1013.73977
G1 X97.768 Y101.99 E1013.74977
G1 X97.74 Y102.514 E1013.76025
G1 X97.74 Y132.502 E1014.35869
G1 X97.768 Y132.998 E1014.3686
G1 X97.848 Y133.493 E1014.37861
G1 X97.975 Y133.966 E1014.38838
G1 X98.151 Y134.426 E1014.39821
G1 X98.382 Y134.875 E1014.40829
G1 X98.654 Y135.298 E1014.41832
G1 X98.957 Y135.669 E1014.42788
G1 X99.327 Y136.039 E1014.43833
G1 X99.706 Y136.349 E1014.4481
G1 X100.117 Y136.614 E1014.45786
G1 X100.566 Y136.845 E1014.46793
G1 X101.035 Y137.025 E1014.47796
G1 X101.502 Y137.152 E1014.48762
G1 X101.997 Y137.228 E1014.49761
G1 X102.514 Y137.256 E1014.50794
G1 X117.5 Y137.256 E1014.807
G1 F2700 E1009.807
G0 F9000 X117.5 Y136.547
G0 X117.5 Y136.256
G0 X117.5 Y133.696
G0 X117.5 Y132.699
G1 F2700 E1014.807
G1 F1500 X102.469 Y132.698 E1015.10696
G1 X102.391 Y132.669 E1015.10862
G1 X102.3 Y132.562 E1015.11143
G1 X102.302 Y102.467 E1015.71201
G1 X102.375 Y102.343 E1015.71488
G1 X102.456 Y102.3 E1015.71671
G1 X132.533 Y102.302 E1016.31693
G1 X132.694 Y102.447 E1016.32125
G1 X132.701 Y132.57 E1016.92239
G1 X132.571 Y132.7 E1016.92606
G1 X117.5 Y132.699 E1017.22681
G1 F2700 E1012.22681
G0 F9000 X117.5 Y133.41
G0 X117.5 Y133.696
G0 X117.5 Y136.256
G0 X117.5 Y136.096
;TYPE:SKIN
G1 F2700 E1017.22681
G1 F1500 X102.554 Y136.096 E1017.52508
G1 X102.114 Y136.072 E1017.53387
G1 X101.735 Y136.012 E1017.54153
G1 X101.398 Y135.921 E1017.54849
G1 X101.042 Y135.785 E1017.5561
G1 X100.693 Y135.606 E1017.56393
G1 X100.391 Y135.41 E1017.57111
G1 X100.103 Y135.175 E1017.57853
G1 X99.821 Y134.893 E1017.58649
G1 X99.595 Y134.614 E1017.59365
G1 X99.39 Y134.295 E1017.60122
G1 X99.207 Y133.946 E1017.60908
G1 X99.075 Y133.594 E1017.61659
G1 X98.984 Y133.257 E1017.62355
G1 X98.92 Y132.87 E1017.63138
G1 X98.901 Y132.506 E1017.63866
G1 X98.9 Y102.55 E1018.23646
G1 X98.924 Y102.102 E1018.24541
G1 X98.984 Y101.727 E1018.25299
G1 X99.078 Y101.384 E1018.26009
G1 X99.211 Y101.042 E1018.26741
G1 X99.401 Y100.67 E1018.27575
G1 X99.601 Y100.372 E1018.28291
G1 X99.854 Y100.062 E1018.29089
G1 X100.111 Y99.801 E1018.2982
G1 X100.412 Y99.56 E1018.3059
G1 X100.738 Y99.359 E1018.31354
G1 X101.095 Y99.181 E1018.3215
G1 X101.445 Y99.057 E1018.32891
G1 X101.906 Y98.95 E1018.33836
G1 X102.455 Y98.9 E1018.34936
G1 X132.443 Y98.901 E1018.9478
G1 X132.871 Y98.92 E1018.95635
G1 X133.256 Y98.984 E1018.96414
G1 X133.602 Y99.079 E1018.9713
G1 X133.954 Y99.212 E1018.97881
G1 X134.299 Y99.39 E1018.98656
G1 X134.61 Y99.591 E1018.99395
G1 X134.893 Y99.821 E1019.00122
G1 X135.175 Y100.103 E1019.00918
G1 X135.398 Y100.375 E1019.0162
G1 X135.606 Y100.697 E1019.02385
G1 X135.792 Y101.058 E1019.03196
G1 X135.917 Y101.386 E1019.03896
G1 X136.012 Y101.739 E1019.04626
G1 X136.072 Y102.114 E1019.05383
G1 X136.096 Y102.514 E1019.06183
G1 X136.096 Y132.441 E1019.65906
G1 X136.068 Y132.878 E1019.6678
G1 X136.011 Y133.247 E1019.67525
G1 X135.921 Y133.603 E1019.68257
G1 X135.793 Y133.942 E1019.68981
G1 X135.611 Y134.29 E1019.69764
G1 X135.402 Y134.606 E1019.7052
G1 X135.17 Y134.899 E1019.71266
G1 X134.897 Y135.175 E1019.72041
G1 X134.614 Y135.401 E1019.72764
G1 X134.299 Y135.606 E1019.73514
G1 X133.95 Y135.785 E1019.74296
G1 X133.594 Y135.921 E1019.75057
G1 X133.258 Y136.012 E1019.75752
G1 X132.882 Y136.069 E1019.7651
G1 X132.441 Y136.096 E1019.77392
G1 X117.5 Y136.096 E1020.07209
G1 F2700 E1015.07209
G0 F9000 X117.5 Y136.356
G0 X117.5 Y133.696
G0 X117.5 Y133.852
G1 F2700 E1020.07209
G1 F1500 X132.764 Y133.847 E1020.3767
G1 X133.172 Y133.691 E1020.38541
G1 X133.463 Y133.461 E1020.39281
G1 X133.715 Y133.114 E1020.40137
G1 X133.86 Y132.573 E1020.41255
G1 X133.854 Y102.291 E1021.01686
G1 X133.701 Y101.86 E1021.02599
G1 X133.355 Y101.436 E1021.03691
G1 X132.97 Y101.202 E1021.0459
G1 X132.587 Y101.142 E1021.05364
G1 X102.41 Y101.14 E1021.65585
G1 X101.961 Y101.222 E1021.66496
G1 X101.525 Y101.547 E1021.67581
G1 X101.365 Y101.744 E1021.68088
G1 X101.222 Y102.028 E1021.68722
G1 X101.142 Y102.332 E1021.69349
G1 X101.142 Y132.594 E1022.2974
G1 X101.228 Y132.987 E1022.30543
G1 X101.355 Y133.237 E1022.31103
G1 X101.606 Y133.549 E1022.31902
G1 X102.052 Y133.797 E1022.3292
G1 X102.425 Y133.856 E1022.33674
G1 X117.5 Y133.852 E1022.63758
G1 F2700 E1017.63758
G0 F9000 X117.5 Y133.596
G0 X102.437 Y133.68
G0 X101.71 Y136.172
G0 X100.857 Y135.981
G0 X101.066 Y135.573
G1 F2700 E1022.63758
G1 F1500 X99.426 Y133.932 E1022.68388
G0 F9000 X99.16 Y133.102
G1 F1500 X101.893 Y135.834 E1022.76099
G0 F9000 X102.518 Y135.893
G1 F1500 X99.1 Y132.476 E1022.85744
G0 F9000 X99.1 Y131.91
G1 F1500 X103.086 Y135.896 E1022.96994
G0 F9000 X103.652 Y135.896
G1 F1500 X99.1 Y131.344 E1023.0984
G0 F9000 X99.1 Y130.779
G1 F1500 X100.951 Y132.629 E1023.15063
G0 F9000 X100.941 Y132.054
G1 F1500 X99.1 Y130.213 E1023.20259
G0 F9000 X99.1 Y129.647
G1 F1500 X100.941 Y131.488 E1023.25454
G0 F9000 X100.941 Y130.922
G1 F1500 X99.1 Y129.082 E1023.30649
G0 F9000 X99.1 Y128.516
G1 F1500 X100.941 Y130.357 E1023.35844
G0 F9000 X100.941 Y129.791
G1 F1500 X99.1 Y127.95 E1023.4104
G0 F9000 X99.1 Y127.385
G1 F1500 X100.941 Y129.225 E1023.46234
G0 F9000 X100.941 Y128.659
G1 F1500 X99.1 Y126.819 E1023.51429
G0 F9000 X99.1 Y126.253
G1 F1500 X100.941 Y128.094 E1023.56624
G0 F9000 X100.941 Y127.528
G1 F1500 X99.1 Y125.688 E1023.61819
G0 F9000 X99.1 Y125.122
G1 F1500 X100.941 Y126.962 E1023.67013
G0 F9000 X100.941 Y126.397
G1 F1500 X99.1 Y124.556 E1023.72208
G0 F9000 X99.1 Y123.99
G1 F1500 X100.941 Y125.831 E1023.77404
G0 F9000 X100.941 Y125.265
G1 F1500 X99.1 Y123.425 E1023.82598
G0 F9000 X99.1 Y122.859
G1 F1500 X100.941 Y124.7 E1023.87794
G0 F9000 X100.941 Y124.134
G1 F1500 X99.1 Y122.293 E1023.9299
G0 F9000 X99.1 Y121.728
G1 F1500 X100.941 Y123.568 E1023.98184
G0 F9000 X100.941 Y123.003
G1 F1500 X99.1 Y121.162 E1024.0338
G0 F9000 X99.1 Y120.596
G1 F1500 X100.941 Y122.437 E1024.08576
G0 F9000 X100.941 Y121.871
G1 F1500 X99.1 Y120.031 E1024.1377
G0 F9000 X99.1 Y119.465
G1 F1500 X100.941 Y121.306 E1024.18966
G0 F9000 X100.941 Y120.74
G1 F1500 X99.1 Y118.899 E1024.24161
G0 F9000 X99.1 Y118.334
G1 F1500 X100.941 Y120.174 E1024.29356
G0 F9000 X100.941 Y119.609
G1 F1500 X99.1 Y117.768 E1024.34551
G0 F9000 X99.1 Y117.202
G1 F1500 X100.941 Y119.043 E1024.39747
G0 F9000 X100.941 Y118.477
G1 F1500 X99.1 Y116.637 E1024.44941
G0 F9000 X99.1 Y116.071
G1 F1500 X100.941 Y117.911 E1024.50136
G0 F9000 X100.942 Y117.346
G1 F1500 X99.1 Y115.505 E1024.55333
G0 F9000 X99.1 Y114.94
G1 F1500 X100.942 Y116.781 E1024.6053
G0 F9000 X100.942 Y116.215
G1 F1500 X99.1 Y114.374 E1024.65727
G0 F9000 X99.1 Y113.808
G1 F1500 X100.942 Y115.649 E1024.70924
G0 F9000 X100.942 Y115.084
G1 F1500 X99.1 Y113.242 E1024.76122
G0 F9000 X99.1 Y112.677
G1 F1500 X100.942 Y114.518 E1024.8132
G0 F9000 X100.942 Y113.952
G1 F1500 X99.1 Y112.111 E1024.86517
G0 F9000 X99.1 Y111.545
G1 F1500 X100.942 Y113.387 E1024.91715
G0 F9000 X100.942 Y112.821
G1 F1500 X99.1 Y110.98 E1024.96912
G0 F9000 X99.1 Y110.414
G1 F1500 X100.942 Y112.255 E1025.02109
G0 F9000 X100.942 Y111.69
G1 F1500 X99.1 Y109.848 E1025.07308
G0 F9000 X99.1 Y109.283
G1 F1500 X100.942 Y111.124 E1025.12505
G0 F9000 X100.942 Y110.558
G1 F1500 X99.1 Y108.717 E1025.17702
G0 F9000 X99.1 Y108.151
G1 F1500 X100.942 Y109.993 E1025.22901
G0 F9000 X100.942 Y109.427
G1 F1500 X99.1 Y107.586 E1025.28098
G0 F9000 X99.1 Y107.02
G1 F1500 X100.942 Y108.861 E1025.33295
G0 F9000 X100.942 Y108.296
G1 F1500 X99.1 Y106.454 E1025.38493
G0 F9000 X99.1 Y105.889
G1 F1500 X100.942 Y107.73 E1025.43691
G0 F9000 X100.942 Y107.164
G1 F1500 X99.1 Y105.323 E1025.48888
G0 F9000 X99.1 Y104.757
G1 F1500 X100.942 Y106.598 E1025.54085
G0 F9000 X100.942 Y106.033
G1 F1500 X99.1 Y104.191 E1025.59283
G0 F9000 X99.1 Y103.626
G1 F1500 X100.942 Y105.467 E1025.6448
G0 F9000 X100.942 Y104.901
G1 F1500 X99.1 Y103.06 E1025.69678
G0 F9000 X99.103 Y102.497
G1 F1500 X100.942 Y104.336 E1025.74868
G0 F9000 X100.942 Y103.77
G1 F1500 X99.146 Y101.975 E1025.79935
G0 F9000 X99.25 Y101.512
G1 F1500 X100.942 Y103.204 E1025.8471
G0 F9000 X100.942 Y102.639
G1 F1500 X99.405 Y101.102 E1025.89048
G0 F9000 X99.6 Y100.731
G1 F1500 X100.992 Y102.123 E1025.92976
G0 F9000 X101.152 Y101.718
G1 F1500 X99.835 Y100.401 E1025.96693
G0 F9000 X100.098 Y100.098
G1 F1500 X101.395 Y101.395 E1026.00354
G0 F9000 X101.719 Y101.154
G1 F1500 X100.396 Y99.83 E1026.04089
G0 F9000 X100.73 Y99.599
G1 F1500 X102.12 Y100.989 E1026.08012
G0 F9000 X102.637 Y100.939
G1 F1500 X101.099 Y99.402 E1026.12351
G0 F9000 X101.51 Y99.247
G1 F1500 X103.202 Y100.939 E1026.17126
G0 F9000 X103.768 Y100.939
G1 F1500 X101.973 Y99.144 E1026.22192
G0 F9000 X102.495 Y99.101
G1 F1500 X104.334 Y100.939 E1026.27381
G0 F9000 X104.899 Y100.939
G1 F1500 X103.061 Y99.101 E1026.32568
G0 F9000 X103.626 Y99.101
G1 F1500 X105.465 Y100.939 E1026.37756
G0 F9000 X106.031 Y100.939
G1 F1500 X104.192 Y99.101 E1026.42945
G0 F9000 X104.758 Y99.101
G1 F1500 X106.596 Y100.939 E1026.48132
G0 F9000 X107.162 Y100.939
G1 F1500 X105.324 Y99.101 E1026.5332
G0 F9000 X105.889 Y99.101
G1 F1500 X107.728 Y100.939 E1026.58508
G0 F9000 X108.293 Y100.939
G1 F1500 X106.455 Y99.101 E1026.63695
G0 F9000 X107.021 Y99.101
G1 F1500 X108.859 Y100.939 E1026.68883
G0 F9000 X109.425 Y100.939
G1 F1500 X107.586 Y99.101 E1026.74071
G0 F9000 X108.152 Y99.101
G1 F1500 X109.99 Y100.939 E1026.79259
G0 F9000 X110.556 Y100.939
G1 F1500 X108.718 Y99.101 E1026.84446
G0 F9000 X109.283 Y99.101
G1 F1500 X111.122 Y100.939 E1026.89634
G0 F9000 X111.688 Y100.939
G1 F1500 X109.849 Y99.101 E1026.94823
G0 F9000 X110.415 Y99.101
G1 F1500 X112.253 Y100.939 E1027.0001
G0 F9000 X112.819 Y100.939
G1 F1500 X110.98 Y99.101 E1027.05199
G0 F9000 X111.546 Y99.101
G1 F1500 X113.385 Y100.939 E1027.10388
G0 F9000 X113.95 Y100.939
G1 F1500 X112.112 Y99.101 E1027.15575
G0 F9000 X112.677 Y99.101
G1 F1500 X114.516 Y100.939 E1027.20763
G0 F9000 X115.082 Y100.939
G1 F1500 X113.243 Y99.101 E1027.25952
G0 F9000 X113.809 Y99.101
G1 F1500 X115.647 Y100.939 E1027.31139
G0 F9000 X116.213 Y100.939
G1 F1500 X114.375 Y99.101 E1027.36327
G0 F9000 X114.94 Y99.101
G1 F1500 X116.779 Y100.939 E1027.41515
G0 F9000 X117.344 Y100.939
G1 F1500 X115.506 Y99.101 E1027.46702
G0 F9000 X116.072 Y99.101
G1 F1500 X117.91 Y100.939 E1027.5189
G0 F9000 X118.476 Y100.939
G1 F1500 X116.637 Y99.101 E1027.57078
G0 F9000 X117.203 Y99.101
G1 F1500 X119.041 Y100.939 E1027.62266
G0 F9000 X119.607 Y100.939
G1 F1500 X117.769 Y99.101 E1027.67453
G0 F9000 X118.334 Y99.101
G1 F1500 X120.173 Y100.939 E1027.72641
G0 F9000 X120.738 Y100.939
G1 F1500 X118.9 Y99.101 E1027.77829
G0 F9000 X119.466 Y99.101
G1 F1500 X121.304 Y100.939 E1027.83016
G0 F9000 X121.87 Y100.939
G1 F1500 X120.031 Y99.101 E1027.88205
G0 F9000 X120.597 Y99.101
G1 F1500 X122.436 Y100.939 E1027.93393
G0 F9000 X123.001 Y100.939
G1 F1500 X121.163 Y99.101 E1027.9858
G0 F9000 X121.728 Y99.101
G1 F1500 X123.567 Y100.939 E1028.03769
G0 F9000 X124.133 Y100.939
G1 F1500 X122.294 Y99.101 E1028.08958
G0 F9000 X122.86 Y99.101
G1 F1500 X124.698 Y100.939 E1028.14145
G0 F9000 X125.264 Y100.939
G1 F1500 X123.425 Y99.101 E1028.19334
G0 F9000 X123.991 Y99.101
G1 F1500 X125.83 Y100.939 E1028.24522
G0 F9000 X126.395 Y100.939
G1 F1500 X124.557 Y99.101 E1028.29709
G0 F9000 X125.123 Y99.101
G1 F1500 X126.961 Y100.939 E1028.34897
G0 F9000 X127.527 Y100.939
G1 F1500 X125.688 Y99.101 E1028.40085
G0 F9000 X126.254 Y99.101
G1 F1500 X128.092 Y100.939 E1028.45273
G0 F9000 X128.658 Y100.939
G1 F1500 X126.82 Y99.101 E1028.5046
G0 F9000 X127.385 Y99.101
G1 F1500 X129.224 Y100.939 E1028.55648
G0 F9000 X129.789 Y100.939
G1 F1500 X127.951 Y99.101 E1028.60836
G0 F9000 X128.517 Y99.101
G1 F1500 X130.355 Y100.939 E1028.66023
G0 F9000 X130.921 Y100.939
G1 F1500 X129.082 Y99.101 E1028.71212
G0 F9000 X129.648 Y99.101
G1 F1500 X131.487 Y100.939 E1028.764
G0 F9000 X132.052 Y100.939
G1 F1500 X130.214 Y99.101 E1028.81587
G0 F9000 X130.779 Y99.101
G1 F1500 X132.626 Y100.947 E1028.86799
G1 F2700 E1023.86799
G0 F9000 X132.553 Y101.402
G0 X133.173 Y98.809
G0 X133.102 Y99.161
G1 F2700 E1028.86799
G1 F1500 X135.834 Y101.893 E1028.94509
G0 F9000 X135.896 Y102.521
G1 F1500 X132.479 Y99.104 E1029.04152
G0 F9000 X131.911 Y99.101
G1 F1500 X135.896 Y103.086 E1029.15399
G0 F9000 X135.896 Y103.652
G1 F1500 X131.345 Y99.101 E1029.28243
G0 F9000 X131.346 Y98.641
G0 X133.096 Y98.773
G0 X134.142 Y99.017
G0 X133.932 Y99.426
G1 F1500 X135.569 Y101.063 E1029.32863
G1 F2700 E1024.32863
G0 F9000 X135.982 Y100.854
G0 X136.166 Y101.686
G0 X133.68 Y102.321
G0 X134.056 Y102.378
G1 F2700 E1029.32863
G1 F1500 X135.896 Y104.218 E1029.38056
G0 F9000 X135.896 Y104.783
G1 F1500 X134.056 Y102.943 E1029.43249
G0 F9000 X134.056 Y103.509
G1 F1500 X135.896 Y105.349 E1029.48442
G0 F9000 X135.896 Y105.915
G1 F1500 X134.056 Y104.075 E1029.53634
G0 F9000 X134.056 Y104.64
G1 F1500 X135.896 Y106.48 E1029.58827
G0 F9000 X135.896 Y107.046
G1 F1500 X134.056 Y105.206 E1029.6402
G0 F9000 X134.056 Y105.772
G1 F1500 X135.896 Y107.612 E1029.69213
G0 F9000 X135.896 Y108.177
G1 F1500 X134.056 Y106.338 E1029.74404
G0 F9000 X134.056 Y106.903
G1 F1500 X135.896 Y108.743 E1029.79597
G0 F9000 X135.896 Y109.309
G1 F1500 X134.056 Y107.469 E1029.8479
G0 F9000 X134.056 Y108.035
G1 F1500 X135.896 Y109.874 E1029.89982
G0 F9000 X135.896 Y110.44
G1 F1500 X134.057 Y108.601 E1029.95172
G0 F9000 X134.057 Y109.167
G1 F1500 X135.896 Y111.006 E1030.00362
G0 F9000 X135.896 Y111.572
G1 F1500 X134.057 Y109.732 E1030.05553
G0 F9000 X134.057 Y110.298
G1 F1500 X135.896 Y112.137 E1030.10743
G0 F9000 X135.896 Y112.703
G1 F1500 X134.057 Y110.864 E1030.15933
G0 F9000 X134.057 Y111.429
G1 F1500 X135.896 Y113.269 E1030.21125
G0 F9000 X135.896 Y113.834
G1 F1500 X134.057 Y111.995 E1030.26315
G0 F9000 X134.057 Y112.561
G1 F1500 X135.896 Y114.4 E1030.31505
G0 F9000 X135.896 Y114.966
G1 F1500 X134.057 Y113.126 E1030.36696
G0 F9000 X134.057 Y113.692
G1 F1500 X135.896 Y115.531 E1030.41887
G0 F9000 X135.896 Y116.097
G1 F1500 X134.057 Y114.258 E1030.47077
G0 F9000 X134.058 Y114.824
G1 F1500 X135.896 Y116.663 E1030.52265
G0 F9000 X135.896 Y117.228
G1 F1500 X134.058 Y115.39 E1030.57452
G0 F9000 X134.058 Y115.956
G1 F1500 X135.896 Y117.794 E1030.6264
G0 F9000 X135.896 Y118.36
G1 F1500 X134.058 Y116.521 E1030.67828
G0 F9000 X134.058 Y117.087
G1 F1500 X135.896 Y118.925 E1030.73016
G0 F9000 X135.896 Y119.491
G1 F1500 X134.058 Y117.653 E1030.78203
G0 F9000 X134.058 Y118.218
G1 F1500 X135.896 Y120.057 E1030.83391
G0 F9000 X135.896 Y120.623
G1 F1500 X134.058 Y118.784 E1030.8858
G0 F9000 X134.058 Y119.35
G1 F1500 X135.896 Y121.188 E1030.93767
G0 F9000 X135.896 Y121.754
G1 F1500 X134.058 Y119.915 E1030.98956
G0 F9000 X134.058 Y120.482
G1 F1500 X135.896 Y122.32 E1031.04143
G0 F9000 X135.896 Y122.885
G1 F1500 X134.058 Y121.047 E1031.0933
G0 F9000 X134.058 Y121.613
G1 F1500 X135.896 Y123.451 E1031.14518
G0 F9000 X135.896 Y124.017
G1 F1500 X134.058 Y122.179 E1031.19705
G0 F9000 X134.058 Y122.745
G1 F1500 X135.896 Y124.582 E1031.24891
G0 F9000 X135.896 Y125.148
G1 F1500 X134.058 Y123.31 E1031.30078
G0 F9000 X134.058 Y123.876
G1 F1500 X135.896 Y125.714 E1031.35265
G0 F9000 X135.896 Y126.279
G1 F1500 X134.058 Y124.442 E1031.40451
G0 F9000 X134.058 Y125.007
G1 F1500 X135.896 Y126.845 E1031.45638
G0 F9000 X135.896 Y127.411
G1 F1500 X134.058 Y125.573 E1031.50825
G0 F9000 X134.058 Y126.139
G1 F1500 X135.896 Y127.976 E1031.56011
G0 F9000 X135.896 Y128.542
G1 F1500 X134.059 Y126.705 E1031.61196
G0 F9000 X134.059 Y127.271
G1 F1500 X135.896 Y129.108 E1031.6638
G0 F9000 X135.896 Y129.673
G1 F1500 X134.059 Y127.836 E1031.71565
G0 F9000 X134.059 Y128.402
G1 F1500 X135.896 Y130.239 E1031.76749
G0 F9000 X135.896 Y130.805
G1 F1500 X134.059 Y128.968 E1031.81933
G0 F9000 X134.059 Y129.533
G1 F1500 X135.896 Y131.371 E1031.87119
G0 F9000 X135.896 Y131.936
G1 F1500 X134.059 Y130.099 E1031.92304
G0 F9000 X134.059 Y130.665
G1 F1500 X135.892 Y132.498 E1031.97477
G0 F9000 X135.844 Y133.016
G1 F1500 X134.059 Y131.231 E1032.02514
G0 F9000 X134.059 Y131.796
G1 F1500 X135.745 Y133.482 E1032.07273
G0 F9000 X135.592 Y133.895
G1 F1500 X134.059 Y132.362 E1032.11599
G0 F9000 X133.992 Y132.86
G1 F1500 X135.391 Y134.26 E1032.15549
G0 F9000 X135.159 Y134.593
G1 F1500 X133.843 Y133.278 E1032.19261
G0 F9000 X133.604 Y133.604
G1 F1500 X134.894 Y134.894 E1032.22902
G0 F9000 X134.595 Y135.161
G1 F1500 X133.292 Y133.857 E1032.26581
G0 F9000 X132.886 Y134.017
G1 F1500 X134.261 Y135.393 E1032.30463
G0 F9000 X133.893 Y135.59
G1 F1500 X132.352 Y134.049 E1032.34812
G0 F9000 X131.786 Y134.049
G1 F1500 X133.481 Y135.744 E1032.39595
G0 F9000 X133.018 Y135.847
G1 F1500 X131.221 Y134.049 E1032.44668
G0 F9000 X130.655 Y134.049
G1 F1500 X132.498 Y135.892 E1032.4987
G0 F9000 X131.936 Y135.896
G1 F1500 X130.089 Y134.049 E1032.55082
G0 F9000 X129.524 Y134.05
G1 F1500 X131.371 Y135.896 E1032.60294
G0 F9000 X130.805 Y135.896
G1 F1500 X128.959 Y134.05 E1032.65503
G0 F9000 X128.393 Y134.05
G1 F1500 X130.239 Y135.896 E1032.70713
G0 F9000 X129.673 Y135.896
G1 F1500 X127.827 Y134.05 E1032.75923
G0 F9000 X127.262 Y134.05
G1 F1500 X129.108 Y135.896 E1032.81133
G0 F9000 X128.542 Y135.896
G1 F1500 X126.697 Y134.05 E1032.86341
G0 F9000 X126.131 Y134.05
G1 F1500 X127.976 Y135.896 E1032.9155
G0 F9000 X127.411 Y135.896
G1 F1500 X125.565 Y134.05 E1032.96759
G0 F9000 X125 Y134.05
G1 F1500 X126.845 Y135.896 E1033.01968
G0 F9000 X126.279 Y135.896
G1 F1500 X124.435 Y134.051 E1033.07173
G0 F9000 X123.869 Y134.051
G1 F1500 X125.714 Y135.896 E1033.1238
G0 F9000 X125.148 Y135.896
G1 F1500 X123.303 Y134.051 E1033.17587
G0 F9000 X122.737 Y134.051
G1 F1500 X124.582 Y135.896 E1033.22794
G0 F9000 X124.017 Y135.896
G1 F1500 X122.172 Y134.051 E1033.28001
G0 F9000 X121.607 Y134.052
G1 F1500 X123.451 Y135.896 E1033.33206
G0 F9000 X122.885 Y135.896
G1 F1500 X121.041 Y134.052 E1033.3841
G0 F9000 X120.475 Y134.052
G1 F1500 X122.32 Y135.896 E1033.43615
G0 F9000 X121.754 Y135.896
G1 F1500 X119.91 Y134.052 E1033.48819
G0 F9000 X119.344 Y134.052
G1 F1500 X121.188 Y135.896 E1033.54024
G0 F9000 X120.623 Y135.896
G1 F1500 X118.779 Y134.053 E1033.59226
G0 F9000 X118.213 Y134.053
G1 F1500 X120.057 Y135.896 E1033.64429
G0 F9000 X119.491 Y135.896
G1 F1500 X117.648 Y134.053 E1033.6963
G0 F9000 X117.082 Y134.053
G1 F1500 X118.925 Y135.896 E1033.74832
G0 F9000 X118.36 Y135.896
G1 F1500 X116.516 Y134.053 E1033.80035
G0 F9000 X115.951 Y134.053
G1 F1500 X117.794 Y135.896 E1033.85236
G0 F9000 X117.228 Y135.896
G1 F1500 X115.386 Y134.053 E1033.90436
G0 F9000 X114.82 Y134.053
G1 F1500 X116.663 Y135.896 E1033.95637
G0 F9000 X116.097 Y135.896
G1 F1500 X114.254 Y134.053 E1034.00839
G0 F9000 X113.689 Y134.053
G1 F1500 X115.531 Y135.896 E1034.06038
G0 F9000 X114.966 Y135.896
G1 F1500 X113.124 Y134.054 E1034.11237
G0 F9000 X112.558 Y134.054
G1 F1500 X114.4 Y135.896 E1034.16436
G0 F9000 X113.834 Y135.896
G1 F1500 X111.992 Y134.054 E1034.21634
G0 F9000 X111.427 Y134.054
G1 F1500 X113.269 Y135.896 E1034.26833
G0 F9000 X112.703 Y135.896
G1 F1500 X110.861 Y134.054 E1034.32031
G0 F9000 X110.296 Y134.055
G1 F1500 X112.137 Y135.896 E1034.37227
G0 F9000 X111.572 Y135.896
G1 F1500 X109.73 Y134.055 E1034.42424
G0 F9000 X109.165 Y134.055
G1 F1500 X111.006 Y135.896 E1034.4762
G0 F9000 X110.44 Y135.896
G1 F1500 X108.599 Y134.055 E1034.52815
G0 F9000 X108.033 Y134.055
G1 F1500 X109.874 Y135.896 E1034.58011
G0 F9000 X109.309 Y135.896
G1 F1500 X107.468 Y134.055 E1034.63207
G0 F9000 X106.903 Y134.055
G1 F1500 X108.743 Y135.896 E1034.68401
G0 F9000 X108.177 Y135.896
G1 F1500 X106.337 Y134.055 E1034.73595
G0 F9000 X105.771 Y134.055
G1 F1500 X107.612 Y135.896 E1034.78791
G0 F9000 X107.046 Y135.896
G1 F1500 X105.205 Y134.055 E1034.83987
G0 F9000 X104.64 Y134.056
G1 F1500 X106.48 Y135.896 E1034.8918
G0 F9000 X105.915 Y135.896
G1 F1500 X104.075 Y134.056 E1034.94372
G0 F9000 X103.509 Y134.056
G1 F1500 X105.349 Y135.896 E1034.99565
G0 F9000 X104.783 Y135.896
G1 F1500 X102.943 Y134.056 E1035.04758
G0 F9000 X102.371 Y134.05
G1 F1500 X104.218 Y135.896 E1035.09969
G1 F2700 E1030.09969
;MESH:NONMESH
G0 F300 X104.218 Y135.896 Z4.56
G0 F9000 X104.218 Y136.356
G0 X117.5 Y136.256
G0 X117.5 Y133.696
G0 X117.5 Y133.499
;TIME_ELAPSED:2548.152280
;LAYER:37
;TYPE:WALL-INNER
;MESH:robotface-cover.stl
G1 F2700 E1035.09969
G1 F1500 X102.447 Y133.499 E1035.40009
G1 X102.094 Y133.415 E1035.40733
G1 X101.751 Y133.163 E1035.41583
G1 X101.564 Y132.854 E1035.42304
G1 X101.501 Y132.556 E1035.42911
G1 X101.505 Y102.392 E1036.03107
G1 X101.549 Y102.187 E1036.03525
G1 X101.661 Y101.954 E1036.04041
G1 X101.836 Y101.751 E1036.04576
G1 X102.146 Y101.564 E1036.05299
G1 X102.399 Y101.505 E1036.05817
G1 X132.604 Y101.504 E1036.66094
G1 X132.957 Y101.609 E1036.66829
G1 X133.166 Y101.753 E1036.67336
G1 X133.389 Y102.04 E1036.68061
G1 X133.499 Y102.347 E1036.68712
G1 X133.499 Y132.553 E1037.28991
G1 X133.453 Y132.807 E1037.29506
G1 X133.31 Y133.088 E1037.30136
G1 X133.167 Y133.246 E1037.30561
G1 X132.889 Y133.438 E1037.31235
G1 X132.553 Y133.499 E1037.31917
G1 X117.5 Y133.499 E1037.61956
G0 F9000 X117.5 Y133.1
G1 F1500 X102.468 Y133.1 E1037.91954
G1 X102.256 Y133.049 E1037.9239
G1 X102.05 Y132.898 E1037.92899
G1 X101.9 Y132.572 E1037.93615
G1 X101.9 Y102.469 E1038.53689
G1 X101.929 Y102.312 E1038.54008
G1 X102.036 Y102.118 E1038.5445
G1 X102.179 Y101.992 E1038.5483
G1 X102.432 Y101.9 E1038.55368
G1 X132.562 Y101.902 E1039.15495
G1 X132.853 Y102.013 E1039.16117
G1 X133.004 Y102.173 E1039.16556
G1 X133.1 Y102.467 E1039.17173
G1 X133.1 Y132.619 E1039.77345
G1 X132.949 Y132.9 E1039.77981
G1 X132.775 Y133.035 E1039.78421
G1 X132.532 Y133.1 E1039.78923
G1 X117.5 Y133.1 E1040.08921
G1 F2700 E1035.08921
G0 F9000 X117.5 Y133.41
G0 X117.5 Y133.679
G0 X117.5 Y136.272
G0 X117.5 Y136.472
G1 F2700 E1040.08921
G1 F1500 X132.461 Y136.472 E1040.38777
G1 X132.917 Y136.448 E1040.39688
G1 X133.334 Y136.384 E1040.4053
G1 X133.721 Y136.279 E1040.4133
G1 X134.11 Y136.129 E1040.42162
G1 X134.486 Y135.937 E1040.43005
G1 X134.831 Y135.713 E1040.43826
G1 X135.149 Y135.455 E1040.44643
G1 X135.459 Y135.146 E1040.45516
G1 X135.713 Y134.832 E1040.46322
G1 X135.937 Y134.486 E1040.47145
G1 X136.129 Y134.11 E1040.47987
G1 X136.279 Y133.721 E1040.48819
G1 X136.383 Y133.333 E1040.49621
G1 X136.448 Y132.917 E1040.50461
G1 X136.472 Y132.461 E1040.51372
G1 X136.472 Y102.516 E1041.11131
G1 X136.448 Y102.08 E1041.12002
G1 X136.384 Y101.665 E1041.1284
G1 X136.275 Y101.27 E1041.13658
G1 X136.128 Y100.88 E1041.1449
G1 X135.938 Y100.511 E1041.15318
G1 X135.713 Y100.164 E1041.16143
G1 X135.459 Y99.85 E1041.16949
G1 X135.149 Y99.541 E1041.17823
G1 X134.831 Y99.283 E1041.1864
G1 X134.486 Y99.059 E1041.19461
G1 X134.114 Y98.868 E1041.20295
G1 X133.725 Y98.722 E1041.21125
G1 X133.329 Y98.616 E1041.21943
G1 X132.913 Y98.548 E1041.22784
G1 X132.461 Y98.524 E1041.23687
G1 X102.387 Y98.524 E1041.83703
G1 X101.851 Y98.572 E1041.84777
G1 X101.337 Y98.697 E1041.85833
G1 X100.932 Y98.85 E1041.86697
G1 X100.538 Y99.045 E1041.87574
G1 X100.187 Y99.267 E1041.88403
G1 X99.859 Y99.531 E1041.89243
G1 X99.572 Y99.815 E1041.90049
G1 X99.284 Y100.165 E1041.90953
G1 X99.074 Y100.488 E1041.91722
G1 X98.865 Y100.893 E1041.92632
G1 X98.721 Y101.263 E1041.93424
G1 X98.616 Y101.661 E1041.94245
G1 X98.548 Y102.075 E1041.95083
G1 X98.524 Y102.534 E1041.96
G1 X98.524 Y132.48 E1042.5576
G1 X98.548 Y132.912 E1042.56624
G1 X98.615 Y133.33 E1042.57469
G1 X98.722 Y133.725 E1042.58285
G1 X98.868 Y134.114 E1042.59114
G1 X99.059 Y134.486 E1042.59949
G1 X99.283 Y134.832 E1042.60771
G1 X99.535 Y135.144 E1042.61572
G1 X99.85 Y135.456 E1042.62457
G1 X100.167 Y135.714 E1042.63272
G1 X100.51 Y135.937 E1042.64089
G1 X100.886 Y136.129 E1042.64931
G1 X101.274 Y136.279 E1042.65761
G1 X101.666 Y136.383 E1042.66571
G1 X102.08 Y136.448 E1042.67407
G1 X102.535 Y136.472 E1042.68316
G1 X117.5 Y136.472 E1042.9818
G0 F9000 X117.5 Y136.872
G1 F1500 X132.472 Y136.872 E1043.28059
G1 X132.958 Y136.846 E1043.2903
G1 X133.416 Y136.776 E1043.29955
G1 X133.845 Y136.66 E1043.30841
G1 X134.274 Y136.495 E1043.31759
G1 X134.687 Y136.283 E1043.32685
G1 X135.067 Y136.037 E1043.33588
G1 X135.417 Y135.753 E1043.34488
G1 X135.757 Y135.414 E1043.35446
G1 X136.037 Y135.067 E1043.36336
G1 X136.283 Y134.687 E1043.37239
G1 X136.495 Y134.274 E1043.38166
G1 X136.66 Y133.845 E1043.39083
G1 X136.775 Y133.416 E1043.39969
G1 X136.846 Y132.958 E1043.40894
G1 X136.872 Y132.472 E1043.41865
G1 X136.872 Y102.505 E1044.01668
G1 X136.846 Y102.039 E1044.02599
G1 X136.776 Y101.582 E1044.03522
G1 X136.656 Y101.146 E1044.04424
G1 X136.494 Y100.717 E1044.05339
G1 X136.284 Y100.31 E1044.06253
G1 X136.037 Y99.929 E1044.0716
G1 X135.757 Y99.582 E1044.08049
G1 X135.417 Y99.243 E1044.09007
G1 X135.067 Y98.959 E1044.09907
G1 X134.687 Y98.713 E1044.1081
G1 X134.276 Y98.502 E1044.11732
G1 X133.848 Y98.34 E1044.12646
G1 X133.413 Y98.224 E1044.13544
G1 X132.956 Y98.15 E1044.14468
G1 X132.472 Y98.124 E1044.15435
G1 X102.367 Y98.124 E1044.75513
G1 X101.731 Y98.189 E1044.76789
G1 X101.219 Y98.315 E1044.77841
G1 X100.772 Y98.483 E1044.78794
G1 X100.342 Y98.696 E1044.79751
G1 X99.954 Y98.941 E1044.80667
G1 X99.593 Y99.232 E1044.81593
G1 X99.276 Y99.545 E1044.82482
G1 X98.961 Y99.928 E1044.83471
G1 X98.728 Y100.286 E1044.84324
G1 X98.5 Y100.728 E1044.85316
G1 X98.34 Y101.139 E1044.86196
G1 X98.224 Y101.578 E1044.87102
G1 X98.15 Y102.032 E1044.8802
G1 X98.124 Y102.524 E1044.89004
G1 X98.124 Y132.491 E1045.48806
G1 X98.15 Y132.955 E1045.49733
G1 X98.224 Y133.414 E1045.50661
G1 X98.34 Y133.848 E1045.51558
G1 X98.502 Y134.276 E1045.52471
G1 X98.712 Y134.687 E1045.53392
G1 X98.959 Y135.067 E1045.54296
G1 X99.238 Y135.413 E1045.55183
G1 X99.582 Y135.753 E1045.56149
G1 X99.931 Y136.038 E1045.57048
G1 X100.309 Y136.283 E1045.57947
G1 X100.722 Y136.495 E1045.58873
G1 X101.15 Y136.66 E1045.59789
G1 X101.584 Y136.775 E1045.60685
G1 X102.038 Y136.846 E1045.61602
G1 X102.524 Y136.872 E1045.62573
G1 X117.5 Y136.872 E1045.92459
G0 F9000 X117.5 Y137.272
;TYPE:WALL-OUTER
G1 F1500 X132.482 Y137.272 E1046.22357
G1 X132.999 Y137.244 E1046.23391
G1 X133.498 Y137.168 E1046.24398
G1 X133.969 Y137.041 E1046.25371
G1 X134.438 Y136.861 E1046.26374
G1 X134.887 Y136.63 E1046.27381
G1 X135.302 Y136.361 E1046.28368
G1 X135.685 Y136.051 E1046.29352
G1 X136.055 Y135.682 E1046.30395
G1 X136.361 Y135.302 E1046.31368
G1 X136.63 Y134.887 E1046.32355
G1 X136.861 Y134.438 E1046.33363
G1 X137.041 Y133.969 E1046.34365
G1 X137.167 Y133.498 E1046.35338
G1 X137.244 Y132.999 E1046.36346
G1 X137.272 Y132.482 E1046.37379
G1 X137.272 Y102.494 E1046.97223
G1 X137.244 Y101.997 E1046.98217
G1 X137.168 Y101.498 E1046.99224
G1 X137.037 Y101.022 E1047.00209
G1 X136.86 Y100.554 E1047.01208
G1 X136.63 Y100.109 E1047.02207
G1 X136.361 Y99.694 E1047.03194
G1 X136.055 Y99.314 E1047.04168
G1 X135.685 Y98.945 E1047.05211
G1 X135.302 Y98.635 E1047.06194
G1 X134.887 Y98.366 E1047.07181
G1 X134.438 Y98.136 E1047.08188
G1 X133.97 Y97.959 E1047.09186
G1 X133.497 Y97.832 E1047.10164
G1 X132.998 Y97.752 E1047.11172
G1 X132.482 Y97.724 E1047.12203
G1 X102.347 Y97.724 E1047.72341
G1 X101.621 Y97.804 E1047.73799
G1 X101.1 Y97.932 E1047.74869
G1 X100.612 Y98.116 E1047.7591
G1 X100.146 Y98.347 E1047.76948
G1 X99.721 Y98.615 E1047.77951
G1 X99.326 Y98.934 E1047.78964
G1 X98.98 Y99.275 E1047.79933
G1 X98.638 Y99.691 E1047.81008
G1 X98.382 Y100.085 E1047.81946
G1 X98.135 Y100.563 E1047.8302
G1 X97.959 Y101.015 E1047.83987
G1 X97.832 Y101.494 E1047.84976
G1 X97.752 Y101.99 E1047.85979
G1 X97.724 Y102.514 E1047.87026
G1 X97.724 Y132.502 E1048.46871
G1 X97.752 Y132.998 E1048.47862
G1 X97.832 Y133.498 E1048.48872
G1 X97.959 Y133.97 E1048.49848
G1 X98.136 Y134.438 E1048.50846
G1 X98.366 Y134.887 E1048.51853
G1 X98.635 Y135.302 E1048.5284
G1 X98.941 Y135.681 E1048.53812
G1 X99.314 Y136.051 E1048.54861
G1 X99.695 Y136.362 E1048.55842
G1 X100.109 Y136.63 E1048.56826
G1 X100.558 Y136.861 E1048.57834
G1 X101.026 Y137.041 E1048.58835
G1 X101.502 Y137.167 E1048.59817
G1 X101.997 Y137.244 E1048.60817
G1 X102.514 Y137.272 E1048.6185
G1 X117.5 Y137.272 E1048.91756
G1 F2700 E1043.91756
G0 F9000 X117.5 Y136.564
G0 X117.5 Y136.272
G0 X117.5 Y133.679
G0 X117.5 Y132.699
G1 F2700 E1048.91756
G1 F1500 X102.415 Y132.698 E1049.2186
G1 X102.302 Y132.532 E1049.22261
G1 X102.3 Y102.455 E1049.82283
G1 X102.452 Y102.305 E1049.82709
G1 X132.553 Y102.3 E1050.42779
G1 X132.7 Y102.453 E1050.43202
G1 X132.698 Y132.531 E1051.03226
G1 X132.65 Y132.634 E1051.03453
G1 X132.511 Y132.7 E1051.0376
G1 X117.5 Y132.699 E1051.33716
G1 F2700 E1046.33716
G0 F9000 X117.5 Y133.41
G0 X117.5 Y133.679
G0 X117.5 Y136.272
G0 X117.5 Y136.112
;TYPE:SKIN
G1 F2700 E1051.33716
G1 F1500 X102.555 Y136.112 E1051.6354
G1 X102.113 Y136.085 E1051.64424
G1 X101.729 Y136.027 E1051.65199
G1 X101.39 Y135.937 E1051.65899
G1 X101.034 Y135.801 E1051.66659
G1 X100.685 Y135.622 E1051.67442
G1 X100.379 Y135.422 E1051.68172
G1 X100.087 Y135.183 E1051.68925
G1 X99.805 Y134.901 E1051.69721
G1 X99.57 Y134.613 E1051.70462
G1 X99.37 Y134.308 E1051.7119
G1 X99.196 Y133.959 E1051.71968
G1 X99.063 Y133.613 E1051.72708
G1 X98.968 Y133.261 E1051.73436
G1 X98.904 Y132.87 E1051.74226
G1 X98.884 Y132.479 E1051.75008
G1 X98.885 Y102.55 E1052.34734
G1 X98.908 Y102.11 E1052.35614
G1 X98.972 Y101.723 E1052.36396
G1 X99.063 Y101.378 E1052.37108
G1 X99.187 Y101.054 E1052.37801
G1 X99.393 Y100.653 E1052.387
G1 X99.566 Y100.391 E1052.39327
G1 X99.845 Y100.051 E1052.40205
G1 X100.102 Y99.794 E1052.4093
G1 X100.389 Y99.564 E1052.41664
G1 X100.718 Y99.355 E1052.42442
G1 X101.083 Y99.176 E1052.43253
G1 X101.44 Y99.044 E1052.44013
G1 X101.898 Y98.93 E1052.44954
G1 X102.398 Y98.884 E1052.45956
G1 X132.442 Y98.884 E1053.05912
G1 X132.875 Y98.908 E1053.06778
G1 X133.262 Y98.968 E1053.07559
G1 X133.614 Y99.063 E1053.08287
G1 X133.954 Y99.192 E1053.09013
G1 X134.311 Y99.374 E1053.09812
G1 X134.617 Y99.574 E1053.10542
G1 X134.898 Y99.802 E1053.11264
G1 X135.195 Y100.095 E1053.12097
G1 X135.421 Y100.378 E1053.12819
G1 X135.619 Y100.681 E1053.13542
G1 X135.804 Y101.038 E1053.14344
G1 X135.925 Y101.366 E1053.15042
G1 X136.028 Y101.739 E1053.15814
G1 X136.089 Y102.106 E1053.16556
G1 X136.112 Y102.514 E1053.17372
G1 X136.112 Y132.442 E1053.77096
G1 X136.088 Y132.879 E1053.7797
G1 X136.027 Y133.262 E1053.78744
G1 X135.937 Y133.598 E1053.79438
G1 X135.8 Y133.954 E1053.80199
G1 X135.622 Y134.308 E1053.8099
G1 X135.425 Y134.61 E1053.81709
G1 X135.187 Y134.909 E1053.82472
G1 X134.91 Y135.183 E1053.8325
G1 X134.617 Y135.422 E1053.84004
G1 X134.307 Y135.622 E1053.8474
G1 X133.962 Y135.801 E1053.85516
G1 X133.602 Y135.937 E1053.86284
G1 X133.262 Y136.028 E1053.86986
G1 X132.882 Y136.088 E1053.87754
G1 X132.47 Y136.111 E1053.88578
G1 X117.5 Y136.112 E1054.18452
G1 F2700 E1049.18452
G0 F9000 X117.5 Y136.372
G0 X117.5 Y133.679
G0 X117.5 Y133.855
G1 F2700 E1054.18452
G1 F1500 X132.591 Y133.854 E1054.48568
G1 X133.033 Y133.77 E1054.49465
G1 X133.413 Y133.507 E1054.50388
G1 X133.599 Y133.297 E1054.50948
G1 X133.797 Y132.947 E1054.5175
G1 X133.856 Y132.567 E1054.52517
G1 X133.854 Y102.404 E1055.12711
G1 X133.798 Y102.071 E1055.13385
G1 X133.64 Y101.754 E1055.14092
G1 X133.382 Y101.439 E1055.14904
G1 X132.979 Y101.224 E1055.15816
G1 X132.655 Y101.14 E1055.16484
G1 X102.341 Y101.14 E1055.76979
G1 X101.891 Y101.28 E1055.77919
G1 X101.599 Y101.477 E1055.78622
G1 X101.392 Y101.704 E1055.79235
G1 X101.205 Y102.073 E1055.80061
G1 X101.146 Y102.343 E1055.80612
G1 X101.14 Y132.701 E1056.41195
G1 X101.297 Y133.161 E1056.42165
G1 X101.598 Y133.534 E1056.43121
G1 X101.937 Y133.739 E1056.43912
G1 X102.427 Y133.856 E1056.44917
G1 X117.5 Y133.855 E1056.74997
G1 F2700 E1051.74997
G0 F9000 X117.5 Y133.599
G0 X133.338 Y133.338
G0 X135.946 Y134.029
G0 X136.198 Y133.633
G0 X135.752 Y133.514
G1 F2700 E1056.74997
G1 F1500 X133.512 Y135.754 E1056.81319
G0 F9000 X132.808 Y135.892
G1 F1500 X135.891 Y132.81 E1056.90018
G0 F9000 X135.912 Y132.223
G1 F1500 X132.223 Y135.912 E1057.00429
G0 F9000 X131.658 Y135.912
G1 F1500 X135.912 Y131.658 E1057.12435
G0 F9000 X135.912 Y131.092
G1 F1500 X133.988 Y133.015 E1057.17864
G0 F9000 X134.056 Y132.382
G1 F1500 X135.912 Y130.526 E1057.23102
G0 F9000 X135.912 Y129.961
G1 F1500 X134.056 Y131.816 E1057.28338
G0 F9000 X134.056 Y131.25
G1 F1500 X135.912 Y129.395 E1057.33575
G0 F9000 X135.912 Y128.829
G1 F1500 X134.056 Y130.685 E1057.38813
G0 F9000 X134.056 Y130.119
G1 F1500 X135.912 Y128.264 E1057.4405
G0 F9000 X135.912 Y127.698
G1 F1500 X134.056 Y129.553 E1057.49286
G0 F9000 X134.056 Y128.988
G1 F1500 X135.912 Y127.132 E1057.54524
G0 F9000 X135.912 Y126.566
G1 F1500 X134.056 Y128.422 E1057.59762
G0 F9000 X134.056 Y127.856
G1 F1500 X135.912 Y126.001 E1057.64999
G0 F9000 X135.912 Y125.435
G1 F1500 X134.056 Y127.291 E1057.70237
G0 F9000 X134.056 Y126.725
G1 F1500 X135.912 Y124.869 E1057.75475
G0 F9000 X135.912 Y124.304
G1 F1500 X134.056 Y126.159 E1057.80712
G0 F9000 X134.056 Y125.593
G1 F1500 X135.912 Y123.738 E1057.85948
G0 F9000 X135.912 Y123.172
G1 F1500 X134.056 Y125.028 E1057.91186
G0 F9000 X134.056 Y124.462
G1 F1500 X135.912 Y122.607 E1057.96423
G0 F9000 X135.912 Y122.041
G1 F1500 X134.056 Y123.896 E1058.01659
G0 F9000 X134.056 Y123.331
G1 F1500 X135.912 Y121.475 E1058.06897
G0 F9000 X135.912 Y120.91
G1 F1500 X134.056 Y122.765 E1058.12134
G0 F9000 X134.056 Y122.199
G1 F1500 X135.912 Y120.344 E1058.17371
G0 F9000 X135.912 Y119.778
G1 F1500 X134.056 Y121.634 E1058.22609
G0 F9000 X134.056 Y121.068
G1 F1500 X135.912 Y119.213 E1058.27845
G0 F9000 X135.912 Y118.647
G1 F1500 X134.056 Y120.502 E1058.33082
G0 F9000 X134.056 Y119.937
G1 F1500 X135.912 Y118.081 E1058.3832
G0 F9000 X135.912 Y117.515
G1 F1500 X134.056 Y119.371 E1058.43558
G0 F9000 X134.056 Y118.805
G1 F1500 X135.912 Y116.95 E1058.48795
G0 F9000 X135.912 Y116.384
G1 F1500 X134.056 Y118.24 E1058.54033
G0 F9000 X134.056 Y117.674
G1 F1500 X135.912 Y115.818 E1058.59271
G0 F9000 X135.912 Y115.253
G1 F1500 X134.056 Y117.108 E1058.64507
G0 F9000 X134.056 Y116.543
G1 F1500 X135.912 Y114.687 E1058.69745
G0 F9000 X135.912 Y114.121
G1 F1500 X134.056 Y115.977 E1058.74983
G0 F9000 X134.056 Y115.411
G1 F1500 X135.912 Y113.556 E1058.8022
G0 F9000 X135.912 Y112.99
G1 F1500 X134.056 Y114.845 E1058.85457
G0 F9000 X134.056 Y114.28
G1 F1500 X135.912 Y112.424 E1058.90695
G0 F9000 X135.912 Y111.859
G1 F1500 X134.056 Y113.714 E1058.95931
G0 F9000 X134.056 Y113.148
G1 F1500 X135.912 Y111.293 E1059.01168
G0 F9000 X135.912 Y110.727
G1 F1500 X134.056 Y112.583 E1059.06406
G0 F9000 X134.056 Y112.017
G1 F1500 X135.912 Y110.162 E1059.11643
G0 F9000 X135.912 Y109.596
G1 F1500 X134.056 Y111.451 E1059.16879
G0 F9000 X134.056 Y110.886
G1 F1500 X135.912 Y109.03 E1059.22117
G0 F9000 X135.912 Y108.465
G1 F1500 X134.056 Y110.32 E1059.27354
G0 F9000 X134.056 Y109.754
G1 F1500 X135.912 Y107.899 E1059.32591
G0 F9000 X135.912 Y107.333
G1 F1500 X134.056 Y109.189 E1059.37829
G0 F9000 X134.056 Y108.623
G1 F1500 X135.912 Y106.767 E1059.43067
G0 F9000 X135.912 Y106.202
G1 F1500 X134.056 Y108.057 E1059.48303
G0 F9000 X134.056 Y107.492
G1 F1500 X135.912 Y105.636 E1059.53541
G0 F9000 X135.912 Y105.07
G1 F1500 X134.056 Y106.926 E1059.58779
G0 F9000 X134.056 Y106.36
G1 F1500 X135.912 Y104.505 E1059.64016
G0 F9000 X135.912 Y103.939
G1 F1500 X134.056 Y105.794 E1059.69253
G0 F9000 X134.056 Y105.229
G1 F1500 X135.912 Y103.373 E1059.74491
G0 F9000 X135.912 Y102.808
G1 F1500 X134.056 Y104.663 E1059.79727
G0 F9000 X134.056 Y104.097
G1 F1500 X135.897 Y102.257 E1059.84921
G0 F9000 X135.827 Y101.761
G1 F1500 X134.056 Y103.532 E1059.8992
G0 F9000 X134.056 Y102.966
G1 F1500 X135.697 Y101.326 E1059.94549
G0 F9000 X135.523 Y100.933
G1 F1500 X134.055 Y102.402 E1059.98694
G0 F9000 X133.956 Y101.935
G1 F1500 X135.313 Y100.578 E1060.02524
G0 F9000 X135.068 Y100.257
G1 F1500 X133.751 Y101.574 E1060.0624
G0 F9000 X133.489 Y101.27
G1 F1500 X134.787 Y99.972 E1060.09904
G0 F9000 X134.475 Y99.719
G1 F1500 X133.12 Y101.074 E1060.13728
G0 F9000 X132.684 Y100.944
G1 F1500 X134.125 Y99.503 E1060.17795
G0 F9000 X133.739 Y99.324
G1 F1500 X132.118 Y100.944 E1060.22368
G0 F9000 X131.552 Y100.944
G1 F1500 X133.309 Y99.187 E1060.27327
G0 F9000 X132.826 Y99.105
G1 F1500 X130.987 Y100.944 E1060.32517
G0 F9000 X130.421 Y100.944
G1 F1500 X132.281 Y99.084 E1060.37766
G0 F9000 X131.716 Y99.084
G1 F1500 X129.855 Y100.944 E1060.43017
G0 F9000 X129.29 Y100.944
G1 F1500 X131.15 Y99.084 E1060.48266
G0 F9000 X130.584 Y99.084
G1 F1500 X128.724 Y100.944 E1060.53515
G0 F9000 X128.158 Y100.944
G1 F1500 X130.019 Y99.084 E1060.58766
G0 F9000 X129.453 Y99.084
G1 F1500 X127.592 Y100.944 E1060.64017
G0 F9000 X127.027 Y100.944
G1 F1500 X128.887 Y99.084 E1060.69266
G0 F9000 X128.321 Y99.084
G1 F1500 X126.461 Y100.944 E1060.74516
G0 F9000 X125.895 Y100.944
G1 F1500 X127.756 Y99.084 E1060.79766
G0 F9000 X127.19 Y99.084
G1 F1500 X125.33 Y100.944 E1060.85016
G0 F9000 X124.765 Y100.944
G1 F1500 X126.624 Y99.084 E1060.90263
G0 F9000 X126.059 Y99.084
G1 F1500 X124.199 Y100.944 E1060.95513
G0 F9000 X123.633 Y100.944
G1 F1500 X125.493 Y99.084 E1061.00762
G0 F9000 X124.927 Y99.084
G1 F1500 X123.068 Y100.944 E1061.0601
G0 F9000 X122.502 Y100.944
G1 F1500 X124.362 Y99.084 E1061.11259
G0 F9000 X123.796 Y99.084
G1 F1500 X121.936 Y100.944 E1061.16509
G0 F9000 X121.371 Y100.944
G1 F1500 X123.23 Y99.084 E1061.21757
G0 F9000 X122.665 Y99.084
G1 F1500 X120.805 Y100.944 E1061.27006
G0 F9000 X120.239 Y100.944
G1 F1500 X122.099 Y99.084 E1061.32255
G0 F9000 X121.533 Y99.084
G1 F1500 X119.674 Y100.944 E1061.37503
G0 F9000 X119.108 Y100.944
G1 F1500 X120.968 Y99.084 E1061.42752
G0 F9000 X120.402 Y99.084
G1 F1500 X118.542 Y100.944 E1061.48002
G0 F9000 X117.977 Y100.944
G1 F1500 X119.836 Y99.084 E1061.5325
G0 F9000 X119.271 Y99.084
G1 F1500 X117.412 Y100.943 E1061.58496
G0 F9000 X116.846 Y100.943
G1 F1500 X118.705 Y99.084 E1061.63743
G0 F9000 X118.139 Y99.084
G1 F1500 X116.28 Y100.943 E1061.68989
G0 F9000 X115.714 Y100.943
G1 F1500 X117.573 Y99.084 E1061.74236
G0 F9000 X117.008 Y99.084
G1 F1500 X115.149 Y100.943 E1061.79482
G0 F9000 X114.583 Y100.943
G1 F1500 X116.442 Y99.084 E1061.84729
G0 F9000 X115.876 Y99.084
G1 F1500 X114.017 Y100.943 E1061.89975
G0 F9000 X113.452 Y100.943
G1 F1500 X115.311 Y99.084 E1061.95222
G0 F9000 X114.745 Y99.084
G1 F1500 X112.886 Y100.943 E1062.00468
G0 F9000 X112.32 Y100.943
G1 F1500 X114.179 Y99.084 E1062.05715
G0 F9000 X113.614 Y99.084
G1 F1500 X111.755 Y100.943 E1062.10961
G0 F9000 X111.189 Y100.943
G1 F1500 X113.048 Y99.084 E1062.16208
G0 F9000 X112.482 Y99.084
G1 F1500 X110.623 Y100.943 E1062.21454
G0 F9000 X110.058 Y100.943
G1 F1500 X111.917 Y99.084 E1062.26701
G0 F9000 X111.351 Y99.084
G1 F1500 X109.493 Y100.942 E1062.31944
G0 F9000 X108.927 Y100.942
G1 F1500 X110.785 Y99.084 E1062.37188
G0 F9000 X110.22 Y99.084
G1 F1500 X108.361 Y100.942 E1062.42433
G0 F9000 X107.796 Y100.942
G1 F1500 X109.654 Y99.084 E1062.47677
G0 F9000 X109.088 Y99.084
G1 F1500 X107.23 Y100.942 E1062.52921
G0 F9000 X106.664 Y100.942
G1 F1500 X108.523 Y99.084 E1062.58166
G0 F9000 X107.957 Y99.084
G1 F1500 X106.099 Y100.942 E1062.63409
G0 F9000 X105.533 Y100.942
G1 F1500 X107.391 Y99.084 E1062.68653
G0 F9000 X106.825 Y99.084
G1 F1500 X104.967 Y100.942 E1062.73897
G0 F9000 X104.401 Y100.942
G1 F1500 X106.26 Y99.084 E1062.79142
G0 F9000 X105.694 Y99.084
G1 F1500 X103.836 Y100.942 E1062.84385
G0 F9000 X103.27 Y100.942
G1 F1500 X105.128 Y99.084 E1062.89629
G0 F9000 X104.563 Y99.084
G1 F1500 X102.704 Y100.942 E1062.94874
G0 F9000 X102.069 Y101.012
G1 F1500 X103.997 Y99.084 E1063.00315
G0 F9000 X103.431 Y99.084
G1 F1500 X99.085 Y103.431 E1063.12582
G0 F9000 X99.085 Y103.996
G1 F1500 X101 Y102.081 E1063.17987
G0 F9000 X100.949 Y102.698
G1 F1500 X99.085 Y104.562 E1063.23247
G0 F9000 X99.085 Y105.128
G1 F1500 X100.949 Y103.264 E1063.28508
G0 F9000 X100.949 Y103.829
G1 F1500 X99.085 Y105.693 E1063.33769
G0 F9000 X99.085 Y106.259
G1 F1500 X100.949 Y104.395 E1063.39029
G0 F9000 X100.948 Y104.962
G1 F1500 X99.085 Y106.825 E1063.44287
G0 F9000 X99.085 Y107.39
G1 F1500 X100.948 Y105.527 E1063.49545
G0 F9000 X100.948 Y106.093
G1 F1500 X99.085 Y107.956 E1063.54803
G0 F9000 X99.085 Y108.522
G1 F1500 X100.948 Y106.659 E1063.6006
G0 F9000 X100.947 Y107.225
G1 F1500 X99.085 Y109.087 E1063.65315
G0 F9000 X99.085 Y109.653
G1 F1500 X100.947 Y107.791 E1063.7057
G0 F9000 X100.947 Y108.356
G1 F1500 X99.085 Y110.219 E1063.75827
G0 F9000 X99.085 Y110.785
G1 F1500 X100.947 Y108.922 E1063.81083
G0 F9000 X100.947 Y109.488
G1 F1500 X99.085 Y111.35 E1063.86338
G0 F9000 X99.085 Y111.916
G1 F1500 X100.947 Y110.054 E1063.91593
G0 F9000 X100.947 Y110.62
G1 F1500 X99.085 Y112.482 E1063.96848
G0 F9000 X99.085 Y113.047
G1 F1500 X100.947 Y111.185 E1064.02103
G0 F9000 X100.946 Y111.752
G1 F1500 X99.085 Y113.613 E1064.07355
G0 F9000 X99.085 Y114.179
G1 F1500 X100.946 Y112.318 E1064.12607
G0 F9000 X100.946 Y112.883
G1 F1500 X99.085 Y114.744 E1064.17859
G0 F9000 X99.085 Y115.31
G1 F1500 X100.946 Y113.449 E1064.23111
G0 F9000 X100.945 Y114.015
G1 F1500 X99.085 Y115.876 E1064.28362
G0 F9000 X99.085 Y116.441
G1 F1500 X100.945 Y114.581 E1064.33611
G0 F9000 X100.945 Y115.147
G1 F1500 X99.085 Y117.007 E1064.38861
G0 F9000 X99.085 Y117.573
G1 F1500 X100.945 Y115.712 E1064.44112
G0 F9000 X100.945 Y116.278
G1 F1500 X99.085 Y118.138 E1064.49361
G0 F9000 X99.085 Y118.704
G1 F1500 X100.944 Y116.844 E1064.54609
G0 F9000 X100.944 Y117.41
G1 F1500 X99.085 Y119.27 E1064.59857
G0 F9000 X99.085 Y119.836
G1 F1500 X100.944 Y117.976 E1064.65105
G0 F9000 X100.944 Y118.542
G1 F1500 X99.085 Y120.401 E1064.70351
G0 F9000 X99.085 Y120.967
G1 F1500 X100.944 Y119.108 E1064.75598
G0 F9000 X100.944 Y119.674
G1 F1500 X99.085 Y121.533 E1064.80844
G0 F9000 X99.085 Y122.098
G1 F1500 X100.944 Y120.239 E1064.86091
G0 F9000 X100.944 Y120.805
G1 F1500 X99.085 Y122.664 E1064.91337
G0 F9000 X99.085 Y123.23
G1 F1500 X100.943 Y121.371 E1064.96582
G0 F9000 X100.943 Y121.937
G1 F1500 X99.085 Y123.795 E1065.01826
G0 F9000 X99.085 Y124.361
G1 F1500 X100.943 Y122.503 E1065.0707
G0 F9000 X100.943 Y123.068
G1 F1500 X99.085 Y124.927 E1065.12315
G0 F9000 X99.085 Y125.492
G1 F1500 X100.942 Y123.635 E1065.17555
G0 F9000 X100.942 Y124.2
G1 F1500 X99.085 Y126.058 E1065.22798
G0 F9000 X99.085 Y126.624
G1 F1500 X100.942 Y124.766 E1065.2804
G0 F9000 X100.942 Y125.332
G1 F1500 X99.085 Y127.189 E1065.33281
G0 F9000 X99.085 Y127.755
G1 F1500 X100.942 Y125.898 E1065.38522
G0 F9000 X100.942 Y126.464
G1 F1500 X99.085 Y128.321 E1065.43763
G0 F9000 X99.085 Y128.886
G1 F1500 X100.942 Y127.03 E1065.49002
G0 F9000 X100.942 Y127.595
G1 F1500 X99.085 Y129.452 E1065.54243
G0 F9000 X99.085 Y130.018
G1 F1500 X100.941 Y128.162 E1065.59481
G0 F9000 X100.941 Y128.727
G1 F1500 X99.085 Y130.584 E1065.6472
G0 F9000 X99.085 Y131.149
G1 F1500 X100.941 Y129.293 E1065.69958
G0 F9000 X100.941 Y129.859
G1 F1500 X99.085 Y131.715 E1065.75196
G0 F9000 X99.085 Y132.281
G1 F1500 X100.94 Y130.425 E1065.80433
G0 F9000 X100.94 Y130.991
G1 F1500 X99.102 Y132.829 E1065.8562
G0 F9000 X99.189 Y133.308
G1 F1500 X100.94 Y131.557 E1065.90562
G0 F9000 X100.94 Y132.122
G1 F1500 X99.326 Y133.737 E1065.95118
G0 F9000 X99.503 Y134.125
G1 F1500 X100.94 Y132.688 E1065.99174
G0 F9000 X101.068 Y133.126
G1 F1500 X99.719 Y134.475 E1066.02981
G0 F9000 X99.973 Y134.787
G1 F1500 X101.29 Y133.47 E1066.06698
G0 F9000 X101.572 Y133.753
G1 F1500 X100.259 Y135.067 E1066.10405
G0 F9000 X100.577 Y135.313
G1 F1500 X101.941 Y133.95 E1066.14253
G0 F9000 X102.403 Y134.053
G1 F1500 X100.932 Y135.524 E1066.18405
G0 F9000 X101.324 Y135.698
G1 F1500 X102.966 Y134.056 E1066.23039
G0 F9000 X103.532 Y134.056
G1 F1500 X101.759 Y135.829 E1066.28042
G0 F9000 X102.26 Y135.894
G1 F1500 X104.097 Y134.056 E1066.33228
G0 F9000 X104.663 Y134.056
G1 F1500 X102.807 Y135.912 E1066.38466
G0 F9000 X103.373 Y135.912
G1 F1500 X105.229 Y134.056 E1066.43704
G0 F9000 X105.794 Y134.056
G1 F1500 X103.938 Y135.912 E1066.48942
G0 F9000 X104.504 Y135.912
G1 F1500 X106.36 Y134.056 E1066.5418
G0 F9000 X106.926 Y134.056
G1 F1500 X105.07 Y135.912 E1066.59418
G0 F9000 X105.635 Y135.912
G1 F1500 X107.492 Y134.056 E1066.64658
G0 F9000 X108.057 Y134.056
G1 F1500 X106.201 Y135.912 E1066.69896
G0 F9000 X106.767 Y135.912
G1 F1500 X108.623 Y134.056 E1066.75134
G0 F9000 X109.189 Y134.056
G1 F1500 X107.332 Y135.912 E1066.80373
G0 F9000 X107.898 Y135.912
G1 F1500 X109.754 Y134.056 E1066.85611
G0 F9000 X110.32 Y134.056
G1 F1500 X108.464 Y135.912 E1066.90849
G0 F9000 X109.03 Y135.912
G1 F1500 X110.886 Y134.056 E1066.96087
G0 F9000 X111.451 Y134.056
G1 F1500 X109.595 Y135.912 E1067.01325
G0 F9000 X110.161 Y135.912
G1 F1500 X112.017 Y134.056 E1067.06564
G0 F9000 X112.583 Y134.056
G1 F1500 X110.727 Y135.912 E1067.11802
G0 F9000 X111.292 Y135.912
G1 F1500 X113.148 Y134.056 E1067.1704
G0 F9000 X113.714 Y134.056
G1 F1500 X111.858 Y135.912 E1067.22278
G0 F9000 X112.424 Y135.912
G1 F1500 X114.28 Y134.056 E1067.27516
G0 F9000 X114.845 Y134.056
G1 F1500 X112.989 Y135.912 E1067.32754
G0 F9000 X113.555 Y135.912
G1 F1500 X115.411 Y134.056 E1067.37992
G0 F9000 X115.977 Y134.056
G1 F1500 X114.121 Y135.912 E1067.4323
G0 F9000 X114.686 Y135.912
G1 F1500 X116.543 Y134.056 E1067.48469
G0 F9000 X117.108 Y134.056
G1 F1500 X115.252 Y135.912 E1067.53707
G0 F9000 X115.818 Y135.912
G1 F1500 X117.674 Y134.056 E1067.58945
G0 F9000 X118.24 Y134.056
G1 F1500 X116.383 Y135.912 E1067.64185
G0 F9000 X116.949 Y135.912
G1 F1500 X118.805 Y134.056 E1067.69423
G0 F9000 X119.371 Y134.056
G1 F1500 X117.515 Y135.912 E1067.74661
G0 F9000 X118.081 Y135.912
G1 F1500 X119.937 Y134.056 E1067.79899
G0 F9000 X120.502 Y134.056
G1 F1500 X118.647 Y135.912 E1067.85135
G0 F9000 X119.213 Y135.912
G1 F1500 X121.068 Y134.056 E1067.90372
G0 F9000 X121.634 Y134.056
G1 F1500 X119.778 Y135.912 E1067.9561
G0 F9000 X120.344 Y135.912
G1 F1500 X122.199 Y134.056 E1068.00847
G0 F9000 X122.765 Y134.056
G1 F1500 X120.91 Y135.912 E1068.06083
G0 F9000 X121.475 Y135.912
G1 F1500 X123.331 Y134.056 E1068.11321
G0 F9000 X123.896 Y134.056
G1 F1500 X122.041 Y135.912 E1068.16558
G0 F9000 X122.607 Y135.912
G1 F1500 X124.462 Y134.056 E1068.21795
G0 F9000 X125.028 Y134.056
G1 F1500 X123.172 Y135.912 E1068.27033
G0 F9000 X123.738 Y135.912
G1 F1500 X125.593 Y134.056 E1068.32269
G0 F9000 X126.159 Y134.056
G1 F1500 X124.304 Y135.912 E1068.37506
G0 F9000 X124.869 Y135.912
G1 F1500 X126.725 Y134.056 E1068.42744
G0 F9000 X127.291 Y134.056
G1 F1500 X125.435 Y135.912 E1068.47982
G0 F9000 X126.001 Y135.912
G1 F1500 X127.856 Y134.056 E1068.53219
G0 F9000 X128.422 Y134.056
G1 F1500 X126.566 Y135.912 E1068.58457
G0 F9000 X127.132 Y135.912
G1 F1500 X128.988 Y134.056 E1068.63695
G0 F9000 X129.553 Y134.056
G1 F1500 X127.698 Y135.912 E1068.68931
G0 F9000 X128.264 Y135.912
G1 F1500 X130.119 Y134.056 E1068.74168
G0 F9000 X130.685 Y134.056
G1 F1500 X128.829 Y135.912 E1068.79406
G0 F9000 X129.395 Y135.912
G1 F1500 X131.25 Y134.056 E1068.84643
G0 F9000 X131.816 Y134.056
G1 F1500 X129.961 Y135.912 E1068.89879
G0 F9000 X130.526 Y135.912
G1 F1500 X132.382 Y134.056 E1068.95117
G0 F9000 X133.023 Y133.98
G1 F1500 X131.092 Y135.912 E1069.00568
G1 F2700 E1064.00568
G0 F9000 X131.092 Y136.372
G0 X102.096 Y136.287
G0 X101.324 Y136.126
G0 X100.59 Y135.797
G0 X99.958 Y135.336
G0 X99.413 Y134.737
G0 X99.016 Y134.048
G0 X98.772 Y133.296
G0 X98.723 Y132.831
G0 X98.624 Y102.865
G0 X99.085 Y102.865
G1 F2700 E1069.00568
G1 F1500 X102.866 Y99.084 E1069.11239
G0 F9000 X102.289 Y99.095
G1 F1500 X99.099 Y102.285 E1069.20242
G0 F9000 X99.209 Y101.609
G1 F1500 X101.612 Y99.206 E1069.27024
G0 F9000 X101.504 Y98.76
G0 X100.319 Y99.302
G0 X100.563 Y99.69
G1 F1500 X99.697 Y100.556 E1069.29468
G1 F2700 E1064.29468
;MESH:NONMESH
G0 F300 X99.697 Y100.556 Z4.68
G0 F9000 X99.314 Y100.305
G0 X98.874 Y101.313
G0 X101.325 Y102.373
G0 X101.662 Y133.338
G0 X117.5 Y133.499
;TIME_ELAPSED:2641.906982
;LAYER:38
;TYPE:WALL-INNER
;MESH:robotface-cover.stl
G1 F2700 E1069.29468
G1 F1500 X102.44 Y133.499 E1069.59522
G1 X102.092 Y133.414 E1069.60237
G1 X101.835 Y133.248 E1069.60847
G1 X101.66 Y133.045 E1069.61382
G1 X101.565 Y132.858 E1069.61801
G1 X101.501 Y132.616 E1069.623
G1 X101.505 Y102.392 E1070.22615
G1 X101.549 Y102.188 E1070.23032
G1 X101.691 Y101.911 E1070.23653
G1 X101.915 Y101.688 E1070.24284
G1 X102.094 Y101.585 E1070.24696
G1 X102.456 Y101.5 E1070.25438
G1 X132.56 Y101.501 E1070.85514
G1 X132.957 Y101.609 E1070.86335
G1 X133.134 Y101.725 E1070.86757
G1 X133.34 Y101.955 E1070.87373
G1 X133.435 Y102.142 E1070.87792
G1 X133.498 Y102.437 E1070.88394
G1 X133.499 Y132.56 E1071.48508
G1 X133.467 Y132.76 E1071.48912
G1 X133.334 Y133.081 E1071.49605
G1 X133.045 Y133.34 E1071.5038
G1 X132.858 Y133.435 E1071.50798
G1 X132.56 Y133.499 E1071.51406
G1 X117.5 Y133.499 E1071.8146
G0 F9000 X117.5 Y133.1
G1 F1500 X102.402 Y133.1 E1072.1159
G1 X102.173 Y133.004 E1072.12085
G1 X102.013 Y132.852 E1072.12526
G1 X101.9 Y132.533 E1072.13201
G1 X101.9 Y102.464 E1072.73207
G1 X101.952 Y102.253 E1072.73641
G1 X102.125 Y102.031 E1072.74203
G1 X102.423 Y101.904 E1072.74849
G1 X132.536 Y101.9 E1073.34943
G1 X132.774 Y101.965 E1073.35435
G1 X132.898 Y102.05 E1073.35735
G1 X133.061 Y102.285 E1073.36306
G1 X133.097 Y102.438 E1073.36619
G1 X133.098 Y132.563 E1073.96737
G1 X132.966 Y132.88 E1073.97422
G1 X132.775 Y133.034 E1073.97912
G1 X132.536 Y133.1 E1073.98407
G1 X117.5 Y133.1 E1074.28413
G1 F2700 E1069.28413
G0 F9000 X117.5 Y133.41
G0 X117.5 Y133.679
G0 X117.5 Y136.28
G0 X117.5 Y136.48
G1 F2700 E1074.28413
G1 F1500 X132.458 Y136.48 E1074.58263
G1 X132.917 Y136.452 E1074.59181
G1 X133.333 Y136.388 E1074.60021
G1 X133.723 Y136.283 E1074.60827
G1 X134.116 Y136.133 E1074.61666
G1 X134.49 Y135.941 E1074.62505
G1 X134.833 Y135.718 E1074.63322
G1 X135.147 Y135.461 E1074.64131
G1 X135.465 Y135.144 E1074.65027
G1 X135.718 Y134.833 E1074.65827
G1 X135.941 Y134.49 E1074.66644
G1 X136.133 Y134.116 E1074.67483
G1 X136.283 Y133.723 E1074.68322
G1 X136.388 Y133.333 E1074.69128
G1 X136.452 Y132.917 E1074.69968
G1 X136.48 Y132.458 E1074.70886
G1 X136.48 Y102.52 E1075.3063
G1 X136.453 Y102.084 E1075.31502
G1 X136.388 Y101.663 E1075.32352
G1 X136.283 Y101.273 E1075.33158
G1 X136.133 Y100.88 E1075.33998
G1 X135.941 Y100.506 E1075.34837
G1 X135.718 Y100.162 E1075.35655
G1 X135.465 Y99.852 E1075.36453
G1 X135.148 Y99.535 E1075.37348
G1 X134.833 Y99.278 E1075.38159
G1 X134.49 Y99.055 E1075.38976
G1 X134.116 Y98.863 E1075.39815
G1 X133.723 Y98.713 E1075.40654
G1 X133.333 Y98.608 E1075.4146
G1 X132.917 Y98.544 E1075.423
G1 X132.458 Y98.517 E1075.43218
G1 X102.303 Y98.516 E1076.03395
G1 X101.719 Y98.592 E1076.04571
G1 X101.306 Y98.699 E1076.05422
G1 X100.893 Y98.855 E1076.06303
G1 X100.532 Y99.035 E1076.07108
G1 X100.173 Y99.266 E1076.0796
G1 X99.84 Y99.531 E1076.08809
G1 X99.548 Y99.823 E1076.09633
G1 X99.281 Y100.153 E1076.1048
G1 X99.055 Y100.495 E1076.11298
G1 X98.864 Y100.871 E1076.1214
G1 X98.713 Y101.264 E1076.1298
G1 X98.608 Y101.658 E1076.13794
G1 X98.544 Y102.075 E1076.14636
G1 X98.516 Y102.538 E1076.15561
G1 X98.52 Y132.48 E1076.75314
G1 X98.544 Y132.919 E1076.76191
G1 X98.608 Y133.333 E1076.77027
G1 X98.713 Y133.723 E1076.77833
G1 X98.863 Y134.116 E1076.78673
G1 X99.055 Y134.49 E1076.79512
G1 X99.278 Y134.833 E1076.80328
G1 X99.531 Y135.144 E1076.81128
G1 X99.848 Y135.461 E1076.82023
G1 X100.163 Y135.718 E1076.82834
G1 X100.506 Y135.941 E1076.83651
G1 X100.88 Y136.133 E1076.8449
G1 X101.273 Y136.283 E1076.85329
G1 X101.663 Y136.387 E1076.86135
G1 X102.083 Y136.452 E1076.86983
G1 X102.539 Y136.48 E1076.87894
G1 X117.5 Y136.48 E1077.17751
G0 F9000 X117.5 Y136.88
G1 F1500 X132.47 Y136.88 E1077.47625
G1 X132.96 Y136.85 E1077.48605
G1 X133.415 Y136.78 E1077.49523
G1 X133.846 Y136.664 E1077.50414
G1 X134.279 Y136.499 E1077.51339
G1 X134.691 Y136.288 E1077.52262
G1 X135.069 Y136.042 E1077.53162
G1 X135.416 Y135.758 E1077.54057
G1 X135.762 Y135.413 E1077.55032
G1 X136.042 Y135.069 E1077.55918
G1 X136.287 Y134.691 E1077.56816
G1 X136.499 Y134.279 E1077.57741
G1 X136.664 Y133.846 E1077.58666
G1 X136.78 Y133.415 E1077.59557
G1 X136.85 Y132.96 E1077.60475
G1 X136.88 Y132.47 E1077.61455
G1 X136.88 Y102.507 E1078.21249
G1 X136.851 Y102.041 E1078.22181
G1 X136.78 Y101.58 E1078.23112
G1 X136.664 Y101.15 E1078.24001
G1 X136.499 Y100.717 E1078.24925
G1 X136.288 Y100.305 E1078.25849
G1 X136.042 Y99.926 E1078.26751
G1 X135.762 Y99.583 E1078.27634
G1 X135.416 Y99.238 E1078.28609
G1 X135.069 Y98.954 E1078.29504
G1 X134.691 Y98.709 E1078.30403
G1 X134.279 Y98.497 E1078.31328
G1 X133.846 Y98.332 E1078.32253
G1 X133.415 Y98.216 E1078.33143
G1 X132.96 Y98.146 E1078.34062
G1 X132.47 Y98.117 E1078.35042
G1 X102.285 Y98.116 E1078.95279
G1 X101.643 Y98.199 E1078.96571
G1 X101.186 Y98.317 E1078.97513
G1 X100.733 Y98.487 E1078.98478
G1 X100.334 Y98.687 E1078.99369
G1 X99.939 Y98.941 E1079.00306
G1 X99.573 Y99.233 E1079.01241
G1 X99.25 Y99.555 E1079.02151
G1 X98.957 Y99.916 E1079.03079
G1 X98.708 Y100.294 E1079.03982
G1 X98.498 Y100.708 E1079.04908
G1 X98.332 Y101.141 E1079.05834
G1 X98.216 Y101.576 E1079.06732
G1 X98.146 Y102.032 E1079.07653
G1 X98.116 Y102.526 E1079.0864
G1 X98.12 Y132.491 E1079.68439
G1 X98.146 Y132.961 E1079.69378
G1 X98.216 Y133.415 E1079.70295
G1 X98.332 Y133.846 E1079.71186
G1 X98.497 Y134.279 E1079.7211
G1 X98.709 Y134.691 E1079.73035
G1 X98.954 Y135.069 E1079.73934
G1 X99.234 Y135.413 E1079.74819
G1 X99.58 Y135.758 E1079.75794
G1 X99.927 Y136.042 E1079.76689
G1 X100.305 Y136.288 E1079.77589
G1 X100.717 Y136.499 E1079.78513
G1 X101.15 Y136.664 E1079.79437
G1 X101.58 Y136.779 E1079.80326
G1 X102.04 Y136.85 E1079.81255
G1 X102.527 Y136.88 E1079.82228
G1 X117.5 Y136.88 E1080.12108
G0 F9000 X117.5 Y137.28
;TYPE:WALL-OUTER
G1 F1500 X132.482 Y137.28 E1080.42007
G1 X133.002 Y137.248 E1080.43046
G1 X133.498 Y137.172 E1080.44048
G1 X133.97 Y137.045 E1080.45023
G1 X134.442 Y136.865 E1080.46031
G1 X134.891 Y136.634 E1080.47039
G1 X135.305 Y136.366 E1080.48023
G1 X135.685 Y136.055 E1080.49003
G1 X136.059 Y135.681 E1080.50059
G1 X136.366 Y135.305 E1080.51027
G1 X136.634 Y134.891 E1080.52011
G1 X136.865 Y134.442 E1080.53019
G1 X137.045 Y133.97 E1080.54027
G1 X137.172 Y133.498 E1080.55003
G1 X137.248 Y133.002 E1080.56004
G1 X137.28 Y132.482 E1080.57044
G1 X137.28 Y102.495 E1081.16886
G1 X137.249 Y101.998 E1081.1788
G1 X137.172 Y101.498 E1081.18889
G1 X137.045 Y101.026 E1081.19865
G1 X136.865 Y100.554 E1081.20873
G1 X136.634 Y100.105 E1081.2188
G1 X136.366 Y99.69 E1081.22866
G1 X136.059 Y99.315 E1081.23833
G1 X135.685 Y98.941 E1081.24889
G1 X135.305 Y98.63 E1081.25869
G1 X134.891 Y98.362 E1081.26853
G1 X134.442 Y98.131 E1081.27861
G1 X133.97 Y97.951 E1081.28869
G1 X133.498 Y97.824 E1081.29844
G1 X133.002 Y97.748 E1081.30846
G1 X132.482 Y97.717 E1081.31885
G1 X102.429 Y97.716 E1081.91859
G1 X102.166 Y97.728 E1081.92385
G1 X101.567 Y97.805 E1081.9359
G1 X101.065 Y97.935 E1081.94625
G1 X100.573 Y98.12 E1081.95674
G1 X100.136 Y98.339 E1081.96649
G1 X99.705 Y98.615 E1081.9767
G1 X99.306 Y98.934 E1081.9869
G1 X98.953 Y99.287 E1081.99686
G1 X98.634 Y99.679 E1082.00695
G1 X98.362 Y100.093 E1082.01683
G1 X98.132 Y100.546 E1082.02697
G1 X97.951 Y101.018 E1082.03706
G1 X97.824 Y101.494 E1082.04689
G1 X97.748 Y101.99 E1082.0569
G1 X97.716 Y102.514 E1082.06738
G1 X97.72 Y132.502 E1082.66582
G1 X97.748 Y133.003 E1082.67584
G1 X97.824 Y133.498 E1082.68583
G1 X97.951 Y133.97 E1082.69558
G1 X98.131 Y134.442 E1082.70567
G1 X98.362 Y134.891 E1082.71574
G1 X98.63 Y135.305 E1082.72558
G1 X98.937 Y135.681 E1082.73527
G1 X99.311 Y136.055 E1082.74583
G1 X99.691 Y136.366 E1082.75563
G1 X100.105 Y136.634 E1082.76547
G1 X100.554 Y136.865 E1082.77554
G1 X101.026 Y137.045 E1082.78562
G1 X101.498 Y137.171 E1082.79537
G1 X101.998 Y137.248 E1082.80547
G1 X102.515 Y137.28 E1082.81581
G1 X117.5 Y137.28 E1083.11485
G1 F2700 E1078.11485
G0 F9000 X117.5 Y136.57
G0 X117.5 Y136.28
G0 X117.5 Y133.679
G0 X117.5 Y132.699
G1 F2700 E1083.11485
G1 F1500 X102.469 Y132.698 E1083.41481
G1 X102.337 Y132.618 E1083.41789
G1 X102.304 Y132.543 E1083.41952
G1 X102.304 Y102.456 E1084.01994
G1 X102.344 Y102.373 E1084.02178
G1 X102.474 Y102.301 E1084.02475
G1 X132.531 Y102.302 E1084.62457
G1 X132.656 Y102.373 E1084.62744
G1 X132.7 Y102.487 E1084.62987
G1 X132.7 Y132.521 E1085.22923
G1 X132.656 Y132.627 E1085.23153
G1 X132.512 Y132.7 E1085.23475
G1 X117.5 Y132.699 E1085.53433
G1 F2700 E1080.53433
G0 F9000 X117.5 Y133.41
G0 X117.5 Y133.679
G0 X117.5 Y136.28
G0 X117.5 Y136.12
;TYPE:SKIN
G1 F2700 E1085.53433
G1 F1500 X102.559 Y136.12 E1085.83249
G1 X102.114 Y136.088 E1085.84139
G1 X101.733 Y136.031 E1085.84908
G1 X101.387 Y135.941 E1085.85622
G1 X101.03 Y135.801 E1085.86387
G1 X100.68 Y135.626 E1085.87168
G1 X100.378 Y135.43 E1085.87886
G1 X100.091 Y135.195 E1085.88627
G1 X99.793 Y134.897 E1085.89468
G1 X99.567 Y134.618 E1085.90184
G1 X99.37 Y134.311 E1085.90912
G1 X99.191 Y133.966 E1085.91688
G1 X99.055 Y133.606 E1085.92456
G1 X98.96 Y133.258 E1085.93176
G1 X98.904 Y132.887 E1085.93924
G1 X98.881 Y132.487 E1085.94724
G1 X98.876 Y102.558 E1086.5445
G1 X98.904 Y102.098 E1086.5537
G1 X98.961 Y101.726 E1086.56121
G1 X99.055 Y101.374 E1086.56848
G1 X99.192 Y101.017 E1086.57611
G1 X99.362 Y100.681 E1086.58363
G1 X99.574 Y100.359 E1086.59132
G1 X99.817 Y100.063 E1086.59896
G1 X100.078 Y99.802 E1086.60633
G1 X100.381 Y99.559 E1086.61408
G1 X100.712 Y99.347 E1086.62193
G1 X101.028 Y99.188 E1086.62898
G1 X101.421 Y99.043 E1086.63734
G1 X101.787 Y98.945 E1086.64491
G1 X102.337 Y98.876 E1086.65597
G1 X132.437 Y98.876 E1087.25665
G1 X132.882 Y98.904 E1087.26554
G1 X133.258 Y98.961 E1087.27313
G1 X133.606 Y99.055 E1087.28033
G1 X133.966 Y99.191 E1087.28801
G1 X134.296 Y99.362 E1087.29542
G1 X134.631 Y99.575 E1087.30335
G1 X134.893 Y99.789 E1087.3101
G1 X135.207 Y100.103 E1087.31896
G1 X135.422 Y100.366 E1087.32574
G1 X135.626 Y100.68 E1087.33321
G1 X135.8 Y101.026 E1087.34094
G1 X135.937 Y101.383 E1087.34857
G1 X136.032 Y101.731 E1087.35577
G1 X136.093 Y102.111 E1087.36345
G1 X136.12 Y102.539 E1087.37201
G1 X136.12 Y132.433 E1087.96857
G1 X136.088 Y132.885 E1087.97762
G1 X136.031 Y133.259 E1087.98517
G1 X135.941 Y133.606 E1087.99232
G1 X135.801 Y133.966 E1088.00003
G1 X135.626 Y134.311 E1088.00775
G1 X135.426 Y134.617 E1088.01504
G1 X135.199 Y134.897 E1088.02224
G1 X134.901 Y135.195 E1088.03065
G1 X134.617 Y135.43 E1088.038
G1 X134.312 Y135.626 E1088.04524
G1 X133.966 Y135.801 E1088.05298
G1 X133.602 Y135.941 E1088.06076
G1 X133.263 Y136.032 E1088.06776
G1 X132.886 Y136.089 E1088.07537
G1 X132.433 Y136.12 E1088.08443
G1 X117.5 Y136.12 E1088.38244
G1 F2700 E1083.38244
G0 F9000 X117.5 Y136.38
G0 X117.5 Y133.679
G0 X117.5 Y133.855
G1 F2700 E1088.38244
G1 F1500 X132.594 Y133.854 E1088.68365
G1 X132.989 Y133.771 E1088.69171
G1 X133.465 Y133.466 E1088.70299
G1 X133.767 Y132.997 E1088.71412
G1 X133.852 Y132.642 E1088.72141
G1 X133.854 Y102.284 E1089.32723
G1 X133.7 Y101.858 E1089.33627
G1 X133.359 Y101.444 E1089.34698
G1 X133.121 Y101.285 E1089.35269
G1 X132.73 Y101.141 E1089.36101
G1 X102.423 Y101.141 E1089.96581
G1 X102.096 Y101.19 E1089.97241
G1 X101.763 Y101.351 E1089.97979
G1 X101.454 Y101.626 E1089.98805
G1 X101.253 Y101.939 E1089.99547
G1 X101.142 Y102.399 E1090.00492
G1 X101.142 Y132.592 E1090.60745
G1 X101.204 Y132.924 E1090.61419
G1 X101.323 Y133.189 E1090.61999
G1 X101.637 Y133.552 E1090.62956
G1 X101.954 Y133.743 E1090.63695
G1 X102.418 Y133.856 E1090.64648
G1 X117.5 Y133.855 E1090.94746
G1 F2700 E1085.94746
G0 F9000 X117.5 Y133.599
G0 X102.43 Y133.68
G0 X101.704 Y136.191
G0 X100.946 Y136.05
G0 X101.111 Y135.618
G1 F2700 E1090.94746
G1 F1500 X99.372 Y133.879 E1090.99654
G0 F9000 X99.134 Y133.075
G1 F1500 X101.915 Y135.856 E1091.07502
G0 F9000 X102.543 Y135.918
G1 F1500 X99.081 Y132.456 E1091.17273
G0 F9000 X99.081 Y131.89
G1 F1500 X103.11 Y135.92 E1091.28645
G0 F9000 X103.676 Y135.92
G1 F1500 X99.081 Y131.325 E1091.41613
G0 F9000 X99.081 Y130.759
G1 F1500 X100.949 Y132.627 E1091.46885
G0 F9000 X100.94 Y132.053
G1 F1500 X99.081 Y130.193 E1091.52133
G0 F9000 X99.081 Y129.628
G1 F1500 X100.94 Y131.487 E1091.57379
G0 F9000 X100.94 Y130.922
G1 F1500 X99.081 Y129.062 E1091.62627
G0 F9000 X99.081 Y128.496
G1 F1500 X100.94 Y130.356 E1091.67875
G0 F9000 X100.94 Y129.79
G1 F1500 X99.08 Y127.93 E1091.73124
G0 F9000 X99.08 Y127.364
G1 F1500 X100.94 Y129.224 E1091.78374
G0 F9000 X100.941 Y128.659
G1 F1500 X99.08 Y126.798 E1091.83626
G0 F9000 X99.08 Y126.233
G1 F1500 X100.941 Y128.094 E1091.88878
G0 F9000 X100.941 Y127.528
G1 F1500 X99.08 Y125.667 E1091.9413
G0 F9000 X99.08 Y125.101
G1 F1500 X100.941 Y126.962 E1091.99382
G0 F9000 X100.941 Y126.397
G1 F1500 X99.08 Y124.536 E1092.04634
G0 F9000 X99.08 Y123.97
G1 F1500 X100.941 Y125.831 E1092.09887
G0 F9000 X100.941 Y125.265
G1 F1500 X99.079 Y123.404 E1092.1514
G0 F9000 X99.079 Y122.838
G1 F1500 X100.942 Y124.7 E1092.20396
G0 F9000 X100.942 Y124.135
G1 F1500 X99.079 Y122.272 E1092.25654
G0 F9000 X99.079 Y121.707
G1 F1500 X100.942 Y123.569 E1092.30911
G0 F9000 X100.942 Y123.003
G1 F1500 X99.079 Y121.141 E1092.36167
G0 F9000 X99.079 Y120.575
G1 F1500 X100.942 Y122.438 E1092.41425
G0 F9000 X100.942 Y121.872
G1 F1500 X99.079 Y120.009 E1092.46683
G0 F9000 X99.078 Y119.443
G1 F1500 X100.942 Y121.306 E1092.51942
G0 F9000 X100.942 Y120.741
G1 F1500 X99.078 Y118.877 E1092.57202
G0 F9000 X99.078 Y118.312
G1 F1500 X100.942 Y120.176 E1092.62463
G0 F9000 X100.942 Y119.61
G1 F1500 X99.078 Y117.746 E1092.67724
G0 F9000 X99.078 Y117.18
G1 F1500 X100.942 Y119.044 E1092.72984
G0 F9000 X100.942 Y118.479
G1 F1500 X99.078 Y116.615 E1092.78245
G0 F9000 X99.078 Y116.049
G1 F1500 X100.942 Y117.913 E1092.83505
G0 F9000 X100.943 Y117.348
G1 F1500 X99.078 Y115.483 E1092.88769
G0 F9000 X99.078 Y114.917
G1 F1500 X100.943 Y116.782 E1092.94032
G0 F9000 X100.943 Y116.217
G1 F1500 X99.078 Y114.351 E1092.99297
G0 F9000 X99.078 Y113.786
G1 F1500 X100.943 Y115.651 E1093.04561
G0 F9000 X100.943 Y115.085
G1 F1500 X99.078 Y113.22 E1093.09824
G0 F9000 X99.078 Y112.654
G1 F1500 X100.943 Y114.519 E1093.15087
G0 F9000 X100.943 Y113.954
G1 F1500 X99.078 Y112.088 E1093.20352
G0 F9000 X99.078 Y111.523
G1 F1500 X100.944 Y113.389 E1093.25619
G0 F9000 X100.944 Y112.823
G1 F1500 X99.077 Y110.956 E1093.30888
G0 F9000 X99.077 Y110.391
G1 F1500 X100.944 Y112.257 E1093.36155
G0 F9000 X100.944 Y111.692
G1 F1500 X99.077 Y109.825 E1093.41424
G0 F9000 X99.077 Y109.259
G1 F1500 X100.944 Y111.126 E1093.46693
G0 F9000 X100.944 Y110.56
G1 F1500 X99.077 Y108.694 E1093.51961
G0 F9000 X99.077 Y108.128
G1 F1500 X100.944 Y109.995 E1093.5723
G0 F9000 X100.944 Y109.43
G1 F1500 X99.077 Y107.562 E1093.62501
G0 F9000 X99.077 Y106.997
G1 F1500 X100.944 Y108.864 E1093.6777
G0 F9000 X100.944 Y108.298
G1 F1500 X99.076 Y106.43 E1093.73042
G0 F9000 X99.076 Y105.864
G1 F1500 X100.944 Y107.733 E1093.78315
G0 F9000 X100.944 Y107.167
G1 F1500 X99.076 Y105.299 E1093.83587
G0 F9000 X99.076 Y104.733
G1 F1500 X100.944 Y106.601 E1093.88859
G0 F9000 X100.945 Y106.036
G1 F1500 X99.076 Y104.167 E1093.94134
G0 F9000 X99.076 Y103.602
G1 F1500 X100.945 Y105.471 E1093.99408
G0 F9000 X100.945 Y104.905
G1 F1500 X99.076 Y103.036 E1094.04683
G0 F9000 X99.081 Y102.475
G1 F1500 X100.945 Y104.339 E1094.09944
G0 F9000 X100.945 Y103.774
G1 F1500 X99.127 Y101.956 E1094.15074
G0 F9000 X99.23 Y101.492
G1 F1500 X100.945 Y103.208 E1094.19916
G0 F9000 X100.945 Y102.642
G1 F1500 X99.384 Y101.081 E1094.24321
G0 F9000 X99.58 Y100.712
G1 F1500 X101.002 Y102.134 E1094.28335
G0 F9000 X101.154 Y101.72
G1 F1500 X99.814 Y100.38 E1094.32116
G0 F9000 X100.082 Y100.082
G1 F1500 X101.403 Y101.403 E1094.35844
G0 F9000 X101.716 Y101.15
G1 F1500 X100.382 Y99.816 E1094.39609
G0 F9000 X100.715 Y99.583
G1 F1500 X102.115 Y100.984 E1094.43562
G0 F9000 X102.64 Y100.943
G1 F1500 X101.082 Y99.385 E1094.47959
G0 F9000 X101.494 Y99.231
G1 F1500 X103.206 Y100.943 E1094.5279
G0 F9000 X103.771 Y100.943
G1 F1500 X101.955 Y99.126 E1094.57917
G0 F9000 X102.47 Y99.076
G1 F1500 X104.337 Y100.943 E1094.63186
G0 F9000 X104.903 Y100.943
G1 F1500 X103.036 Y99.076 E1094.68455
G0 F9000 X103.602 Y99.076
G1 F1500 X105.469 Y100.943 E1094.73724
G0 F9000 X106.034 Y100.943
G1 F1500 X104.167 Y99.076 E1094.78993
G0 F9000 X104.733 Y99.076
G1 F1500 X106.6 Y100.943 E1094.84262
G0 F9000 X107.166 Y100.943
G1 F1500 X105.299 Y99.076 E1094.89531
G0 F9000 X105.864 Y99.076
G1 F1500 X107.731 Y100.943 E1094.94801
G0 F9000 X108.297 Y100.943
G1 F1500 X106.43 Y99.076 E1095.0007
G0 F9000 X106.996 Y99.076
G1 F1500 X108.863 Y100.943 E1095.05339
G0 F9000 X109.428 Y100.943
G1 F1500 X107.562 Y99.076 E1095.10606
G0 F9000 X108.127 Y99.076
G1 F1500 X109.994 Y100.943 E1095.15875
G0 F9000 X110.56 Y100.943
G1 F1500 X108.693 Y99.076 E1095.21145
G0 F9000 X109.259 Y99.076
G1 F1500 X111.125 Y100.943 E1095.26412
G0 F9000 X111.691 Y100.943
G1 F1500 X109.824 Y99.076 E1095.31681
G0 F9000 X110.39 Y99.076
G1 F1500 X112.257 Y100.943 E1095.3695
G0 F9000 X112.822 Y100.943
G1 F1500 X110.956 Y99.076 E1095.42218
G0 F9000 X111.521 Y99.076
G1 F1500 X113.388 Y100.943 E1095.47487
G0 F9000 X113.954 Y100.943
G1 F1500 X112.087 Y99.076 E1095.52756
G0 F9000 X112.653 Y99.076
G1 F1500 X114.519 Y100.943 E1095.58024
G0 F9000 X115.085 Y100.943
G1 F1500 X113.218 Y99.076 E1095.63293
G0 F9000 X113.784 Y99.076
G1 F1500 X115.651 Y100.943 E1095.68562
G0 F9000 X116.217 Y100.943
G1 F1500 X114.35 Y99.076 E1095.73831
G0 F9000 X114.915 Y99.076
G1 F1500 X116.782 Y100.943 E1095.791
G0 F9000 X117.348 Y100.943
G1 F1500 X115.481 Y99.076 E1095.84369
G0 F9000 X116.047 Y99.076
G1 F1500 X117.914 Y100.943 E1095.89638
G0 F9000 X118.479 Y100.943
G1 F1500 X116.613 Y99.076 E1095.94906
G0 F9000 X117.178 Y99.076
G1 F1500 X119.045 Y100.943 E1096.00175
G0 F9000 X119.611 Y100.943
G1 F1500 X117.744 Y99.076 E1096.05444
G0 F9000 X118.31 Y99.076
G1 F1500 X120.176 Y100.943 E1096.10712
G0 F9000 X120.742 Y100.943
G1 F1500 X118.875 Y99.076 E1096.15981
G0 F9000 X119.441 Y99.076
G1 F1500 X121.308 Y100.943 E1096.2125
G0 F9000 X121.873 Y100.943
G1 F1500 X120.007 Y99.076 E1096.26518
G0 F9000 X120.572 Y99.076
G1 F1500 X122.439 Y100.943 E1096.31787
G0 F9000 X123.005 Y100.943
G1 F1500 X121.138 Y99.076 E1096.37056
G0 F9000 X121.704 Y99.076
G1 F1500 X123.57 Y100.943 E1096.42323
G0 F9000 X124.136 Y100.943
G1 F1500 X122.269 Y99.076 E1096.47593
G0 F9000 X122.835 Y99.076
G1 F1500 X124.702 Y100.943 E1096.52862
G0 F9000 X125.268 Y100.943
G1 F1500 X123.401 Y99.076 E1096.58131
G0 F9000 X123.966 Y99.076
G1 F1500 X125.833 Y100.943 E1096.634
G0 F9000 X126.399 Y100.943
G1 F1500 X124.532 Y99.076 E1096.68669
G0 F9000 X125.098 Y99.076
G1 F1500 X126.965 Y100.943 E1096.73938
G0 F9000 X127.53 Y100.943
G1 F1500 X125.663 Y99.076 E1096.79207
G0 F9000 X126.229 Y99.076
G1 F1500 X128.096 Y100.943 E1096.84476
G0 F9000 X128.662 Y100.943
G1 F1500 X126.795 Y99.076 E1096.89745
G0 F9000 X127.361 Y99.076
G1 F1500 X129.227 Y100.943 E1096.95013
G0 F9000 X129.793 Y100.943
G1 F1500 X127.926 Y99.076 E1097.00282
G0 F9000 X128.492 Y99.076
G1 F1500 X130.359 Y100.943 E1097.05551
G0 F9000 X130.924 Y100.943
G1 F1500 X129.058 Y99.076 E1097.10819
G0 F9000 X129.623 Y99.076
G1 F1500 X131.49 Y100.943 E1097.16088
G0 F9000 X132.056 Y100.943
G1 F1500 X130.189 Y99.076 E1097.21357
G0 F9000 X130.755 Y99.076
G1 F1500 X132.621 Y100.943 E1097.26624
G1 F2700 E1092.26624
G0 F9000 X132.62 Y101.4
G0 X133.104 Y98.756
G0 X133.077 Y99.136
G1 F2700 E1097.26624
G1 F1500 X135.86 Y101.919 E1097.34479
G0 F9000 X135.92 Y102.545
G1 F1500 X132.452 Y99.077 E1097.44266
G0 F9000 X131.886 Y99.076
G1 F1500 X135.92 Y103.11 E1097.55651
G0 F9000 X135.92 Y103.676
G1 F1500 X131.32 Y99.076 E1097.68633
G0 F9000 X131.321 Y98.617
G0 X133.101 Y98.75
G0 X134.043 Y98.943
G0 X133.879 Y99.373
G1 F1500 X135.619 Y101.112 E1097.73542
G1 F2700 E1092.73542
G0 F9000 X136.052 Y100.95
G0 X136.184 Y101.672
G0 X133.679 Y102.315
G0 X134.051 Y102.373
G1 F2700 E1097.73542
G1 F1500 X135.92 Y104.242 E1097.78817
G0 F9000 X135.92 Y104.807
G1 F1500 X134.051 Y102.938 E1097.84092
G0 F9000 X134.051 Y103.504
G1 F1500 X135.92 Y105.373 E1097.89367
G0 F9000 X135.92 Y105.939
G1 F1500 X134.051 Y104.07 E1097.94641
G0 F9000 X134.051 Y104.636
G1 F1500 X135.92 Y106.504 E1097.99915
G0 F9000 X135.92 Y107.07
G1 F1500 X134.051 Y105.201 E1098.05189
G0 F9000 X134.051 Y105.767
G1 F1500 X135.92 Y107.636 E1098.10464
G0 F9000 X135.92 Y108.201
G1 F1500 X134.051 Y106.333 E1098.15737
G0 F9000 X134.051 Y106.898
G1 F1500 X135.92 Y108.767 E1098.21012
G0 F9000 X135.92 Y109.333
G1 F1500 X134.051 Y107.464 E1098.26287
G0 F9000 X134.051 Y108.03
G1 F1500 X135.92 Y109.899 E1098.31561
G0 F9000 X135.92 Y110.464
G1 F1500 X134.051 Y108.595 E1098.36836
G0 F9000 X134.051 Y109.161
G1 F1500 X135.92 Y111.03 E1098.42111
G0 F9000 X135.92 Y111.596
G1 F1500 X134.051 Y109.727 E1098.47386
G0 F9000 X134.051 Y110.292
G1 F1500 X135.92 Y112.161 E1098.5266
G0 F9000 X135.92 Y112.727
G1 F1500 X134.051 Y110.858 E1098.57935
G0 F9000 X134.051 Y111.424
G1 F1500 X135.92 Y113.293 E1098.6321
G0 F9000 X135.92 Y113.858
G1 F1500 X134.051 Y111.989 E1098.68485
G0 F9000 X134.051 Y112.555
G1 F1500 X135.92 Y114.424 E1098.73759
G0 F9000 X135.92 Y114.99
G1 F1500 X134.051 Y113.121 E1098.79034
G0 F9000 X134.051 Y113.687
G1 F1500 X135.92 Y115.555 E1098.84307
G0 F9000 X135.92 Y116.121
G1 F1500 X134.051 Y114.252 E1098.89582
G0 F9000 X134.051 Y114.818
G1 F1500 X135.92 Y116.687 E1098.94857
G0 F9000 X135.92 Y117.252
G1 F1500 X134.051 Y115.384 E1099.0013
G0 F9000 X134.051 Y115.949
G1 F1500 X135.92 Y117.818 E1099.05405
G0 F9000 X135.92 Y118.384
G1 F1500 X134.051 Y116.515 E1099.1068
G0 F9000 X134.051 Y117.081
G1 F1500 X135.92 Y118.95 E1099.15954
G0 F9000 X135.92 Y119.515
G1 F1500 X134.05 Y117.646 E1099.2123
G0 F9000 X134.05 Y118.211
G1 F1500 X135.92 Y120.081 E1099.26508
G0 F9000 X135.92 Y120.647
G1 F1500 X134.05 Y118.777 E1099.31785
G0 F9000 X134.05 Y119.343
G1 F1500 X135.92 Y121.212 E1099.37062
G0 F9000 X135.92 Y121.778
G1 F1500 X134.05 Y119.908 E1099.42339
G0 F9000 X134.05 Y120.474
G1 F1500 X135.92 Y122.344 E1099.47617
G0 F9000 X135.92 Y122.909
G1 F1500 X134.05 Y121.04 E1099.52893
G0 F9000 X134.05 Y121.605
G1 F1500 X135.92 Y123.475 E1099.5817
G0 F9000 X135.92 Y124.041
G1 F1500 X134.05 Y122.171 E1099.63448
G0 F9000 X134.05 Y122.737
G1 F1500 X135.92 Y124.606 E1099.68724
G0 F9000 X135.92 Y125.172
G1 F1500 X134.05 Y123.302 E1099.74002
G0 F9000 X134.05 Y123.868
G1 F1500 X135.92 Y125.738 E1099.79279
G0 F9000 X135.92 Y126.303
G1 F1500 X134.05 Y124.434 E1099.84555
G0 F9000 X134.05 Y125
G1 F1500 X135.92 Y126.869 E1099.89831
G0 F9000 X135.92 Y127.435
G1 F1500 X134.05 Y125.565 E1099.95109
G0 F9000 X134.05 Y126.131
G1 F1500 X135.92 Y128 E1100.00385
G0 F9000 X135.92 Y128.566
G1 F1500 X134.05 Y126.697 E1100.05661
G0 F9000 X134.05 Y127.262
G1 F1500 X135.92 Y129.132 E1100.10939
G0 F9000 X135.92 Y129.698
G1 F1500 X134.05 Y127.828 E1100.16216
G0 F9000 X134.05 Y128.394
G1 F1500 X135.92 Y130.263 E1100.21492
G0 F9000 X135.92 Y130.829
G1 F1500 X134.05 Y128.959 E1100.2677
G0 F9000 X134.05 Y129.525
G1 F1500 X135.92 Y131.395 E1100.32047
G0 F9000 X135.92 Y131.96
G1 F1500 X134.05 Y130.091 E1100.37324
G0 F9000 X134.05 Y130.656
G1 F1500 X135.914 Y132.52 E1100.42584
G0 F9000 X135.863 Y133.035
G1 F1500 X134.05 Y131.222 E1100.47701
G0 F9000 X134.05 Y131.788
G1 F1500 X135.762 Y133.5 E1100.52533
G0 F9000 X135.606 Y133.909
G1 F1500 X134.05 Y132.353 E1100.56924
G0 F9000 X134 Y132.869
G1 F1500 X135.41 Y134.278 E1100.60902
G0 F9000 X135.175 Y134.61
G1 F1500 X133.831 Y133.266 E1100.64695
G0 F9000 X133.609 Y133.609
G1 F1500 X134.907 Y134.907 E1100.68358
G0 F9000 X134.61 Y135.175
G1 F1500 X133.268 Y133.833 E1100.72146
G0 F9000 X132.87 Y134.002
G1 F1500 X134.278 Y135.41 E1100.76119
G0 F9000 X133.908 Y135.605
G1 F1500 X132.359 Y134.056 E1100.80491
G0 F9000 X131.793 Y134.056
G1 F1500 X133.498 Y135.761 E1100.85303
G0 F9000 X133.036 Y135.864
G1 F1500 X131.228 Y134.056 E1100.90405
G0 F9000 X130.662 Y134.056
G1 F1500 X132.519 Y135.913 E1100.95646
G0 F9000 X131.96 Y135.92
G1 F1500 X130.096 Y134.056 E1101.00907
G0 F9000 X129.531 Y134.056
G1 F1500 X131.395 Y135.92 E1101.06167
G0 F9000 X130.829 Y135.92
G1 F1500 X128.965 Y134.056 E1101.11428
G0 F9000 X128.399 Y134.056
G1 F1500 X130.263 Y135.92 E1101.16689
G0 F9000 X129.698 Y135.92
G1 F1500 X127.834 Y134.056 E1101.21949
G0 F9000 X127.268 Y134.056
G1 F1500 X129.132 Y135.92 E1101.2721
G0 F9000 X128.566 Y135.92
G1 F1500 X126.702 Y134.056 E1101.3247
G0 F9000 X126.137 Y134.056
G1 F1500 X128 Y135.92 E1101.3773
G0 F9000 X127.435 Y135.92
G1 F1500 X125.571 Y134.056 E1101.4299
G0 F9000 X125.005 Y134.056
G1 F1500 X126.869 Y135.92 E1101.48251
G0 F9000 X126.303 Y135.92
G1 F1500 X124.439 Y134.056 E1101.53511
G0 F9000 X123.874 Y134.056
G1 F1500 X125.738 Y135.92 E1101.58772
G0 F9000 X125.172 Y135.92
G1 F1500 X123.308 Y134.056 E1101.64033
G0 F9000 X122.742 Y134.056
G1 F1500 X124.606 Y135.92 E1101.69293
G0 F9000 X124.041 Y135.92
G1 F1500 X122.177 Y134.056 E1101.74554
G0 F9000 X121.611 Y134.056
G1 F1500 X123.475 Y135.92 E1101.79814
G0 F9000 X122.909 Y135.92
G1 F1500 X121.045 Y134.056 E1101.85075
G0 F9000 X120.48 Y134.056
G1 F1500 X122.344 Y135.92 E1101.90336
G0 F9000 X121.778 Y135.92
G1 F1500 X119.914 Y134.056 E1101.95596
G0 F9000 X119.348 Y134.056
G1 F1500 X121.212 Y135.92 E1102.00857
G0 F9000 X120.647 Y135.92
G1 F1500 X118.783 Y134.056 E1102.06118
G0 F9000 X118.217 Y134.056
G1 F1500 X120.081 Y135.92 E1102.11378
G0 F9000 X119.515 Y135.92
G1 F1500 X117.651 Y134.056 E1102.16639
G0 F9000 X117.086 Y134.056
G1 F1500 X118.95 Y135.92 E1102.21899
G0 F9000 X118.384 Y135.92
G1 F1500 X116.52 Y134.056 E1102.2716
G0 F9000 X115.954 Y134.056
G1 F1500 X117.818 Y135.92 E1102.32421
G0 F9000 X117.252 Y135.92
G1 F1500 X115.389 Y134.056 E1102.3768
G0 F9000 X114.823 Y134.056
G1 F1500 X116.687 Y135.92 E1102.4294
G0 F9000 X116.121 Y135.92
G1 F1500 X114.257 Y134.056 E1102.48201
G0 F9000 X113.691 Y134.056
G1 F1500 X115.555 Y135.92 E1102.53462
G0 F9000 X114.99 Y135.92
G1 F1500 X113.126 Y134.056 E1102.58722
G0 F9000 X112.56 Y134.056
G1 F1500 X114.424 Y135.92 E1102.63983
G0 F9000 X113.858 Y135.92
G1 F1500 X111.994 Y134.056 E1102.69243
G0 F9000 X111.429 Y134.056
G1 F1500 X113.293 Y135.92 E1102.74504
G0 F9000 X112.727 Y135.92
G1 F1500 X110.863 Y134.056 E1102.79765
G0 F9000 X110.297 Y134.056
G1 F1500 X112.161 Y135.92 E1102.85025
G0 F9000 X111.596 Y135.92
G1 F1500 X109.732 Y134.056 E1102.90286
G0 F9000 X109.166 Y134.056
G1 F1500 X111.03 Y135.92 E1102.95547
G0 F9000 X110.464 Y135.92
G1 F1500 X108.6 Y134.056 E1103.00807
G0 F9000 X108.035 Y134.056
G1 F1500 X109.899 Y135.92 E1103.06068
G0 F9000 X109.333 Y135.92
G1 F1500 X107.469 Y134.056 E1103.11328
G0 F9000 X106.903 Y134.056
G1 F1500 X108.767 Y135.92 E1103.16589
G0 F9000 X108.201 Y135.92
G1 F1500 X106.338 Y134.056 E1103.21848
G0 F9000 X105.772 Y134.056
G1 F1500 X107.636 Y135.92 E1103.27109
G0 F9000 X107.07 Y135.92
G1 F1500 X105.206 Y134.056 E1103.32369
G0 F9000 X104.64 Y134.056
G1 F1500 X106.504 Y135.92 E1103.3763
G0 F9000 X105.939 Y135.92
G1 F1500 X104.075 Y134.056 E1103.42891
G0 F9000 X103.509 Y134.056
G1 F1500 X105.373 Y135.92 E1103.48151
G0 F9000 X104.807 Y135.92
G1 F1500 X102.943 Y134.056 E1103.53412
G0 F9000 X102.369 Y134.047
G1 F1500 X104.242 Y135.92 E1103.58698
G1 F2700 E1098.58698
;MESH:NONMESH
G0 F300 X104.242 Y135.92 Z4.8
G0 F9000 X104.242 Y136.38
G0 X117.5 Y136.28
G0 X117.5 Y133.679
G0 X117.5 Y133.499
;TIME_ELAPSED:2735.100155
;LAYER:39
;TYPE:WALL-INNER
;MESH:robotface-cover.stl
G1 F2700 E1103.58698
G1 F1500 X102.447 Y133.499 E1103.88738
G1 X102.14 Y133.434 E1103.89364
G1 X101.913 Y133.311 E1103.89879
G1 X101.661 Y133.045 E1103.9061
G1 X101.564 Y132.854 E1103.91038
G1 X101.501 Y132.555 E1103.91648
G1 X101.505 Y102.392 E1104.51841
G1 X101.565 Y102.143 E1104.52352
G1 X101.719 Y101.874 E1104.52971
G1 X101.872 Y101.721 E1104.53403
G1 X102.092 Y101.586 E1104.53918
G1 X102.457 Y101.5 E1104.54666
G1 X132.553 Y101.501 E1105.14726
G1 X132.76 Y101.533 E1105.15144
G1 X133.134 Y101.725 E1105.15983
G1 X133.31 Y101.912 E1105.16495
G1 X133.434 Y102.14 E1105.17013
G1 X133.499 Y102.444 E1105.17634
G1 X133.5 Y132.552 E1105.77717
G1 X133.393 Y132.954 E1105.78548
G1 X133.248 Y133.165 E1105.79059
G1 X133.003 Y133.366 E1105.79691
G1 X132.807 Y133.453 E1105.80119
G1 X132.553 Y133.499 E1105.80634
G1 X117.5 Y133.499 E1106.10674
G0 F9000 X117.5 Y133.097
G1 F1500 X102.408 Y133.094 E1106.40792
G1 X102.256 Y133.049 E1106.41108
G1 X102.073 Y132.923 E1106.41551
G1 X101.979 Y132.8 E1106.4186
G1 X101.9 Y132.533 E1106.42416
G1 X101.9 Y102.389 E1107.02572
G1 X101.997 Y102.171 E1107.03048
G1 X102.146 Y102.014 E1107.0348
G1 X102.444 Y101.902 E1107.04115
G1 X132.57 Y101.9 E1107.64235
G1 X132.776 Y101.966 E1107.64666
G1 X132.968 Y102.123 E1107.65161
G1 X133.049 Y102.256 E1107.65472
G1 X133.1 Y102.466 E1107.65903
G1 X133.101 Y132.566 E1108.25971
G1 X133.036 Y132.773 E1108.26404
G1 X132.802 Y133.02 E1108.27083
G1 X132.532 Y133.1 E1108.27645
G1 X117.5 Y133.097 E1108.57643
G1 F2700 E1103.57643
G0 F9000 X117.5 Y133.41
G0 X117.5 Y133.679
G0 X117.5 Y136.284
G0 X117.5 Y136.484
G1 F2700 E1108.57643
G1 F1500 X132.461 Y136.484 E1108.87499
G1 X132.917 Y136.46 E1108.88411
G1 X133.338 Y136.396 E1108.8926
G1 X133.725 Y136.291 E1108.90061
G1 X134.116 Y136.141 E1108.90896
G1 X134.496 Y135.948 E1108.91747
G1 X134.837 Y135.727 E1108.92558
G1 X135.152 Y135.469 E1108.9337
G1 X135.471 Y135.15 E1108.94271
G1 X135.723 Y134.838 E1108.95071
G1 X135.949 Y134.492 E1108.95896
G1 X136.141 Y134.116 E1108.96738
G1 X136.291 Y133.725 E1108.97574
G1 X136.395 Y133.337 E1108.98376
G1 X136.459 Y132.921 E1108.99216
G1 X136.484 Y132.461 E1109.00135
G1 X136.484 Y102.516 E1109.59893
G1 X136.46 Y102.08 E1109.60765
G1 X136.396 Y101.662 E1109.61609
G1 X136.291 Y101.27 E1109.62419
G1 X136.141 Y100.88 E1109.63252
G1 X135.95 Y100.503 E1109.64096
G1 X135.723 Y100.158 E1109.6492
G1 X135.472 Y99.848 E1109.65716
G1 X135.154 Y99.533 E1109.66609
G1 X134.837 Y99.273 E1109.67427
G1 X134.493 Y99.05 E1109.68245
G1 X134.116 Y98.856 E1109.69092
G1 X133.729 Y98.71 E1109.69917
G1 X133.334 Y98.604 E1109.70733
G1 X132.918 Y98.536 E1109.71574
G1 X132.461 Y98.513 E1109.72488
G1 X102.441 Y98.512 E1110.32396
G1 X102.132 Y98.526 E1110.33013
G1 X101.704 Y98.586 E1110.33875
G1 X101.272 Y98.702 E1110.34768
G1 X100.883 Y98.849 E1110.35598
G1 X100.53 Y99.026 E1110.36386
G1 X100.152 Y99.271 E1110.37285
G1 X99.842 Y99.522 E1110.38081
G1 X99.534 Y99.829 E1110.38949
G1 X99.275 Y100.152 E1110.39775
G1 X99.052 Y100.495 E1110.40591
G1 X98.859 Y100.871 E1110.41435
G1 X98.709 Y101.265 E1110.42276
G1 X98.603 Y101.658 E1110.43088
G1 X98.536 Y102.074 E1110.43929
G1 X98.512 Y102.535 E1110.44851
G1 X98.512 Y132.48 E1111.04609
G1 X98.536 Y132.916 E1111.0548
G1 X98.603 Y133.334 E1111.06325
G1 X98.71 Y133.729 E1111.07142
G1 X98.856 Y134.116 E1111.07967
G1 X99.05 Y134.492 E1111.08812
G1 X99.274 Y134.837 E1111.09633
G1 X99.529 Y135.15 E1111.10438
G1 X99.847 Y135.471 E1111.1134
G1 X100.159 Y135.727 E1111.12145
G1 X100.5 Y135.948 E1111.12956
G1 X100.88 Y136.141 E1111.13807
G1 X101.27 Y136.291 E1111.14641
G1 X101.662 Y136.396 E1111.1545
G1 X102.079 Y136.46 E1111.16292
G1 X102.535 Y136.484 E1111.17204
G1 X117.5 Y136.484 E1111.47068
G0 F9000 X117.5 Y136.884
G1 F1500 X132.472 Y136.884 E1111.76946
G1 X132.958 Y136.858 E1111.77917
G1 X133.42 Y136.788 E1111.7885
G1 X133.849 Y136.672 E1111.79737
G1 X134.279 Y136.507 E1111.80656
G1 X134.696 Y136.295 E1111.81589
G1 X135.073 Y136.05 E1111.82487
G1 X135.42 Y135.766 E1111.83382
G1 X135.769 Y135.418 E1111.84365
G1 X136.046 Y135.074 E1111.85246
G1 X136.296 Y134.694 E1111.86154
G1 X136.507 Y134.279 E1111.87083
G1 X136.672 Y133.849 E1111.88002
G1 X136.787 Y133.42 E1111.88889
G1 X136.858 Y132.962 E1111.89814
G1 X136.884 Y132.472 E1111.90793
G1 X136.884 Y102.505 E1112.50595
G1 X136.858 Y102.039 E1112.51527
G1 X136.788 Y101.58 E1112.52453
G1 X136.672 Y101.146 E1112.5335
G1 X136.507 Y100.717 E1112.54267
G1 X136.296 Y100.302 E1112.55196
G1 X136.046 Y99.922 E1112.56104
G1 X135.769 Y99.579 E1112.56984
G1 X135.422 Y99.235 E1112.57959
G1 X135.073 Y98.95 E1112.58858
G1 X134.694 Y98.704 E1112.5976
G1 X134.279 Y98.49 E1112.60691
G1 X133.852 Y98.328 E1112.61603
G1 X133.418 Y98.212 E1112.62499
G1 X132.96 Y98.138 E1112.63425
G1 X132.472 Y98.113 E1112.644
G1 X102.433 Y98.112 E1113.24346
G1 X102.095 Y98.127 E1113.25021
G1 X101.624 Y98.193 E1113.25971
G1 X101.149 Y98.32 E1113.26952
G1 X100.722 Y98.482 E1113.27863
G1 X100.331 Y98.678 E1113.28736
G1 X99.917 Y98.947 E1113.29721
G1 X99.574 Y99.224 E1113.30601
G1 X99.236 Y99.561 E1113.31554
G1 X98.951 Y99.917 E1113.32464
G1 X98.705 Y100.294 E1113.33362
G1 X98.493 Y100.708 E1113.3429
G1 X98.328 Y101.142 E1113.35217
G1 X98.212 Y101.574 E1113.36109
G1 X98.138 Y102.032 E1113.37035
G1 X98.112 Y102.524 E1113.38018
G1 X98.112 Y132.491 E1113.97821
G1 X98.138 Y132.959 E1113.98756
G1 X98.212 Y133.418 E1113.99684
G1 X98.328 Y133.852 E1114.00581
G1 X98.49 Y134.279 E1114.01492
G1 X98.704 Y134.694 E1114.02424
G1 X98.95 Y135.073 E1114.03325
G1 X99.231 Y135.418 E1114.04213
G1 X99.577 Y135.767 E1114.05194
G1 X99.923 Y136.05 E1114.06086
G1 X100.3 Y136.295 E1114.06983
G1 X100.717 Y136.507 E1114.07917
G1 X101.146 Y136.672 E1114.08834
G1 X101.58 Y136.788 E1114.09731
G1 X102.038 Y136.858 E1114.10655
G1 X102.524 Y136.884 E1114.11627
G1 X117.5 Y136.884 E1114.41513
G0 F9000 X117.5 Y137.284
;TYPE:WALL-OUTER
G1 F1500 X132.482 Y137.284 E1114.71411
G1 X132.999 Y137.256 E1114.72444
G1 X133.502 Y137.18 E1114.73459
G1 X133.973 Y137.053 E1114.74433
G1 X134.442 Y136.873 E1114.75435
G1 X134.896 Y136.642 E1114.76452
G1 X135.309 Y136.374 E1114.77434
G1 X135.689 Y136.063 E1114.78414
G1 X136.067 Y135.686 E1114.7948
G1 X136.37 Y135.31 E1114.80443
G1 X136.642 Y134.895 E1114.81434
G1 X136.873 Y134.442 E1114.82448
G1 X137.053 Y133.973 E1114.83451
G1 X137.179 Y133.502 E1114.84424
G1 X137.256 Y133.003 E1114.85432
G1 X137.284 Y132.482 E1114.86473
G1 X137.284 Y102.494 E1115.46317
G1 X137.256 Y101.997 E1115.4731
G1 X137.18 Y101.498 E1115.48318
G1 X137.053 Y101.022 E1115.49301
G1 X136.873 Y100.554 E1115.50301
G1 X136.642 Y100.101 E1115.51316
G1 X136.37 Y99.686 E1115.52306
G1 X136.067 Y99.311 E1115.53269
G1 X135.69 Y98.937 E1115.54328
G1 X135.309 Y98.626 E1115.5531
G1 X134.895 Y98.358 E1115.56294
G1 X134.442 Y98.124 E1115.57311
G1 X133.974 Y97.947 E1115.5831
G1 X133.502 Y97.82 E1115.59285
G1 X133.002 Y97.74 E1115.60296
G1 X132.482 Y97.713 E1115.61335
G1 X102.425 Y97.712 E1116.21317
G1 X102.059 Y97.728 E1116.22048
G1 X101.544 Y97.801 E1116.23086
G1 X101.026 Y97.939 E1116.24156
G1 X100.561 Y98.116 E1116.25149
G1 X100.132 Y98.33 E1116.26106
G1 X99.682 Y98.623 E1116.27177
G1 X99.306 Y98.926 E1116.28141
G1 X98.938 Y99.294 E1116.29179
G1 X98.627 Y99.682 E1116.30172
G1 X98.358 Y100.093 E1116.31152
G1 X98.127 Y100.546 E1116.32167
G1 X97.947 Y101.018 E1116.33175
G1 X97.82 Y101.49 E1116.3415
G1 X97.74 Y101.99 E1116.35161
G1 X97.712 Y102.514 E1116.36208
G1 X97.712 Y132.502 E1116.96052
G1 X97.74 Y133.002 E1116.97052
G1 X97.82 Y133.502 E1116.98062
G1 X97.947 Y133.974 E1116.99038
G1 X98.124 Y134.442 E1117.00036
G1 X98.358 Y134.895 E1117.01054
G1 X98.626 Y135.309 E1117.02038
G1 X98.933 Y135.686 E1117.03008
G1 X99.307 Y136.063 E1117.04068
G1 X99.687 Y136.374 E1117.05048
G1 X100.1 Y136.642 E1117.0603
G1 X100.554 Y136.873 E1117.07047
G1 X101.022 Y137.053 E1117.08047
G1 X101.498 Y137.18 E1117.0903
G1 X101.997 Y137.256 E1117.10038
G1 X102.514 Y137.284 E1117.11071
G1 X117.5 Y137.284 E1117.40977
G1 F2700 E1112.40977
G0 F9000 X117.5 Y136.576
G0 X117.5 Y136.284
G0 X117.5 Y133.679
G0 X117.5 Y132.699
G1 F2700 E1117.40977
G1 F1500 X102.469 Y132.698 E1117.70973
G1 X102.337 Y132.618 E1117.71281
G1 X102.302 Y132.532 E1117.71466
G1 X102.306 Y102.448 E1118.31502
G1 X102.42 Y102.3 E1118.31875
G1 X132.532 Y102.302 E1118.91967
G1 X132.634 Y102.35 E1118.92192
G1 X132.7 Y102.452 E1118.92434
G1 X132.701 Y132.569 E1119.52536
G1 X132.57 Y132.7 E1119.52906
G1 X117.5 Y132.699 E1119.8298
G1 F2700 E1114.8298
G0 F9000 X117.5 Y133.41
G0 X117.5 Y133.679
G0 X117.5 Y136.284
G0 X117.5 Y136.124
;TYPE:SKIN
G1 F2700 E1119.8298
G1 F1500 X102.554 Y136.124 E1120.12806
G1 X102.11 Y136.1 E1120.13693
G1 X101.73 Y136.04 E1120.14461
G1 X101.387 Y135.949 E1120.15169
G1 X101.026 Y135.808 E1120.15943
G1 X100.68 Y135.634 E1120.16715
G1 X100.371 Y135.434 E1120.1745
G1 X100.088 Y135.2 E1120.18183
G1 X99.794 Y134.902 E1120.19018
G1 X99.562 Y134.618 E1120.1975
G1 X99.366 Y134.315 E1120.2047
G1 X99.179 Y133.958 E1120.21274
G1 X99.051 Y133.618 E1120.21999
G1 X98.956 Y133.265 E1120.22729
G1 X98.892 Y132.874 E1120.2352
G1 X98.872 Y132.479 E1120.24309
G1 X98.873 Y102.554 E1120.84027
G1 X98.896 Y102.105 E1120.84925
G1 X98.956 Y101.723 E1120.85696
G1 X99.051 Y101.375 E1120.86416
G1 X99.188 Y101.018 E1120.87179
G1 X99.366 Y100.668 E1120.87963
G1 X99.559 Y100.37 E1120.88671
G1 X99.806 Y100.062 E1120.89459
G1 X100.078 Y99.79 E1120.90227
G1 X100.362 Y99.563 E1120.90952
G1 X100.72 Y99.33 E1120.91805
G1 X101.021 Y99.18 E1120.92476
G1 X101.382 Y99.043 E1120.93247
G1 X101.777 Y98.937 E1120.94063
G1 X102.151 Y98.884 E1120.94817
G1 X102.41 Y98.873 E1120.95334
G1 X132.442 Y98.872 E1121.55266
G1 X132.879 Y98.896 E1121.56139
G1 X133.262 Y98.956 E1121.56913
G1 X133.618 Y99.051 E1121.57648
G1 X133.958 Y99.18 E1121.58374
G1 X134.319 Y99.366 E1121.59184
G1 X134.609 Y99.554 E1121.59874
G1 X134.922 Y99.81 E1121.60681
G1 X135.203 Y100.087 E1121.61468
G1 X135.426 Y100.362 E1121.62175
G1 X135.639 Y100.689 E1121.62954
G1 X135.813 Y101.026 E1121.63711
G1 X135.949 Y101.39 E1121.64486
G1 X136.04 Y101.726 E1121.65181
G1 X136.1 Y102.106 E1121.65949
G1 X136.124 Y102.522 E1121.6678
G1 X136.124 Y132.441 E1122.26487
G1 X136.096 Y132.887 E1122.27378
G1 X136.039 Y133.266 E1122.28143
G1 X135.949 Y133.601 E1122.28836
G1 X135.808 Y133.967 E1122.29618
G1 X135.642 Y134.3 E1122.30361
G1 X135.429 Y134.626 E1122.31138
G1 X135.199 Y134.913 E1122.31872
G1 X134.914 Y135.195 E1122.32672
G1 X134.617 Y135.438 E1122.33438
G1 X134.32 Y135.63 E1122.34144
G1 X133.966 Y135.809 E1122.34935
G1 X133.605 Y135.949 E1122.35708
G1 X133.267 Y136.039 E1122.36406
G1 X132.887 Y136.097 E1122.37173
G1 X132.441 Y136.124 E1122.38065
G1 X117.5 Y136.124 E1122.67881
G1 F2700 E1117.67881
G0 F9000 X117.5 Y136.384
G0 X117.5 Y133.679
G0 X117.5 Y133.855
G1 F2700 E1122.67881
G1 F1500 X132.588 Y133.854 E1122.97991
G1 X133.041 Y133.747 E1122.9892
G1 X133.392 Y133.523 E1122.99751
G1 X133.716 Y133.11 E1123.00798
G1 X133.86 Y132.573 E1123.01908
G1 X133.854 Y102.284 E1123.62353
G1 X133.672 Y101.806 E1123.63373
G1 X133.441 Y101.518 E1123.6411
G1 X133.004 Y101.233 E1123.65151
G1 X132.655 Y101.14 E1123.65872
G1 X102.422 Y101.142 E1124.26205
G1 X102.032 Y101.204 E1124.26993
G1 X101.652 Y101.421 E1124.27867
G1 X101.359 Y101.755 E1124.28753
G1 X101.219 Y102.03 E1124.29369
G1 X101.146 Y102.34 E1124.30005
G1 X101.142 Y132.589 E1124.9037
G1 X101.192 Y132.871 E1124.90941
G1 X101.431 Y133.378 E1124.9206
G1 X101.825 Y133.683 E1124.93054
G1 X102.086 Y133.795 E1124.93621
G1 X102.425 Y133.856 E1124.94308
G1 X117.5 Y133.855 E1125.24392
G1 F2700 E1120.24392
G0 F9000 X117.5 Y133.599
G0 X133.338 Y133.338
G0 X133.554 Y133.036
G0 X135.983 Y133.97
G0 X136.216 Y133.614
G0 X135.771 Y133.495
G1 F2700 E1125.24392
G1 F1500 X133.494 Y135.772 E1125.30818
G0 F9000 X132.798 Y135.902
G1 F1500 X135.9 Y132.8 E1125.39573
G0 F9000 X135.924 Y132.211
G1 F1500 X132.211 Y135.924 E1125.50052
G0 F9000 X131.645 Y135.924
G1 F1500 X135.924 Y131.646 E1125.62127
G0 F9000 X135.924 Y131.08
G1 F1500 X133.931 Y133.073 E1125.67751
G0 F9000 X134.056 Y132.382
G1 F1500 X135.924 Y130.514 E1125.73023
G0 F9000 X135.924 Y129.949
G1 F1500 X134.056 Y131.816 E1125.78294
G0 F9000 X134.056 Y131.25
G1 F1500 X135.924 Y129.383 E1125.83564
G0 F9000 X135.924 Y128.817
G1 F1500 X134.056 Y130.685 E1125.88836
G0 F9000 X134.056 Y130.119
G1 F1500 X135.924 Y128.251 E1125.94108
G0 F9000 X135.924 Y127.686
G1 F1500 X134.056 Y129.553 E1125.99378
G0 F9000 X134.056 Y128.988
G1 F1500 X135.924 Y127.12 E1126.0465
G0 F9000 X135.924 Y126.554
G1 F1500 X134.056 Y128.422 E1126.09922
G0 F9000 X134.056 Y127.856
G1 F1500 X135.924 Y125.989 E1126.15193
G0 F9000 X135.924 Y125.423
G1 F1500 X134.056 Y127.291 E1126.20465
G0 F9000 X134.056 Y126.725
G1 F1500 X135.924 Y124.857 E1126.25737
G0 F9000 X135.924 Y124.292
G1 F1500 X134.056 Y126.159 E1126.31007
G0 F9000 X134.056 Y125.593
G1 F1500 X135.924 Y123.726 E1126.36277
G0 F9000 X135.924 Y123.16
G1 F1500 X134.056 Y125.028 E1126.41549
G0 F9000 X134.056 Y124.462
G1 F1500 X135.924 Y122.595 E1126.4682
G0 F9000 X135.924 Y122.029
G1 F1500 X134.056 Y123.896 E1126.5209
G0 F9000 X134.056 Y123.331
G1 F1500 X135.924 Y121.463 E1126.57362
G0 F9000 X135.924 Y120.898
G1 F1500 X134.056 Y122.765 E1126.62633
G0 F9000 X134.056 Y122.199
G1 F1500 X135.924 Y120.332 E1126.67903
G0 F9000 X135.924 Y119.766
G1 F1500 X134.056 Y121.634 E1126.73175
G0 F9000 X134.056 Y121.068
G1 F1500 X135.924 Y119.201 E1126.78446
G0 F9000 X135.924 Y118.635
G1 F1500 X134.056 Y120.502 E1126.83716
G0 F9000 X134.056 Y119.937
G1 F1500 X135.924 Y118.069 E1126.88988
G0 F9000 X135.924 Y117.503
G1 F1500 X134.056 Y119.371 E1126.9426
G0 F9000 X134.056 Y118.805
G1 F1500 X135.924 Y116.938 E1126.9953
G0 F9000 X135.924 Y116.372
G1 F1500 X134.056 Y118.24 E1127.04802
G0 F9000 X134.056 Y117.674
G1 F1500 X135.924 Y115.806 E1127.10074
G0 F9000 X135.924 Y115.241
G1 F1500 X134.056 Y117.108 E1127.15345
G0 F9000 X134.056 Y116.543
G1 F1500 X135.924 Y114.675 E1127.20617
G0 F9000 X135.924 Y114.109
G1 F1500 X134.056 Y115.977 E1127.25888
G0 F9000 X134.056 Y115.411
G1 F1500 X135.924 Y113.544 E1127.31159
G0 F9000 X135.924 Y112.978
G1 F1500 X134.056 Y114.845 E1127.36429
G0 F9000 X134.056 Y114.28
G1 F1500 X135.924 Y112.412 E1127.41701
G0 F9000 X135.924 Y111.847
G1 F1500 X134.056 Y113.714 E1127.46972
G0 F9000 X134.056 Y113.148
G1 F1500 X135.924 Y111.281 E1127.52242
G0 F9000 X135.924 Y110.715
G1 F1500 X134.056 Y112.583 E1127.57514
G0 F9000 X134.056 Y112.017
G1 F1500 X135.924 Y110.15 E1127.62785
G0 F9000 X135.924 Y109.584
G1 F1500 X134.056 Y111.451 E1127.68055
G0 F9000 X134.056 Y110.886
G1 F1500 X135.924 Y109.018 E1127.73327
G0 F9000 X135.924 Y108.453
G1 F1500 X134.056 Y110.32 E1127.78598
G0 F9000 X134.056 Y109.754
G1 F1500 X135.924 Y107.887 E1127.83868
G0 F9000 X135.924 Y107.321
G1 F1500 X134.056 Y109.189 E1127.8914
G0 F9000 X134.056 Y108.623
G1 F1500 X135.924 Y106.755 E1127.94412
G0 F9000 X135.924 Y106.19
G1 F1500 X134.056 Y108.057 E1127.99682
G0 F9000 X134.056 Y107.492
G1 F1500 X135.924 Y105.624 E1128.04954
G0 F9000 X135.924 Y105.058
G1 F1500 X134.056 Y106.926 E1128.10226
G0 F9000 X134.056 Y106.36
G1 F1500 X135.924 Y104.493 E1128.15497
G0 F9000 X135.924 Y103.927
G1 F1500 X134.056 Y105.794 E1128.20767
G0 F9000 X134.056 Y105.229
G1 F1500 X135.924 Y103.361 E1128.26039
G0 F9000 X135.924 Y102.796
G1 F1500 X134.056 Y104.663 E1128.3131
G0 F9000 X134.056 Y104.097
G1 F1500 X135.907 Y102.246 E1128.36533
G0 F9000 X135.838 Y101.75
G1 F1500 X134.056 Y103.532 E1128.41563
G0 F9000 X134.056 Y102.966
G1 F1500 X135.707 Y101.315 E1128.46222
G0 F9000 X135.534 Y100.923
G1 F1500 X134.056 Y102.4 E1128.50392
G0 F9000 X133.944 Y101.946
G1 F1500 X135.322 Y100.569 E1128.5428
G0 F9000 X135.076 Y100.249
G1 F1500 X133.748 Y101.577 E1128.58027
G0 F9000 X133.464 Y101.296
G1 F1500 X134.794 Y99.965 E1128.61782
G0 F9000 X134.484 Y99.71
G1 F1500 X133.121 Y101.072 E1128.65628
G0 F9000 X132.684 Y100.944
G1 F1500 X134.133 Y99.495 E1128.69717
G0 F9000 X133.748 Y99.315
G1 F1500 X132.121 Y100.941 E1128.74307
G0 F9000 X131.556 Y100.941
G1 F1500 X133.319 Y99.178 E1128.79283
G0 F9000 X132.837 Y99.094
G1 F1500 X130.99 Y100.941 E1128.84496
G0 F9000 X130.424 Y100.941
G1 F1500 X132.293 Y99.072 E1128.8977
G0 F9000 X131.728 Y99.072
G1 F1500 X129.859 Y100.941 E1128.95045
G0 F9000 X129.293 Y100.941
G1 F1500 X131.162 Y99.072 E1129.0032
G0 F9000 X130.596 Y99.072
G1 F1500 X128.727 Y100.941 E1129.05595
G0 F9000 X128.162 Y100.941
G1 F1500 X130.031 Y99.072 E1129.10869
G0 F9000 X129.465 Y99.072
G1 F1500 X127.596 Y100.941 E1129.16144
G0 F9000 X127.03 Y100.941
G1 F1500 X128.899 Y99.072 E1129.21419
G0 F9000 X128.334 Y99.072
G1 F1500 X126.465 Y100.941 E1129.26693
G0 F9000 X125.899 Y100.941
G1 F1500 X127.768 Y99.072 E1129.31968
G0 F9000 X127.202 Y99.072
G1 F1500 X125.333 Y100.941 E1129.37243
G0 F9000 X124.768 Y100.941
G1 F1500 X126.636 Y99.072 E1129.42516
G0 F9000 X126.071 Y99.072
G1 F1500 X124.202 Y100.941 E1129.47791
G0 F9000 X123.636 Y100.941
G1 F1500 X125.505 Y99.072 E1129.53066
G0 F9000 X124.939 Y99.072
G1 F1500 X123.071 Y100.941 E1129.58339
G0 F9000 X122.505 Y100.941
G1 F1500 X124.374 Y99.072 E1129.63614
G0 F9000 X123.808 Y99.072
G1 F1500 X121.939 Y100.941 E1129.68888
G0 F9000 X121.373 Y100.941
G1 F1500 X123.242 Y99.072 E1129.74163
G0 F9000 X122.677 Y99.072
G1 F1500 X120.808 Y100.941 E1129.79438
G0 F9000 X120.242 Y100.941
G1 F1500 X122.111 Y99.072 E1129.84713
G0 F9000 X121.545 Y99.072
G1 F1500 X119.676 Y100.941 E1129.89987
G0 F9000 X119.111 Y100.941
G1 F1500 X120.98 Y99.072 E1129.95262
G0 F9000 X120.414 Y99.072
G1 F1500 X118.545 Y100.941 E1130.00537
G0 F9000 X117.979 Y100.941
G1 F1500 X119.848 Y99.072 E1130.05811
G0 F9000 X119.283 Y99.072
G1 F1500 X117.414 Y100.941 E1130.11086
G0 F9000 X116.848 Y100.941
G1 F1500 X118.717 Y99.072 E1130.16361
G0 F9000 X118.151 Y99.072
G1 F1500 X116.282 Y100.941 E1130.21636
G0 F9000 X115.717 Y100.941
G1 F1500 X117.585 Y99.072 E1130.26909
G0 F9000 X117.02 Y99.072
G1 F1500 X115.151 Y100.941 E1130.32184
G0 F9000 X114.585 Y100.941
G1 F1500 X116.454 Y99.072 E1130.37458
G0 F9000 X115.888 Y99.072
G1 F1500 X114.02 Y100.941 E1130.42732
G0 F9000 X113.454 Y100.941
G1 F1500 X115.323 Y99.072 E1130.48006
G0 F9000 X114.757 Y99.072
G1 F1500 X112.888 Y100.941 E1130.53281
G0 F9000 X112.322 Y100.941
G1 F1500 X114.191 Y99.072 E1130.58556
G0 F9000 X113.626 Y99.072
G1 F1500 X111.757 Y100.941 E1130.63831
G0 F9000 X111.191 Y100.941
G1 F1500 X113.06 Y99.072 E1130.69105
G0 F9000 X112.494 Y99.072
G1 F1500 X110.625 Y100.941 E1130.7438
G0 F9000 X110.06 Y100.941
G1 F1500 X111.929 Y99.072 E1130.79655
G0 F9000 X111.363 Y99.072
G1 F1500 X109.494 Y100.941 E1130.84929
G0 F9000 X108.928 Y100.941
G1 F1500 X110.797 Y99.072 E1130.90204
G0 F9000 X110.232 Y99.072
G1 F1500 X108.363 Y100.941 E1130.95479
G0 F9000 X107.797 Y100.941
G1 F1500 X109.666 Y99.072 E1131.00754
G0 F9000 X109.1 Y99.072
G1 F1500 X107.231 Y100.941 E1131.06028
G0 F9000 X106.666 Y100.941
G1 F1500 X108.535 Y99.072 E1131.11303
G0 F9000 X107.969 Y99.072
G1 F1500 X106.1 Y100.941 E1131.16578
G0 F9000 X105.534 Y100.941
G1 F1500 X107.403 Y99.072 E1131.21852
G0 F9000 X106.837 Y99.072
G1 F1500 X104.969 Y100.941 E1131.27126
G0 F9000 X104.403 Y100.941
G1 F1500 X106.272 Y99.072 E1131.324
G0 F9000 X105.706 Y99.072
G1 F1500 X103.837 Y100.941 E1131.37675
G0 F9000 X103.272 Y100.941
G1 F1500 X105.14 Y99.072 E1131.42949
G0 F9000 X104.575 Y99.072
G1 F1500 X102.706 Y100.941 E1131.48223
G0 F9000 X102.084 Y100.997
G1 F1500 X104.009 Y99.072 E1131.53656
G0 F9000 X103.443 Y99.072
G1 F1500 X99.073 Y103.443 E1131.65991
G0 F9000 X99.073 Y104.008
G1 F1500 X101.002 Y102.079 E1131.71435
G0 F9000 X100.947 Y102.699
G1 F1500 X99.073 Y104.574 E1131.76725
G0 F9000 X99.073 Y105.14
G1 F1500 X100.947 Y103.265 E1131.82015
G0 F9000 X100.947 Y103.831
G1 F1500 X99.073 Y105.705 E1131.87304
G0 F9000 X99.073 Y106.271
G1 F1500 X100.947 Y104.397 E1131.92593
G0 F9000 X100.947 Y104.962
G1 F1500 X99.073 Y106.837 E1131.97883
G0 F9000 X99.073 Y107.402
G1 F1500 X100.947 Y105.529 E1132.0317
G0 F9000 X100.947 Y106.094
G1 F1500 X99.073 Y107.968 E1132.08459
G0 F9000 X99.073 Y108.534
G1 F1500 X100.947 Y106.66 E1132.13748
G0 F9000 X100.947 Y107.226
G1 F1500 X99.073 Y109.1 E1132.19037
G0 F9000 X99.073 Y109.665
G1 F1500 X100.947 Y107.791 E1132.24326
G0 F9000 X100.946 Y108.358
G1 F1500 X99.073 Y110.231 E1132.29612
G0 F9000 X99.073 Y110.797
G1 F1500 X100.946 Y108.923 E1132.34899
G0 F9000 X100.946 Y109.489
G1 F1500 X99.073 Y111.362 E1132.40185
G0 F9000 X99.073 Y111.928
G1 F1500 X100.946 Y110.055 E1132.45471
G0 F9000 X100.945 Y110.621
G1 F1500 X99.073 Y112.494 E1132.50756
G0 F9000 X99.073 Y113.059
G1 F1500 X100.945 Y111.187 E1132.56039
G0 F9000 X100.945 Y111.753
G1 F1500 X99.073 Y113.625 E1132.61322
G0 F9000 X99.073 Y114.191
G1 F1500 X100.945 Y112.318 E1132.66607
G0 F9000 X100.945 Y112.884
G1 F1500 X99.073 Y114.756 E1132.7189
G0 F9000 X99.073 Y115.322
G1 F1500 X100.944 Y113.45 E1132.77172
G0 F9000 X100.944 Y114.016
G1 F1500 X99.073 Y115.888 E1132.82453
G0 F9000 X99.073 Y116.453
G1 F1500 X100.944 Y114.582 E1132.87734
G0 F9000 X100.944 Y115.147
G1 F1500 X99.073 Y117.019 E1132.93016
G0 F9000 X99.073 Y117.585
G1 F1500 X100.944 Y115.713 E1132.98297
G0 F9000 X100.944 Y116.279
G1 F1500 X99.073 Y118.15 E1133.03578
G0 F9000 X99.073 Y118.716
G1 F1500 X100.944 Y116.845 E1133.08858
G0 F9000 X100.944 Y117.411
G1 F1500 X99.073 Y119.282 E1133.14139
G0 F9000 X99.073 Y119.848
G1 F1500 X100.944 Y117.977 E1133.19419
G0 F9000 X100.944 Y118.542
G1 F1500 X99.073 Y120.413 E1133.24699
G0 F9000 X99.073 Y120.979
G1 F1500 X100.943 Y119.109 E1133.29977
G0 F9000 X100.943 Y119.674
G1 F1500 X99.073 Y121.545 E1133.35256
G0 F9000 X99.073 Y122.11
G1 F1500 X100.943 Y120.24 E1133.40533
G0 F9000 X100.943 Y120.806
G1 F1500 X99.073 Y122.676 E1133.45811
G0 F9000 X99.073 Y123.242
G1 F1500 X100.943 Y121.371 E1133.5109
G0 F9000 X100.942 Y121.938
G1 F1500 X99.073 Y123.807 E1133.56365
G0 F9000 X99.073 Y124.373
G1 F1500 X100.942 Y122.503 E1133.61641
G0 F9000 X100.942 Y123.069
G1 F1500 X99.073 Y124.939 E1133.66917
G0 F9000 X99.073 Y125.504
G1 F1500 X100.942 Y123.635 E1133.72191
G0 F9000 X100.942 Y124.2
G1 F1500 X99.073 Y126.07 E1133.77468
G0 F9000 X99.073 Y126.636
G1 F1500 X100.942 Y124.767 E1133.82742
G0 F9000 X100.942 Y125.333
G1 F1500 X99.073 Y127.201 E1133.88016
G0 F9000 X99.073 Y127.767
G1 F1500 X100.942 Y125.898 E1133.9329
G0 F9000 X100.942 Y126.464
G1 F1500 X99.073 Y128.333 E1133.98565
G0 F9000 X99.073 Y128.898
G1 F1500 X100.942 Y127.03 E1134.03838
G0 F9000 X100.941 Y127.596
G1 F1500 X99.073 Y129.464 E1134.0911
G0 F9000 X99.073 Y130.03
G1 F1500 X100.941 Y128.162 E1134.14382
G0 F9000 X100.941 Y128.727
G1 F1500 X99.073 Y130.596 E1134.19656
G0 F9000 X99.073 Y131.161
G1 F1500 X100.941 Y129.293 E1134.24927
G0 F9000 X100.94 Y129.859
G1 F1500 X99.073 Y131.727 E1134.30198
G0 F9000 X99.073 Y132.293
G1 F1500 X100.94 Y130.425 E1134.35468
G0 F9000 X100.94 Y130.991
G1 F1500 X99.091 Y132.84 E1134.40687
G0 F9000 X99.178 Y133.319
G1 F1500 X100.94 Y131.557 E1134.45659
G0 F9000 X100.94 Y132.122
G1 F1500 X99.314 Y133.749 E1134.5025
G0 F9000 X99.496 Y134.132
G1 F1500 X100.956 Y132.672 E1134.5437
G0 F9000 X101.087 Y133.106
G1 F1500 X99.713 Y134.481 E1134.58249
G0 F9000 X99.967 Y134.792
G1 F1500 X101.266 Y133.493 E1134.61915
G0 F9000 X101.578 Y133.747
G1 F1500 X100.25 Y135.075 E1134.65663
G0 F9000 X100.568 Y135.323
G1 F1500 X101.941 Y133.949 E1134.6954
G0 F9000 X102.403 Y134.053
G1 F1500 X100.924 Y135.533 E1134.73715
G0 F9000 X101.316 Y135.707
G1 F1500 X102.966 Y134.056 E1134.78373
G0 F9000 X103.532 Y134.056
G1 F1500 X101.749 Y135.839 E1134.83405
G0 F9000 X102.246 Y135.907
G1 F1500 X104.097 Y134.056 E1134.88629
G0 F9000 X104.663 Y134.056
G1 F1500 X102.795 Y135.924 E1134.93901
G0 F9000 X103.361 Y135.924
G1 F1500 X105.229 Y134.056 E1134.99173
G0 F9000 X105.794 Y134.056
G1 F1500 X103.926 Y135.924 E1135.04445
G0 F9000 X104.492 Y135.924
G1 F1500 X106.36 Y134.056 E1135.09717
G0 F9000 X106.926 Y134.056
G1 F1500 X105.058 Y135.924 E1135.14989
G0 F9000 X105.623 Y135.924
G1 F1500 X107.492 Y134.056 E1135.20262
G0 F9000 X108.057 Y134.056
G1 F1500 X106.189 Y135.924 E1135.25534
G0 F9000 X106.755 Y135.924
G1 F1500 X108.623 Y134.056 E1135.30806
G0 F9000 X109.189 Y134.056
G1 F1500 X107.32 Y135.924 E1135.36079
G0 F9000 X107.886 Y135.924
G1 F1500 X109.754 Y134.056 E1135.41351
G0 F9000 X110.32 Y134.056
G1 F1500 X108.452 Y135.924 E1135.46623
G0 F9000 X109.017 Y135.924
G1 F1500 X110.886 Y134.056 E1135.51896
G0 F9000 X111.451 Y134.056
G1 F1500 X109.583 Y135.924 E1135.57168
G0 F9000 X110.149 Y135.924
G1 F1500 X112.017 Y134.056 E1135.6244
G0 F9000 X112.583 Y134.056
G1 F1500 X110.715 Y135.924 E1135.67712
G0 F9000 X111.28 Y135.924
G1 F1500 X113.148 Y134.056 E1135.72984
G0 F9000 X113.714 Y134.056
G1 F1500 X111.846 Y135.924 E1135.78256
G0 F9000 X112.412 Y135.924
G1 F1500 X114.28 Y134.056 E1135.83528
G0 F9000 X114.845 Y134.056
G1 F1500 X112.977 Y135.924 E1135.88799
G0 F9000 X113.543 Y135.924
G1 F1500 X115.411 Y134.056 E1135.94071
G0 F9000 X115.977 Y134.056
G1 F1500 X114.109 Y135.924 E1135.99343
G0 F9000 X114.674 Y135.924
G1 F1500 X116.543 Y134.056 E1136.04617
G0 F9000 X117.108 Y134.056
G1 F1500 X115.24 Y135.924 E1136.09888
G0 F9000 X115.806 Y135.924
G1 F1500 X117.674 Y134.056 E1136.1516
G0 F9000 X118.24 Y134.056
G1 F1500 X116.371 Y135.924 E1136.20434
G0 F9000 X116.937 Y135.924
G1 F1500 X118.805 Y134.056 E1136.25706
G0 F9000 X119.371 Y134.056
G1 F1500 X117.503 Y135.924 E1136.30977
G0 F9000 X118.068 Y135.924
G1 F1500 X119.937 Y134.056 E1136.36251
G0 F9000 X120.502 Y134.056
G1 F1500 X118.634 Y135.924 E1136.41523
G0 F9000 X119.2 Y135.924
G1 F1500 X121.068 Y134.056 E1136.46795
G0 F9000 X121.634 Y134.056
G1 F1500 X119.766 Y135.924 E1136.52066
G0 F9000 X120.331 Y135.924
G1 F1500 X122.199 Y134.056 E1136.57338
G0 F9000 X122.765 Y134.056
G1 F1500 X120.897 Y135.924 E1136.6261
G0 F9000 X121.463 Y135.924
G1 F1500 X123.331 Y134.056 E1136.67882
G0 F9000 X123.896 Y134.056
G1 F1500 X122.028 Y135.924 E1136.73154
G0 F9000 X122.594 Y135.924
G1 F1500 X124.462 Y134.056 E1136.78426
G0 F9000 X125.028 Y134.056
G1 F1500 X123.16 Y135.924 E1136.83698
G0 F9000 X123.725 Y135.924
G1 F1500 X125.593 Y134.056 E1136.8897
G0 F9000 X126.159 Y134.056
G1 F1500 X124.291 Y135.924 E1136.94242
G0 F9000 X124.857 Y135.924
G1 F1500 X126.725 Y134.056 E1136.99514
G0 F9000 X127.291 Y134.056
G1 F1500 X125.422 Y135.924 E1137.04787
G0 F9000 X125.988 Y135.924
G1 F1500 X127.856 Y134.056 E1137.10059
G0 F9000 X128.422 Y134.056
G1 F1500 X126.554 Y135.924 E1137.15331
G0 F9000 X127.119 Y135.924
G1 F1500 X128.988 Y134.056 E1137.20604
G0 F9000 X129.553 Y134.056
G1 F1500 X127.685 Y135.924 E1137.25876
G0 F9000 X128.251 Y135.924
G1 F1500 X130.119 Y134.056 E1137.31148
G0 F9000 X130.685 Y134.056
G1 F1500 X128.816 Y135.924 E1137.36421
G0 F9000 X129.382 Y135.924
G1 F1500 X131.25 Y134.056 E1137.41693
G0 F9000 X131.816 Y134.056
G1 F1500 X129.948 Y135.924 E1137.46965
G0 F9000 X130.514 Y135.924
G1 F1500 X132.382 Y134.056 E1137.52237
G0 F9000 X133.058 Y133.946
G1 F1500 X131.079 Y135.924 E1137.57821
G1 F2700 E1132.57821
G0 F9000 X131.079 Y136.384
G0 X102.095 Y136.3
G0 X101.32 Y136.138
G0 X100.581 Y135.808
G0 X99.955 Y135.352
G0 X99.404 Y134.742
G0 X99.003 Y134.051
G0 X98.76 Y133.3
G0 X98.711 Y132.832
G0 X98.612 Y102.877
G0 X99.073 Y102.877
G1 F2700 E1137.57821
G1 F1500 X102.878 Y99.072 E1137.68559
G0 F9000 X102.312 Y99.072
G1 F1500 X99.086 Y102.298 E1137.77664
G0 F9000 X99.189 Y101.629
G1 F1500 X101.637 Y99.182 E1137.84571
G0 F9000 X101.52 Y98.739
G0 X100.367 Y99.252
G0 X100.616 Y99.637
G1 F1500 X99.638 Y100.615 E1137.87331
G1 F2700 E1132.87331
;MESH:NONMESH
G0 F300 X99.638 Y100.615 Z4.92
G0 F9000 X99.257 Y100.365
G0 X98.899 Y101.327
G0 X101.325 Y102.372
G0 X101.662 Y133.338
G0 X117.5 Y133.499
;TIME_ELAPSED:2829.109907
;LAYER:40
;TYPE:WALL-INNER
;MESH:robotface-cover.stl
G1 F2700 E1137.87331
G1 F1500 X102.448 Y133.499 E1138.17369
G1 X102.242 Y133.467 E1138.17785
G1 X101.874 Y133.281 E1138.18608
G1 X101.633 Y133.001 E1138.19345
G1 X101.505 Y132.669 E1138.20055
G1 X101.501 Y102.448 E1138.80364
G1 X101.585 Y102.094 E1138.8109
G1 X101.792 Y101.792 E1138.81821
G1 X102.097 Y101.584 E1138.82558
G1 X102.453 Y101.501 E1138.83287
G1 X132.56 Y101.501 E1139.43369
G1 X132.907 Y101.586 E1139.44082
G1 X133.168 Y101.755 E1139.44703
G1 X133.392 Y102.046 E1139.45435
G1 X133.499 Y102.348 E1139.46075
G1 X133.5 Y132.553 E1140.06352
G1 X133.467 Y132.76 E1140.0677
G1 X133.367 Y133.002 E1140.07293
G1 X133.245 Y133.168 E1140.07704
G1 X133.045 Y133.34 E1140.08231
G1 X132.808 Y133.452 E1140.08754
G1 X132.553 Y133.499 E1140.09271
G1 X117.5 Y133.499 E1140.39311
G0 F9000 X117.5 Y133.1
G1 F1500 X102.39 Y133.1 E1140.69465
G1 X102.171 Y133.003 E1140.69943
G1 X102.013 Y132.852 E1140.70379
G1 X101.901 Y132.538 E1140.71044
G1 X101.9 Y102.468 E1141.31052
G1 X101.929 Y102.314 E1141.31365
G1 X102.033 Y102.122 E1141.318
G1 X102.258 Y101.95 E1141.32366
G1 X102.471 Y101.9 E1141.32802
G1 X132.536 Y101.9 E1141.928
G1 X132.829 Y101.997 E1141.93416
G1 X132.986 Y102.147 E1141.93849
G1 X133.1 Y102.467 E1141.94527
G1 X133.1 Y132.532 E1142.54525
G1 X133.049 Y132.745 E1142.54962
G1 X132.853 Y132.986 E1142.55582
G1 X132.532 Y133.1 E1142.56262
G1 X117.5 Y133.1 E1142.8626
G1 F2700 E1137.8626
G0 F9000 X117.5 Y133.41
G0 X117.5 Y133.679
G0 X117.5 Y136.292
G0 X117.5 Y136.492
G1 F2700 E1142.8626
G1 F1500 X132.461 Y136.492 E1143.16116
G1 X132.917 Y136.468 E1143.17028
G1 X133.334 Y136.401 E1143.1787
G1 X133.727 Y136.295 E1143.18683
G1 X134.121 Y136.144 E1143.19525
G1 X134.5 Y135.952 E1143.20373
G1 X134.843 Y135.729 E1143.21189
G1 X135.161 Y135.471 E1143.22006
G1 X135.47 Y135.163 E1143.22877
G1 X135.729 Y134.839 E1143.23705
G1 X135.953 Y134.498 E1143.24519
G1 X136.144 Y134.121 E1143.25362
G1 X136.295 Y133.727 E1143.26204
G1 X136.4 Y133.334 E1143.27016
G1 X136.467 Y132.917 E1143.27859
G1 X136.492 Y132.461 E1143.2877
G1 X136.492 Y102.516 E1143.88529
G1 X136.468 Y102.08 E1143.894
G1 X136.401 Y101.662 E1143.90245
G1 X136.295 Y101.269 E1143.91057
G1 X136.144 Y100.875 E1143.91899
G1 X135.953 Y100.498 E1143.92743
G1 X135.729 Y100.156 E1143.93559
G1 X135.472 Y99.835 E1143.94379
G1 X135.163 Y99.53 E1143.95246
G1 X134.837 Y99.265 E1143.96084
G1 X134.498 Y99.043 E1143.96893
G1 X134.121 Y98.852 E1143.97736
G1 X133.726 Y98.701 E1143.9858
G1 X133.337 Y98.597 E1143.99384
G1 X132.917 Y98.532 E1144.00232
G1 X132.457 Y98.504 E1144.01151
G1 X102.528 Y98.504 E1144.60878
G1 X102.091 Y98.524 E1144.61751
G1 X101.667 Y98.589 E1144.62607
G1 X101.271 Y98.694 E1144.63425
G1 X100.882 Y98.842 E1144.64255
G1 X100.503 Y99.038 E1144.65107
G1 X100.157 Y99.263 E1144.6593
G1 X99.839 Y99.521 E1144.66747
G1 X99.525 Y99.834 E1144.67632
G1 X99.271 Y100.149 E1144.6844
G1 X99.047 Y100.494 E1144.69261
G1 X98.851 Y100.878 E1144.70121
G1 X98.7 Y101.266 E1144.70952
G1 X98.595 Y101.658 E1144.71762
G1 X98.528 Y102.078 E1144.7261
G1 X98.504 Y102.535 E1144.73524
G1 X98.504 Y132.477 E1145.33276
G1 X98.532 Y132.916 E1145.34154
G1 X98.597 Y133.337 E1145.35004
G1 X98.701 Y133.726 E1145.35808
G1 X98.852 Y134.121 E1145.36652
G1 X99.043 Y134.498 E1145.37495
G1 X99.267 Y134.84 E1145.38311
G1 X99.526 Y135.163 E1145.39137
G1 X99.833 Y135.47 E1145.40003
G1 X100.156 Y135.729 E1145.4083
G1 X100.498 Y135.953 E1145.41646
G1 X100.875 Y136.144 E1145.42489
G1 X101.268 Y136.295 E1145.43329
G1 X101.666 Y136.401 E1145.44151
G1 X102.079 Y136.468 E1145.44986
G1 X102.535 Y136.492 E1145.45897
G1 X117.5 Y136.492 E1145.75762
G0 F9000 X117.5 Y136.892
G1 F1500 X132.472 Y136.892 E1146.0564
G1 X132.96 Y136.866 E1146.06615
G1 X133.418 Y136.792 E1146.07541
G1 X133.85 Y136.676 E1146.08433
G1 X134.284 Y136.51 E1146.09361
G1 X134.7 Y136.299 E1146.10292
G1 X135.079 Y136.053 E1146.11193
G1 X135.429 Y135.769 E1146.12093
G1 X135.768 Y135.43 E1146.1305
G1 X136.053 Y135.075 E1146.13958
G1 X136.299 Y134.698 E1146.14856
G1 X136.51 Y134.284 E1146.15784
G1 X136.676 Y133.85 E1146.16711
G1 X136.792 Y133.418 E1146.17604
G1 X136.866 Y132.96 E1146.18529
G1 X136.892 Y132.472 E1146.19505
G1 X136.892 Y102.505 E1146.79307
G1 X136.866 Y102.037 E1146.80242
G1 X136.792 Y101.578 E1146.8117
G1 X136.676 Y101.146 E1146.82063
G1 X136.51 Y100.712 E1146.8299
G1 X136.3 Y100.298 E1146.83917
G1 X136.053 Y99.921 E1146.84816
G1 X135.769 Y99.567 E1146.85722
G1 X135.43 Y99.232 E1146.86673
G1 X135.073 Y98.942 E1146.87591
G1 X134.698 Y98.697 E1146.88485
G1 X134.284 Y98.486 E1146.89412
G1 X133.85 Y98.32 E1146.90339
G1 X133.42 Y98.205 E1146.91227
G1 X132.96 Y98.134 E1146.92156
G1 X132.469 Y98.104 E1146.93138
G1 X102.519 Y98.104 E1147.52906
G1 X102.052 Y98.126 E1147.53839
G1 X101.586 Y98.197 E1147.5478
G1 X101.149 Y98.312 E1147.55682
G1 X100.718 Y98.477 E1147.56603
G1 X100.302 Y98.692 E1147.57537
G1 X99.921 Y98.939 E1147.58443
G1 X99.571 Y99.223 E1147.59343
G1 X99.227 Y99.566 E1147.60312
G1 X98.947 Y99.913 E1147.61202
G1 X98.7 Y100.293 E1147.62107
G1 X98.485 Y100.714 E1147.6305
G1 X98.32 Y101.142 E1147.63965
G1 X98.204 Y101.574 E1147.64858
G1 X98.13 Y102.036 E1147.65792
G1 X98.104 Y102.524 E1147.66767
G1 X98.104 Y132.489 E1148.26565
G1 X98.134 Y132.959 E1148.27505
G1 X98.205 Y133.42 E1148.28436
G1 X98.32 Y133.85 E1148.29324
G1 X98.486 Y134.284 E1148.30252
G1 X98.697 Y134.698 E1148.31179
G1 X98.943 Y135.075 E1148.32077
G1 X99.228 Y135.43 E1148.32986
G1 X99.566 Y135.768 E1148.3394
G1 X99.921 Y136.053 E1148.34848
G1 X100.298 Y136.3 E1148.35748
G1 X100.712 Y136.51 E1148.36674
G1 X101.145 Y136.676 E1148.37599
G1 X101.582 Y136.792 E1148.38502
G1 X102.036 Y136.866 E1148.3942
G1 X102.524 Y136.892 E1148.40395
G1 X117.5 Y136.892 E1148.70281
G0 F9000 X117.5 Y137.292
;TYPE:WALL-OUTER
G1 F1500 X132.482 Y137.292 E1149.00179
G1 X133.002 Y137.264 E1149.01219
G1 X133.502 Y137.184 E1149.02229
G1 X133.974 Y137.057 E1149.03204
G1 X134.446 Y136.876 E1149.04213
G1 X134.9 Y136.646 E1149.05229
G1 X135.314 Y136.377 E1149.06214
G1 X135.697 Y136.067 E1149.07197
G1 X136.066 Y135.698 E1149.08239
G1 X136.377 Y135.31 E1149.09231
G1 X136.646 Y134.899 E1149.10211
G1 X136.876 Y134.446 E1149.11225
G1 X137.057 Y133.974 E1149.12234
G1 X137.184 Y133.502 E1149.1321
G1 X137.264 Y133.002 E1149.1422
G1 X137.292 Y132.482 E1149.15259
G1 X137.292 Y102.494 E1149.75104
G1 X137.264 Y101.994 E1149.76103
G1 X137.184 Y101.494 E1149.77113
G1 X137.057 Y101.022 E1149.78089
G1 X136.876 Y100.55 E1149.79098
G1 X136.646 Y100.097 E1149.80112
G1 X136.377 Y99.686 E1149.81092
G1 X136.067 Y99.299 E1149.82081
G1 X135.698 Y98.934 E1149.83117
G1 X135.309 Y98.618 E1149.84117
G1 X134.899 Y98.35 E1149.85095
G1 X134.446 Y98.12 E1149.86109
G1 X133.974 Y97.939 E1149.87117
G1 X133.502 Y97.813 E1149.88092
G1 X133.002 Y97.736 E1149.89102
G1 X132.481 Y97.704 E1149.90144
G1 X102.509 Y97.704 E1150.49956
G1 X102.012 Y97.728 E1150.50949
G1 X101.505 Y97.805 E1150.51972
G1 X101.026 Y97.931 E1150.52961
G1 X100.554 Y98.111 E1150.53969
G1 X100.101 Y98.346 E1150.54987
G1 X99.686 Y98.615 E1150.55974
G1 X99.303 Y98.925 E1150.56957
G1 X98.929 Y99.298 E1150.58011
G1 X98.623 Y99.678 E1150.58985
G1 X98.354 Y100.093 E1150.59972
G1 X98.119 Y100.55 E1150.60998
G1 X97.939 Y101.018 E1150.61998
G1 X97.812 Y101.49 E1150.62974
G1 X97.732 Y101.994 E1150.63992
G1 X97.704 Y102.514 E1150.65031
G1 X97.704 Y132.501 E1151.24874
G1 X97.736 Y133.002 E1151.25875
G1 X97.813 Y133.502 E1151.26885
G1 X97.939 Y133.974 E1151.2786
G1 X98.12 Y134.446 E1151.28869
G1 X98.35 Y134.899 E1151.29883
G1 X98.619 Y135.31 E1151.30863
G1 X98.93 Y135.698 E1151.31855
G1 X99.298 Y136.066 E1151.32894
G1 X99.686 Y136.377 E1151.33886
G1 X100.097 Y136.646 E1151.34866
G1 X100.55 Y136.876 E1151.3588
G1 X101.022 Y137.057 E1151.36889
G1 X101.498 Y137.184 E1151.37872
G1 X101.994 Y137.264 E1151.38875
G1 X102.514 Y137.292 E1151.39914
G1 X117.5 Y137.292 E1151.6982
G1 F2700 E1146.6982
G0 F9000 X117.5 Y136.583
G0 X117.5 Y136.292
G0 X117.5 Y133.679
G0 X117.5 Y132.699
G1 F2700 E1151.6982
G1 F1500 X102.467 Y132.698 E1151.9982
G1 X102.35 Y132.634 E1152.00086
G1 X102.3 Y132.546 E1152.00288
G1 X102.3 Y102.5 E1152.60248
G1 X102.35 Y102.366 E1152.60534
G1 X102.457 Y102.304 E1152.6078
G1 X132.531 Y102.302 E1153.20796
G1 X132.656 Y102.374 E1153.21084
G1 X132.694 Y102.448 E1153.2125
G1 X132.701 Y132.537 E1153.81296
G1 X132.575 Y132.7 E1153.81707
G1 X117.5 Y132.699 E1154.11791
G1 F2700 E1149.11791
G0 F9000 X117.5 Y133.41
G0 X117.5 Y133.679
G0 X117.5 Y136.292
G0 X117.5 Y136.132
;TYPE:SKIN
G1 F2700 E1154.11791
G1 F1500 X102.555 Y136.132 E1154.41615
G1 X102.115 Y136.105 E1154.42495
G1 X101.733 Y136.044 E1154.43267
G1 X101.382 Y135.953 E1154.43991
G1 X101.023 Y135.813 E1154.4476
G1 X100.681 Y135.638 E1154.45526
G1 X100.366 Y135.433 E1154.46276
G1 X100.078 Y135.202 E1154.47013
G1 X99.79 Y134.914 E1154.47826
G1 X99.558 Y134.625 E1154.48565
G1 X99.35 Y134.311 E1154.49317
G1 X99.18 Y133.971 E1154.50076
G1 X99.043 Y133.609 E1154.50848
G1 X98.948 Y133.266 E1154.51558
G1 X98.892 Y132.886 E1154.52325
G1 X98.864 Y132.453 E1154.53191
G1 X98.864 Y102.554 E1155.12857
G1 X98.888 Y102.106 E1155.13753
G1 X98.949 Y101.726 E1155.14521
G1 X99.039 Y101.378 E1155.15238
G1 X99.175 Y101.026 E1155.15991
G1 X99.358 Y100.67 E1155.1679
G1 X99.558 Y100.367 E1155.17515
G1 X99.79 Y100.078 E1155.18254
G1 X100.086 Y99.781 E1155.19091
G1 X100.374 Y99.55 E1155.19828
G1 X100.669 Y99.357 E1155.20531
G1 X101.038 Y99.167 E1155.21359
G1 X101.374 Y99.039 E1155.22077
G1 X101.749 Y98.941 E1155.2285
G1 X102.12 Y98.884 E1155.236
G1 X102.545 Y98.864 E1155.24449
G1 X132.434 Y98.865 E1155.84095
G1 X132.883 Y98.892 E1155.84993
G1 X133.266 Y98.949 E1155.85766
G1 X133.609 Y99.043 E1155.86475
G1 X133.97 Y99.18 E1155.87246
G1 X134.319 Y99.358 E1155.88028
G1 X134.622 Y99.554 E1155.88748
G1 X134.921 Y99.797 E1155.89517
G1 X135.195 Y100.071 E1155.9029
G1 X135.437 Y100.37 E1155.91058
G1 X135.638 Y100.68 E1155.91795
G1 X135.813 Y101.023 E1155.92564
G1 X135.953 Y101.382 E1155.93332
G1 X136.044 Y101.73 E1155.9405
G1 X136.109 Y102.115 E1155.94829
G1 X136.132 Y102.514 E1155.95627
G1 X136.132 Y132.441 E1156.5535
G1 X136.104 Y132.878 E1156.56223
G1 X136.043 Y133.263 E1156.57001
G1 X135.953 Y133.61 E1156.57717
G1 X135.812 Y133.97 E1156.58488
G1 X135.638 Y134.319 E1156.59267
G1 X135.442 Y134.617 E1156.59978
G1 X135.199 Y134.917 E1156.60749
G1 X134.913 Y135.203 E1156.61556
G1 X134.629 Y135.438 E1156.62292
G1 X134.32 Y135.638 E1156.63026
G1 X133.974 Y135.813 E1156.638
G1 X133.61 Y135.953 E1156.64578
G1 X133.262 Y136.044 E1156.65296
G1 X132.877 Y136.108 E1156.66075
G1 X132.471 Y136.131 E1156.66886
G1 X117.5 Y136.132 E1156.96763
G1 F2700 E1151.96763
G0 F9000 X117.5 Y136.392
G0 X117.5 Y133.679
G0 X117.5 Y133.856
G1 F2700 E1156.96763
G1 F1500 X132.567 Y133.856 E1157.2683
G1 X132.87 Y133.808 E1157.27443
G1 X133.223 Y133.651 E1157.28214
G1 X133.506 Y133.418 E1157.28945
G1 X133.684 Y133.17 E1157.29554
G1 X133.814 Y132.847 E1157.30249
G1 X133.86 Y132.573 E1157.30804
G1 X133.854 Y102.298 E1157.91221
G1 X133.739 Y101.936 E1157.91979
G1 X133.596 Y101.693 E1157.92541
G1 X133.322 Y101.399 E1157.93343
G1 X132.987 Y101.229 E1157.94093
G1 X132.666 Y101.141 E1157.94757
G1 X102.412 Y101.142 E1158.55132
G1 X101.952 Y101.252 E1158.56076
G1 X101.71 Y101.388 E1158.5663
G1 X101.428 Y101.662 E1158.57415
G1 X101.193 Y102.119 E1158.5844
G1 X101.14 Y102.444 E1158.59097
G1 X101.146 Y132.754 E1159.19584
G1 X101.295 Y133.132 E1159.20395
G1 X101.49 Y133.414 E1159.21079
G1 X101.69 Y133.593 E1159.21615
G1 X102.071 Y133.791 E1159.22472
G1 X102.423 Y133.856 E1159.23186
G1 X117.5 Y133.856 E1159.53274
G1 F2700 E1154.53274
G0 F9000 X117.5 Y133.599
G0 X102.438 Y133.68
G0 X101.708 Y136.205
G0 X100.97 Y136.072
G0 X101.135 Y135.641
G1 F2700 E1159.53274
G1 F1500 X99.349 Y133.856 E1159.58313
G0 F9000 X99.119 Y133.061
G1 F1500 X101.932 Y135.873 E1159.66251
G0 F9000 X102.556 Y135.931
G1 F1500 X99.064 Y132.44 E1159.76104
G0 F9000 X99.064 Y131.874
G1 F1500 X103.122 Y135.931 E1159.87555
G0 F9000 X103.687 Y135.931
G1 F1500 X99.064 Y131.308 E1160.00603
G0 F9000 X99.064 Y130.743
G1 F1500 X100.94 Y132.619 E1160.05897
G0 F9000 X100.94 Y132.053
G1 F1500 X99.064 Y130.177 E1160.11192
G0 F9000 X99.064 Y129.611
G1 F1500 X100.94 Y131.487 E1160.16486
G0 F9000 X100.94 Y130.922
G1 F1500 X99.064 Y129.046 E1160.2178
G0 F9000 X99.064 Y128.48
G1 F1500 X100.94 Y130.356 E1160.27075
G0 F9000 X100.94 Y129.79
G1 F1500 X99.064 Y127.914 E1160.32369
G0 F9000 X99.064 Y127.349
G1 F1500 X100.94 Y129.224 E1160.37663
G0 F9000 X100.94 Y128.659
G1 F1500 X99.064 Y126.783 E1160.42957
G0 F9000 X99.064 Y126.217
G1 F1500 X100.94 Y128.093 E1160.48251
G0 F9000 X100.94 Y127.527
G1 F1500 X99.064 Y125.651 E1160.53546
G0 F9000 X99.064 Y125.086
G1 F1500 X100.94 Y126.962 E1160.5884
G0 F9000 X100.94 Y126.396
G1 F1500 X99.064 Y124.52 E1160.64135
G0 F9000 X99.064 Y123.954
G1 F1500 X100.94 Y125.83 E1160.69429
G0 F9000 X100.94 Y125.265
G1 F1500 X99.064 Y123.389 E1160.74724
G0 F9000 X99.064 Y122.823
G1 F1500 X100.94 Y124.699 E1160.80018
G0 F9000 X100.94 Y124.133
G1 F1500 X99.064 Y122.257 E1160.85313
G0 F9000 X99.064 Y121.692
G1 F1500 X100.94 Y123.568 E1160.90607
G0 F9000 X100.94 Y123.002
G1 F1500 X99.064 Y121.126 E1160.95902
G0 F9000 X99.064 Y120.56
G1 F1500 X100.94 Y122.436 E1161.01196
G0 F9000 X100.94 Y121.871
G1 F1500 X99.064 Y119.995 E1161.06491
G0 F9000 X99.064 Y119.429
G1 F1500 X100.94 Y121.305 E1161.11785
G0 F9000 X100.94 Y120.739
G1 F1500 X99.064 Y118.863 E1161.1708
G0 F9000 X99.064 Y118.298
G1 F1500 X100.94 Y120.174 E1161.22374
G0 F9000 X100.94 Y119.608
G1 F1500 X99.064 Y117.732 E1161.27669
G0 F9000 X99.064 Y117.166
G1 F1500 X100.94 Y119.042 E1161.32963
G0 F9000 X100.94 Y118.476
G1 F1500 X99.064 Y116.6 E1161.38258
G0 F9000 X99.064 Y116.035
G1 F1500 X100.94 Y117.911 E1161.43552
G0 F9000 X100.94 Y117.345
G1 F1500 X99.064 Y115.469 E1161.48847
G0 F9000 X99.064 Y114.903
G1 F1500 X100.94 Y116.779 E1161.54141
G0 F9000 X100.94 Y116.214
G1 F1500 X99.064 Y114.338 E1161.59435
G0 F9000 X99.064 Y113.772
G1 F1500 X100.94 Y115.648 E1161.6473
G0 F9000 X100.94 Y115.082
G1 F1500 X99.064 Y113.206 E1161.70024
G0 F9000 X99.064 Y112.641
G1 F1500 X100.94 Y114.517 E1161.75319
G0 F9000 X100.94 Y113.951
G1 F1500 X99.064 Y112.075 E1161.80613
G0 F9000 X99.064 Y111.509
G1 F1500 X100.94 Y113.385 E1161.85908
G0 F9000 X100.94 Y112.82
G1 F1500 X99.064 Y110.944 E1161.91202
G0 F9000 X99.064 Y110.378
G1 F1500 X100.94 Y112.254 E1161.96497
G0 F9000 X100.94 Y111.688
G1 F1500 X99.064 Y109.812 E1162.01791
G0 F9000 X99.064 Y109.247
G1 F1500 X100.94 Y111.123 E1162.07086
G0 F9000 X100.94 Y110.557
G1 F1500 X99.064 Y108.681 E1162.1238
G0 F9000 X99.064 Y108.115
G1 F1500 X100.94 Y109.991 E1162.17675
G0 F9000 X100.94 Y109.425
G1 F1500 X99.064 Y107.55 E1162.22968
G0 F9000 X99.064 Y106.984
G1 F1500 X100.94 Y108.86 E1162.28262
G0 F9000 X100.94 Y108.294
G1 F1500 X99.064 Y106.418 E1162.33557
G0 F9000 X99.064 Y105.852
G1 F1500 X100.94 Y107.728 E1162.38851
G0 F9000 X100.94 Y107.163
G1 F1500 X99.064 Y105.287 E1162.44146
G0 F9000 X99.064 Y104.721
G1 F1500 X100.94 Y106.597 E1162.4944
G0 F9000 X100.94 Y106.031
G1 F1500 X99.064 Y104.155 E1162.54735
G0 F9000 X99.064 Y103.59
G1 F1500 X100.94 Y105.466 E1162.60029
G0 F9000 X100.94 Y104.9
G1 F1500 X99.064 Y103.024 E1162.65324
G0 F9000 X99.069 Y102.463
G1 F1500 X100.94 Y104.334 E1162.70604
G0 F9000 X100.94 Y103.769
G1 F1500 X99.116 Y101.944 E1162.75753
G0 F9000 X99.218 Y101.481
G1 F1500 X100.94 Y103.203 E1162.80613
G0 F9000 X100.94 Y102.637
G1 F1500 X99.376 Y101.073 E1162.85027
G0 F9000 X99.574 Y100.705
G1 F1500 X100.986 Y102.118 E1162.89013
G0 F9000 X101.168 Y101.734
G1 F1500 X99.809 Y100.375 E1162.92849
G0 F9000 X100.075 Y100.075
G1 F1500 X101.403 Y101.403 E1162.96597
G0 F9000 X101.719 Y101.153
G1 F1500 X100.373 Y99.807 E1163.00395
G0 F9000 X100.704 Y99.573
G1 F1500 X102.135 Y101.003 E1163.04432
G0 F9000 X102.637 Y100.94
G1 F1500 X101.072 Y99.375 E1163.08849
G0 F9000 X101.481 Y99.218
G1 F1500 X103.203 Y100.94 E1163.13709
G0 F9000 X103.769 Y100.94
G1 F1500 X101.942 Y99.114 E1163.18864
G0 F9000 X102.463 Y99.068
G1 F1500 X104.334 Y100.94 E1163.24146
G0 F9000 X104.9 Y100.94
G1 F1500 X103.025 Y99.065 E1163.29437
G0 F9000 X103.59 Y99.065
G1 F1500 X105.466 Y100.94 E1163.3473
G0 F9000 X106.031 Y100.94
G1 F1500 X104.156 Y99.065 E1163.40022
G0 F9000 X104.722 Y99.065
G1 F1500 X106.597 Y100.94 E1163.45314
G0 F9000 X107.163 Y100.94
G1 F1500 X105.287 Y99.065 E1163.50607
G0 F9000 X105.853 Y99.065
G1 F1500 X107.728 Y100.94 E1163.55898
G0 F9000 X108.294 Y100.94
G1 F1500 X106.419 Y99.065 E1163.6119
G0 F9000 X106.985 Y99.065
G1 F1500 X108.86 Y100.94 E1163.66482
G0 F9000 X109.425 Y100.94
G1 F1500 X107.55 Y99.065 E1163.71773
G0 F9000 X108.116 Y99.065
G1 F1500 X109.991 Y100.94 E1163.77065
G0 F9000 X110.558 Y100.941
G1 F1500 X108.682 Y99.065 E1163.8236
G0 F9000 X109.247 Y99.065
G1 F1500 X111.123 Y100.941 E1163.87654
G0 F9000 X111.689 Y100.941
G1 F1500 X109.813 Y99.065 E1163.92948
G0 F9000 X110.379 Y99.065
G1 F1500 X112.255 Y100.941 E1163.98243
G0 F9000 X112.82 Y100.941
G1 F1500 X110.944 Y99.065 E1164.03537
G0 F9000 X111.51 Y99.065
G1 F1500 X113.386 Y100.941 E1164.08832
G0 F9000 X113.952 Y100.941
G1 F1500 X112.076 Y99.065 E1164.14126
G0 F9000 X112.641 Y99.065
G1 F1500 X114.517 Y100.941 E1164.19421
G0 F9000 X115.083 Y100.941
G1 F1500 X113.207 Y99.065 E1164.24715
G0 F9000 X113.773 Y99.065
G1 F1500 X115.649 Y100.941 E1164.3001
G0 F9000 X116.214 Y100.941
G1 F1500 X114.338 Y99.065 E1164.35304
G0 F9000 X114.904 Y99.065
G1 F1500 X116.78 Y100.941 E1164.40599
G0 F9000 X117.346 Y100.941
G1 F1500 X115.47 Y99.065 E1164.45893
G0 F9000 X116.036 Y99.065
G1 F1500 X117.912 Y100.942 E1164.51189
G0 F9000 X118.478 Y100.942
G1 F1500 X116.601 Y99.065 E1164.56486
G0 F9000 X117.167 Y99.065
G1 F1500 X119.044 Y100.942 E1164.61784
G0 F9000 X119.609 Y100.942
G1 F1500 X117.733 Y99.065 E1164.6708
G0 F9000 X118.298 Y99.065
G1 F1500 X120.175 Y100.942 E1164.72377
G0 F9000 X120.741 Y100.942
G1 F1500 X118.864 Y99.065 E1164.77674
G0 F9000 X119.43 Y99.065
G1 F1500 X121.306 Y100.942 E1164.8297
G0 F9000 X121.872 Y100.942
G1 F1500 X119.995 Y99.065 E1164.88267
G0 F9000 X120.561 Y99.065
G1 F1500 X122.438 Y100.942 E1164.93565
G0 F9000 X123.003 Y100.942
G1 F1500 X121.127 Y99.065 E1164.98861
G0 F9000 X121.692 Y99.065
G1 F1500 X123.569 Y100.942 E1165.04158
G0 F9000 X124.135 Y100.942
G1 F1500 X122.258 Y99.065 E1165.09455
G0 F9000 X122.824 Y99.065
G1 F1500 X124.7 Y100.942 E1165.14751
G0 F9000 X125.267 Y100.942
G1 F1500 X123.389 Y99.065 E1165.2005
G0 F9000 X123.955 Y99.065
G1 F1500 X125.832 Y100.942 E1165.25347
G0 F9000 X126.398 Y100.942
G1 F1500 X124.521 Y99.065 E1165.30644
G0 F9000 X125.086 Y99.065
G1 F1500 X126.964 Y100.942 E1165.35943
G0 F9000 X127.53 Y100.942
G1 F1500 X125.652 Y99.065 E1165.41242
G0 F9000 X126.218 Y99.065
G1 F1500 X128.095 Y100.942 E1165.46539
G0 F9000 X128.661 Y100.942
G1 F1500 X126.784 Y99.065 E1165.51836
G0 F9000 X127.349 Y99.065
G1 F1500 X129.227 Y100.942 E1165.57135
G0 F9000 X129.792 Y100.942
G1 F1500 X127.915 Y99.065 E1165.62432
G0 F9000 X128.481 Y99.065
G1 F1500 X130.358 Y100.942 E1165.6773
G0 F9000 X130.924 Y100.942
G1 F1500 X129.046 Y99.065 E1165.73028
G0 F9000 X129.612 Y99.065
G1 F1500 X131.489 Y100.942 E1165.78326
G0 F9000 X132.055 Y100.942
G1 F1500 X130.178 Y99.065 E1165.83623
G0 F9000 X130.743 Y99.065
G1 F1500 X132.621 Y100.942 E1165.88922
G1 F2700 E1160.88922
G0 F9000 X132.621 Y101.401
G0 X133.038 Y98.753
G0 X133.062 Y99.121
G1 F2700 E1165.88922
G1 F1500 X135.876 Y101.935 E1165.96863
G0 F9000 X135.932 Y102.557
G1 F1500 X132.442 Y99.066 E1166.06714
G0 F9000 X131.875 Y99.065
G1 F1500 X135.932 Y103.122 E1166.18164
G0 F9000 X135.932 Y103.688
G1 F1500 X131.309 Y99.065 E1166.31211
G0 F9000 X131.309 Y98.604
G0 X132.925 Y98.726
G0 X134.021 Y98.922
G0 X133.857 Y99.351
G1 F1500 X135.641 Y101.135 E1166.36246
G1 F2700 E1161.36246
G0 F9000 X136.074 Y100.972
G0 X136.199 Y101.68
G0 X133.68 Y102.33
G0 X134.055 Y102.376
G1 F2700 E1166.36246
G1 F1500 X135.932 Y104.254 E1166.41545
G0 F9000 X135.932 Y104.819
G1 F1500 X134.055 Y102.942 E1166.46842
G0 F9000 X134.055 Y103.508
G1 F1500 X135.932 Y105.385 E1166.52139
G0 F9000 X135.932 Y105.951
G1 F1500 X134.055 Y104.073 E1166.57438
G0 F9000 X134.055 Y104.639
G1 F1500 X135.932 Y106.516 E1166.62735
G0 F9000 X135.932 Y107.082
G1 F1500 X134.055 Y105.205 E1166.68033
G0 F9000 X134.055 Y105.77
G1 F1500 X135.932 Y107.648 E1166.73331
G0 F9000 X135.932 Y108.214
G1 F1500 X134.055 Y106.337 E1166.78629
G0 F9000 X134.055 Y106.903
G1 F1500 X135.932 Y108.779 E1166.83925
G0 F9000 X135.932 Y109.345
G1 F1500 X134.055 Y107.468 E1166.89222
G0 F9000 X134.055 Y108.034
G1 F1500 X135.932 Y109.911 E1166.94519
G0 F9000 X135.932 Y110.476
G1 F1500 X134.055 Y108.6 E1166.99815
G0 F9000 X134.055 Y109.165
G1 F1500 X135.932 Y111.042 E1167.05112
G0 F9000 X135.932 Y111.608
G1 F1500 X134.055 Y109.731 E1167.1041
G0 F9000 X134.056 Y110.297
G1 F1500 X135.932 Y112.173 E1167.15704
G0 F9000 X135.932 Y112.739
G1 F1500 X134.056 Y110.863 E1167.20999
G0 F9000 X134.056 Y111.429
G1 F1500 X135.932 Y113.305 E1167.26293
G0 F9000 X135.932 Y113.87
G1 F1500 X134.056 Y111.994 E1167.31588
G0 F9000 X134.056 Y112.56
G1 F1500 X135.932 Y114.436 E1167.36882
G0 F9000 X135.932 Y115.002
G1 F1500 X134.056 Y113.126 E1167.42177
G0 F9000 X134.057 Y113.692
G1 F1500 X135.932 Y115.567 E1167.47468
G0 F9000 X135.932 Y116.133
G1 F1500 X134.057 Y114.258 E1167.5276
G0 F9000 X134.057 Y114.824
G1 F1500 X135.932 Y116.699 E1167.58052
G0 F9000 X135.932 Y117.264
G1 F1500 X134.057 Y115.389 E1167.63343
G0 F9000 X134.057 Y115.955
G1 F1500 X135.932 Y117.83 E1167.68635
G0 F9000 X135.932 Y118.396
G1 F1500 X134.057 Y116.521 E1167.73926
G0 F9000 X134.057 Y117.086
G1 F1500 X135.932 Y118.962 E1167.7922
G0 F9000 X135.932 Y119.527
G1 F1500 X134.058 Y117.653 E1167.84508
G0 F9000 X134.058 Y118.218
G1 F1500 X135.932 Y120.093 E1167.89799
G0 F9000 X135.932 Y120.659
G1 F1500 X134.058 Y118.784 E1167.95089
G0 F9000 X134.058 Y119.35
G1 F1500 X135.932 Y121.224 E1168.00378
G0 F9000 X135.932 Y121.79
G1 F1500 X134.058 Y119.915 E1168.05668
G0 F9000 X134.058 Y120.481
G1 F1500 X135.932 Y122.356 E1168.10958
G0 F9000 X135.932 Y122.921
G1 F1500 X134.058 Y121.047 E1168.16247
G0 F9000 X134.058 Y121.613
G1 F1500 X135.932 Y123.487 E1168.21536
G0 F9000 X135.932 Y124.053
G1 F1500 X134.058 Y122.179 E1168.26825
G0 F9000 X134.058 Y122.745
G1 F1500 X135.932 Y124.618 E1168.32112
G0 F9000 X135.932 Y125.184
G1 F1500 X134.058 Y123.31 E1168.37401
G0 F9000 X134.058 Y123.876
G1 F1500 X135.932 Y125.75 E1168.4269
G0 F9000 X135.932 Y126.315
G1 F1500 X134.058 Y124.442 E1168.47977
G0 F9000 X134.059 Y125.008
G1 F1500 X135.932 Y126.881 E1168.53263
G0 F9000 X135.932 Y127.447
G1 F1500 X134.059 Y125.574 E1168.58549
G0 F9000 X134.059 Y126.139
G1 F1500 X135.932 Y128.012 E1168.63835
G0 F9000 X135.932 Y128.578
G1 F1500 X134.059 Y126.705 E1168.69121
G0 F9000 X134.059 Y127.271
G1 F1500 X135.932 Y129.144 E1168.74407
G0 F9000 X135.932 Y129.71
G1 F1500 X134.059 Y127.836 E1168.79695
G0 F9000 X134.059 Y128.402
G1 F1500 X135.932 Y130.275 E1168.84981
G0 F9000 X135.932 Y130.841
G1 F1500 X134.06 Y128.968 E1168.90265
G0 F9000 X134.06 Y129.534
G1 F1500 X135.932 Y131.407 E1168.9555
G0 F9000 X135.932 Y131.972
G1 F1500 X134.06 Y130.1 E1169.00833
G0 F9000 X134.06 Y130.666
G1 F1500 X135.926 Y132.532 E1169.06099
G0 F9000 X135.875 Y133.046
G1 F1500 X134.06 Y131.231 E1169.11222
G0 F9000 X134.06 Y131.797
G1 F1500 X135.772 Y133.51 E1169.16055
G0 F9000 X135.615 Y133.918
G1 F1500 X134.06 Y132.363 E1169.20443
G0 F9000 X134.011 Y132.88
G1 F1500 X135.419 Y134.288 E1169.24417
G0 F9000 X135.184 Y134.618
G1 F1500 X133.847 Y133.281 E1169.2819
G0 F9000 X133.6 Y133.6
G1 F1500 X134.917 Y134.917 E1169.31907
G0 F9000 X134.62 Y135.185
G1 F1500 X133.28 Y133.845 E1169.35689
G0 F9000 X132.882 Y134.014
G1 F1500 X134.288 Y135.419 E1169.39655
G0 F9000 X133.919 Y135.616
G1 F1500 X132.359 Y134.056 E1169.44058
G0 F9000 X131.793 Y134.056
G1 F1500 X133.51 Y135.772 E1169.48902
G0 F9000 X133.048 Y135.876
G1 F1500 X131.228 Y134.056 E1169.54039
G0 F9000 X130.662 Y134.056
G1 F1500 X132.533 Y135.927 E1169.59319
G0 F9000 X131.972 Y135.931
G1 F1500 X130.096 Y134.056 E1169.64612
G0 F9000 X129.531 Y134.056
G1 F1500 X131.406 Y135.931 E1169.69904
G0 F9000 X130.84 Y135.931
G1 F1500 X128.965 Y134.056 E1169.75196
G0 F9000 X128.399 Y134.056
G1 F1500 X130.275 Y135.931 E1169.80489
G0 F9000 X129.709 Y135.931
G1 F1500 X127.834 Y134.056 E1169.8578
G0 F9000 X127.268 Y134.056
G1 F1500 X129.143 Y135.931 E1169.91072
G0 F9000 X128.577 Y135.931
G1 F1500 X126.702 Y134.056 E1169.96364
G0 F9000 X126.137 Y134.056
G1 F1500 X128.012 Y135.931 E1170.01655
G0 F9000 X127.446 Y135.931
G1 F1500 X125.571 Y134.056 E1170.06947
G0 F9000 X125.005 Y134.056
G1 F1500 X126.88 Y135.931 E1170.12239
G0 F9000 X126.315 Y135.931
G1 F1500 X124.439 Y134.056 E1170.17532
G0 F9000 X123.874 Y134.056
G1 F1500 X125.749 Y135.931 E1170.22823
G0 F9000 X125.183 Y135.931
G1 F1500 X123.308 Y134.056 E1170.28115
G0 F9000 X122.742 Y134.056
G1 F1500 X124.618 Y135.931 E1170.33408
G0 F9000 X124.052 Y135.931
G1 F1500 X122.177 Y134.056 E1170.387
G0 F9000 X121.611 Y134.056
G1 F1500 X123.486 Y135.931 E1170.43991
G0 F9000 X122.921 Y135.931
G1 F1500 X121.045 Y134.056 E1170.49284
G0 F9000 X120.48 Y134.056
G1 F1500 X122.355 Y135.931 E1170.54576
G0 F9000 X121.789 Y135.931
G1 F1500 X119.914 Y134.056 E1170.59868
G0 F9000 X119.348 Y134.056
G1 F1500 X121.224 Y135.931 E1170.65161
G0 F9000 X120.658 Y135.931
G1 F1500 X118.783 Y134.056 E1170.70452
G0 F9000 X118.217 Y134.056
G1 F1500 X120.092 Y135.931 E1170.75744
G0 F9000 X119.527 Y135.931
G1 F1500 X117.651 Y134.056 E1170.81037
G0 F9000 X117.086 Y134.056
G1 F1500 X118.961 Y135.931 E1170.86329
G0 F9000 X118.395 Y135.931
G1 F1500 X116.52 Y134.056 E1170.91621
G0 F9000 X115.954 Y134.056
G1 F1500 X117.829 Y135.931 E1170.96912
G0 F9000 X117.264 Y135.931
G1 F1500 X115.389 Y134.056 E1171.02204
G0 F9000 X114.823 Y134.056
G1 F1500 X116.698 Y135.931 E1171.07495
G0 F9000 X116.132 Y135.931
G1 F1500 X114.257 Y134.056 E1171.12787
G0 F9000 X113.691 Y134.056
G1 F1500 X115.567 Y135.931 E1171.1808
G0 F9000 X115.001 Y135.931
G1 F1500 X113.126 Y134.056 E1171.23372
G0 F9000 X112.56 Y134.056
G1 F1500 X114.435 Y135.931 E1171.28664
G0 F9000 X113.87 Y135.931
G1 F1500 X111.994 Y134.056 E1171.33957
G0 F9000 X111.429 Y134.056
G1 F1500 X113.304 Y135.931 E1171.39248
G0 F9000 X112.738 Y135.931
G1 F1500 X110.863 Y134.056 E1171.4454
G0 F9000 X110.297 Y134.056
G1 F1500 X112.173 Y135.931 E1171.49833
G0 F9000 X111.607 Y135.931
G1 F1500 X109.732 Y134.056 E1171.55125
G0 F9000 X109.166 Y134.056
G1 F1500 X111.041 Y135.931 E1171.60416
G0 F9000 X110.476 Y135.931
G1 F1500 X108.6 Y134.056 E1171.65709
G0 F9000 X108.035 Y134.056
G1 F1500 X109.91 Y135.931 E1171.71001
G0 F9000 X109.344 Y135.931
G1 F1500 X107.469 Y134.056 E1171.76293
G0 F9000 X106.903 Y134.056
G1 F1500 X108.778 Y135.931 E1171.81584
G0 F9000 X108.213 Y135.931
G1 F1500 X106.338 Y134.056 E1171.86876
G0 F9000 X105.772 Y134.056
G1 F1500 X107.647 Y135.931 E1171.92168
G0 F9000 X107.081 Y135.931
G1 F1500 X105.206 Y134.056 E1171.97459
G0 F9000 X104.64 Y134.056
G1 F1500 X106.516 Y135.931 E1172.02752
G0 F9000 X105.95 Y135.931
G1 F1500 X104.075 Y134.056 E1172.08044
G0 F9000 X103.509 Y134.056
G1 F1500 X105.384 Y135.931 E1172.13336
G0 F9000 X104.819 Y135.931
G1 F1500 X102.943 Y134.056 E1172.18629
G0 F9000 X102.37 Y134.048
G1 F1500 X104.253 Y135.931 E1172.23943
G1 F2700 E1167.23943
;MESH:NONMESH
G0 F300 X104.253 Y135.931 Z5.04
G0 F9000 X104.253 Y136.392
G0 X117.5 Y136.292
G0 X117.5 Y133.679
G0 X117.5 Y133.499
;TIME_ELAPSED:2922.453043
;LAYER:41
;TYPE:WALL-INNER
;MESH:robotface-cover.stl
G1 F2700 E1172.23943
G1 F1500 X102.442 Y133.499 E1172.53993
G1 X102.04 Y133.389 E1172.54825
G1 X101.874 Y133.281 E1172.5522
G1 X101.689 Y133.087 E1172.55755
G1 X101.566 Y132.86 E1172.5627
G1 X101.501 Y132.615 E1172.56776
G1 X101.501 Y102.448 E1173.16977
G1 X101.606 Y102.049 E1173.17801
G1 X101.719 Y101.874 E1173.18216
G1 X101.912 Y101.69 E1173.18748
G1 X102.242 Y101.533 E1173.19478
G1 X102.447 Y101.501 E1173.19892
G1 X132.551 Y101.501 E1173.79968
G1 X132.951 Y101.606 E1173.80793
G1 X133.245 Y101.831 E1173.81532
G1 X133.453 Y102.195 E1173.82368
G1 X133.499 Y102.445 E1173.82876
G1 X133.5 Y132.558 E1174.42969
G1 X133.412 Y132.913 E1174.43699
G1 X133.208 Y133.208 E1174.44415
G1 X132.904 Y133.416 E1174.4515
G1 X132.553 Y133.499 E1174.4587
G1 X117.5 Y133.499 E1174.7591
G0 F9000 X117.5 Y133.1
G1 F1500 X102.465 Y133.1 E1175.05914
G1 X102.253 Y133.048 E1175.06349
G1 X102.098 Y132.947 E1175.06719
G1 X101.98 Y132.802 E1175.07092
G1 X101.9 Y132.533 E1175.07652
G1 X101.906 Y102.408 E1175.67769
G1 X102.031 Y102.124 E1175.68389
G1 X102.171 Y101.997 E1175.68766
G1 X102.468 Y101.9 E1175.69389
G1 X132.531 Y101.9 E1176.29383
G1 X132.684 Y101.928 E1176.29694
G1 X132.878 Y102.033 E1176.30134
G1 X133.035 Y102.227 E1176.30632
G1 X133.1 Y102.467 E1176.31128
G1 X133.1 Y132.535 E1176.91132
G1 X133.061 Y132.717 E1176.91503
G1 X132.925 Y132.925 E1176.91999
G1 X132.803 Y133.019 E1176.92307
G1 X132.532 Y133.1 E1176.92871
G1 X117.5 Y133.1 E1177.22869
G1 F2700 E1172.22869
G0 F9000 X117.5 Y133.41
G0 X117.5 Y133.679
G0 X117.5 Y136.298
G0 X117.5 Y136.498
G1 F2700 E1177.22869
G1 F1500 X132.461 Y136.496 E1177.52726
G1 X132.921 Y136.472 E1177.53645
G1 X133.339 Y136.408 E1177.54489
G1 X133.727 Y136.304 E1177.5529
G1 X134.118 Y136.15 E1177.56129
G1 X134.505 Y135.955 E1177.56994
G1 X134.847 Y135.733 E1177.57807
G1 X135.165 Y135.475 E1177.58625
G1 X135.474 Y135.167 E1177.59495
G1 X135.733 Y134.844 E1177.60321
G1 X135.958 Y134.5 E1177.61142
G1 X136.141 Y134.142 E1177.61944
G1 X136.3 Y133.731 E1177.62823
G1 X136.408 Y133.333 E1177.63646
G1 X136.472 Y132.932 E1177.64457
G1 X136.5 Y132.459 E1177.65402
G1 X136.496 Y102.516 E1178.25157
G1 X136.472 Y102.076 E1178.26036
G1 X136.408 Y101.659 E1178.26878
G1 X136.304 Y101.273 E1178.27676
G1 X136.15 Y100.878 E1178.28522
G1 X135.956 Y100.496 E1178.29377
G1 X135.733 Y100.153 E1178.30193
G1 X135.474 Y99.833 E1178.31015
G1 X135.163 Y99.519 E1178.31897
G1 X134.847 Y99.263 E1178.32709
G1 X134.505 Y99.041 E1178.33522
G1 X134.143 Y98.858 E1178.34332
G1 X133.735 Y98.699 E1178.35206
G1 X133.331 Y98.587 E1178.36042
G1 X132.939 Y98.525 E1178.36834
G1 X132.462 Y98.501 E1178.37787
G1 X102.534 Y98.5 E1178.97512
G1 X102.075 Y98.524 E1178.98429
G1 X101.658 Y98.588 E1178.99271
G1 X101.269 Y98.692 E1179.00075
G1 X100.878 Y98.846 E1179.00913
G1 X100.493 Y99.04 E1179.01774
G1 X100.152 Y99.263 E1179.02587
G1 X99.828 Y99.522 E1179.03414
G1 X99.522 Y99.828 E1179.04278
G1 X99.263 Y100.152 E1179.05106
G1 X99.04 Y100.493 E1179.05919
G1 X98.846 Y100.878 E1179.06779
G1 X98.692 Y101.269 E1179.07618
G1 X98.588 Y101.658 E1179.08421
G1 X98.524 Y102.075 E1179.09263
G1 X98.5 Y102.534 E1179.10181
G1 X98.5 Y132.48 E1179.69941
G1 X98.524 Y132.92 E1179.7082
G1 X98.588 Y133.335 E1179.71658
G1 X98.696 Y133.727 E1179.7247
G1 X98.848 Y134.121 E1179.73313
G1 X99.04 Y134.503 E1179.74166
G1 X99.263 Y134.844 E1179.74979
G1 X99.522 Y135.167 E1179.75805
G1 X99.829 Y135.474 E1179.76671
G1 X100.151 Y135.732 E1179.77495
G1 X100.5 Y135.958 E1179.78325
G1 X100.857 Y136.143 E1179.79127
G1 X101.261 Y136.3 E1179.79992
G1 X101.662 Y136.408 E1179.80821
G1 X102.061 Y136.472 E1179.81627
G1 X102.537 Y136.5 E1179.82579
G1 X117.5 Y136.498 E1180.12439
G0 F9000 X117.5 Y136.898
G1 F1500 X132.472 Y136.896 E1180.42317
G1 X132.962 Y136.87 E1180.43296
G1 X133.421 Y136.8 E1180.44223
G1 X133.852 Y136.685 E1180.45113
G1 X134.282 Y136.515 E1180.46036
G1 X134.704 Y136.303 E1180.46978
G1 X135.082 Y136.057 E1180.47878
G1 X135.433 Y135.773 E1180.48779
G1 X135.772 Y135.434 E1180.49736
G1 X136.057 Y135.079 E1180.50645
G1 X136.304 Y134.701 E1180.51546
G1 X136.507 Y134.306 E1180.52432
G1 X136.681 Y133.856 E1180.53395
G1 X136.8 Y133.417 E1180.54303
G1 X136.87 Y132.975 E1180.55196
G1 X136.9 Y132.47 E1180.56205
G1 X136.896 Y102.505 E1181.16004
G1 X136.87 Y102.034 E1181.16945
G1 X136.8 Y101.576 E1181.1787
G1 X136.685 Y101.148 E1181.18754
G1 X136.515 Y100.714 E1181.19684
G1 X136.303 Y100.296 E1181.20619
G1 X136.057 Y99.917 E1181.21521
G1 X135.772 Y99.565 E1181.22425
G1 X135.432 Y99.222 E1181.23389
G1 X135.083 Y98.939 E1181.24285
G1 X134.704 Y98.694 E1181.25186
G1 X134.306 Y98.493 E1181.26076
G1 X133.862 Y98.319 E1181.27027
G1 X133.416 Y98.196 E1181.27951
G1 X132.981 Y98.126 E1181.2883
G1 X132.472 Y98.101 E1181.29847
G1 X102.524 Y98.1 E1181.89611
G1 X102.034 Y98.126 E1181.90591
G1 X101.576 Y98.196 E1181.91515
G1 X101.144 Y98.311 E1181.92407
G1 X100.714 Y98.481 E1181.9333
G1 X100.293 Y98.693 E1181.94271
G1 X99.917 Y98.939 E1181.95168
G1 X99.561 Y99.224 E1181.96078
G1 X99.224 Y99.561 E1181.97029
G1 X98.939 Y99.917 E1181.97939
G1 X98.693 Y100.293 E1181.98835
G1 X98.481 Y100.714 E1181.99776
G1 X98.311 Y101.144 E1182.00699
G1 X98.196 Y101.576 E1182.01591
G1 X98.126 Y102.034 E1182.02515
G1 X98.1 Y102.524 E1182.03495
G1 X98.1 Y132.491 E1182.63297
G1 X98.126 Y132.962 E1182.64238
G1 X98.196 Y133.418 E1182.65159
G1 X98.315 Y133.852 E1182.66057
G1 X98.482 Y134.284 E1182.66981
G1 X98.693 Y134.703 E1182.67918
G1 X98.939 Y135.079 E1182.68814
G1 X99.224 Y135.434 E1182.69723
G1 X99.561 Y135.772 E1182.70675
G1 X99.916 Y136.056 E1182.71583
G1 X100.298 Y136.304 E1182.72491
G1 X100.692 Y136.508 E1182.73377
G1 X101.136 Y136.68 E1182.74327
G1 X101.578 Y136.8 E1182.75241
G1 X102.017 Y136.87 E1182.76128
G1 X102.526 Y136.9 E1182.77146
G1 X117.5 Y136.898 E1183.07028
G0 F9000 X117.5 Y137.298
;TYPE:WALL-OUTER
G1 F1500 X132.482 Y137.296 E1183.36926
G1 X133.003 Y137.268 E1183.37967
G1 X133.503 Y137.192 E1183.38977
G1 X133.977 Y137.065 E1183.39956
G1 X134.446 Y136.881 E1183.40961
G1 X134.904 Y136.65 E1183.41985
G1 X135.318 Y136.381 E1183.4297
G1 X135.701 Y136.071 E1183.43954
G1 X136.07 Y135.702 E1183.44995
G1 X136.381 Y135.314 E1183.45987
G1 X136.65 Y134.903 E1183.46968
G1 X136.873 Y134.47 E1183.4794
G1 X137.061 Y133.981 E1183.48985
G1 X137.192 Y133.501 E1183.49978
G1 X137.268 Y133.018 E1183.50954
G1 X137.3 Y132.482 E1183.52025
G1 X137.296 Y102.494 E1184.1187
G1 X137.268 Y101.993 E1184.12871
G1 X137.192 Y101.494 E1184.13878
G1 X137.065 Y101.023 E1184.14852
G1 X136.881 Y100.55 E1184.15864
G1 X136.65 Y100.096 E1184.16881
G1 X136.381 Y99.682 E1184.17866
G1 X136.07 Y99.298 E1184.18852
G1 X135.701 Y98.925 E1184.19899
G1 X135.318 Y98.615 E1184.20883
G1 X134.904 Y98.346 E1184.21868
G1 X134.47 Y98.127 E1184.22838
G1 X133.988 Y97.939 E1184.23871
G1 X133.501 Y97.804 E1184.24879
G1 X133.023 Y97.728 E1184.25845
G1 X132.482 Y97.701 E1184.26926
G1 X102.514 Y97.7 E1184.8673
G1 X101.993 Y97.728 E1184.87772
G1 X101.494 Y97.804 E1184.88779
G1 X101.019 Y97.931 E1184.8976
G1 X100.55 Y98.115 E1184.90765
G1 X100.093 Y98.346 E1184.91787
G1 X99.682 Y98.615 E1184.92768
G1 X99.294 Y98.926 E1184.9376
G1 X98.926 Y99.294 E1184.94799
G1 X98.615 Y99.682 E1184.95791
G1 X98.346 Y100.093 E1184.96771
G1 X98.115 Y100.55 E1184.97793
G1 X97.931 Y101.019 E1184.98798
G1 X97.804 Y101.494 E1184.9978
G1 X97.728 Y101.993 E1185.00787
G1 X97.7 Y102.514 E1185.01828
G1 X97.7 Y132.502 E1185.61672
G1 X97.728 Y133.003 E1185.62674
G1 X97.804 Y133.502 E1185.63681
G1 X97.935 Y133.977 E1185.64664
G1 X98.116 Y134.446 E1185.65668
G1 X98.346 Y134.903 E1185.66689
G1 X98.615 Y135.314 E1185.67669
G1 X98.926 Y135.702 E1185.68661
G1 X99.294 Y136.07 E1185.697
G1 X99.682 Y136.381 E1185.70692
G1 X100.097 Y136.65 E1185.71679
G1 X100.527 Y136.873 E1185.72646
G1 X101.011 Y137.061 E1185.73682
G1 X101.494 Y137.192 E1185.7468
G1 X101.974 Y137.268 E1185.7565
G1 X102.514 Y137.3 E1185.7673
G1 X117.5 Y137.298 E1186.06636
G1 F2700 E1181.06636
G0 F9000 X117.5 Y136.589
G0 X117.5 Y136.298
G0 X117.5 Y133.679
G0 X117.5 Y132.699
G1 F2700 E1186.06636
G1 F1500 X102.468 Y132.698 E1186.36634
G1 X102.374 Y132.657 E1186.36839
G1 X102.3 Y132.511 E1186.37165
G1 X102.3 Y102.5 E1186.97055
G1 X102.343 Y102.374 E1186.97321
G1 X102.444 Y102.3 E1186.97571
G1 X132.532 Y102.302 E1187.57615
G1 X132.643 Y102.359 E1187.57864
G1 X132.7 Y102.489 E1187.58147
G1 X132.701 Y132.539 E1188.18115
G1 X132.657 Y132.626 E1188.1831
G1 X132.511 Y132.7 E1188.18636
G1 X117.5 Y132.699 E1188.48592
G1 F2700 E1183.48592
G0 F9000 X117.5 Y133.41
G0 X117.5 Y133.679
G0 X117.5 Y136.298
G1 F2700 E1188.48592
G0 F9000 X117.5 Y136.138
;TYPE:SKIN
G1 F1500 X102.559 Y136.14 E1188.78409
G1 X102.095 Y136.108 E1188.79337
G1 X101.73 Y136.051 E1188.80074
G1 X101.379 Y135.957 E1188.80799
G1 X101.007 Y135.813 E1188.81595
G1 X100.669 Y135.638 E1188.82355
G1 X100.366 Y135.441 E1188.83076
G1 X100.062 Y135.198 E1188.83853
G1 X99.794 Y134.93 E1188.84609
G1 X99.555 Y134.63 E1188.85375
G1 X99.346 Y134.312 E1188.86134
G1 X99.176 Y133.971 E1188.86894
G1 X99.039 Y133.613 E1188.87659
G1 X98.94 Y133.258 E1188.88395
G1 X98.884 Y132.883 E1188.89152
G1 X98.861 Y132.488 E1188.89941
G1 X98.86 Y102.55 E1189.49686
G1 X98.884 Y102.101 E1189.50583
G1 X98.945 Y101.714 E1189.51365
G1 X99.031 Y101.391 E1189.52032
G1 X99.179 Y101.014 E1189.5284
G1 X99.346 Y100.68 E1189.53585
G1 X99.555 Y100.362 E1189.54345
G1 X99.786 Y100.074 E1189.55081
G1 X100.074 Y99.786 E1189.55894
G1 X100.362 Y99.555 E1189.56631
G1 X100.681 Y99.346 E1189.57392
G1 X101.01 Y99.18 E1189.58127
G1 X101.395 Y99.031 E1189.58951
G1 X101.722 Y98.94 E1189.59629
G1 X102.104 Y98.884 E1189.60399
G1 X102.522 Y98.861 E1189.61235
G1 X132.442 Y98.86 E1190.20943
G1 X132.903 Y98.884 E1190.21864
G1 X133.257 Y98.94 E1190.2258
G1 X133.613 Y99.039 E1190.23317
G1 X134.01 Y99.192 E1190.24166
G1 X134.315 Y99.346 E1190.24848
G1 X134.642 Y99.558 E1190.25626
G1 X134.921 Y99.785 E1190.26343
G1 X135.202 Y100.07 E1190.27142
G1 X135.441 Y100.366 E1190.27901
G1 X135.638 Y100.669 E1190.28623
G1 X135.817 Y101.019 E1190.29407
G1 X135.965 Y101.399 E1190.30221
G1 X136.052 Y101.722 E1190.30888
G1 X136.112 Y102.102 E1190.31656
G1 X136.136 Y102.514 E1190.3248
G1 X136.14 Y132.434 E1190.92188
G1 X136.112 Y132.889 E1190.93098
G1 X136.052 Y133.262 E1190.93852
G1 X135.961 Y133.605 E1190.9456
G1 X135.809 Y133.993 E1190.95392
G1 X135.642 Y134.319 E1190.96123
G1 X135.446 Y134.622 E1190.96843
G1 X135.202 Y134.922 E1190.97615
G1 X134.921 Y135.207 E1190.98413
G1 X134.63 Y135.441 E1190.99158
G1 X134.327 Y135.638 E1190.9988
G1 X133.97 Y135.821 E1191.0068
G1 X133.606 Y135.961 E1191.01459
G1 X133.267 Y136.052 E1191.02159
G1 X132.89 Y136.109 E1191.0292
G1 X132.442 Y136.136 E1191.03816
G1 X117.5 Y136.138 E1191.33634
G1 F2700 E1186.33634
G0 F9000 X117.5 Y136.398
G0 X117.5 Y133.679
G1 F2700 E1191.33634
G0 F9000 X117.5 Y133.855
G1 F1500 X132.715 Y133.854 E1191.63997
G1 X133.242 Y133.636 E1191.65135
G1 X133.628 Y133.262 E1191.66208
G1 X133.814 Y132.856 E1191.67099
G1 X133.861 Y132.568 E1191.67681
G1 X133.856 Y102.284 E1192.28116
G1 X133.7 Y101.862 E1192.29014
G1 X133.375 Y101.455 E1192.30054
G1 X133.018 Y101.218 E1192.30909
G1 X132.571 Y101.14 E1192.31814
G1 X102.403 Y101.142 E1192.92018
G1 X102.088 Y101.2 E1192.92657
G1 X101.806 Y101.328 E1192.93275
G1 X101.447 Y101.61 E1192.94186
G1 X101.225 Y102.023 E1192.95122
G1 X101.14 Y102.425 E1192.95942
G1 X101.142 Y132.595 E1193.56149
G1 X101.201 Y132.91 E1193.56789
G1 X101.328 Y133.194 E1193.5741
G1 X101.698 Y133.599 E1193.58504
G1 X102.092 Y133.798 E1193.59385
G1 X102.414 Y133.856 E1193.60038
G1 X117.5 Y133.855 E1193.90144
G1 F2700 E1188.90144
G0 F9000 X117.5 Y133.599
G0 X132.69 Y133.68
G0 X134.729 Y135.571
G0 X135.458 Y135.026
G1 F2700 E1193.90144
G0 F9000 X135.096 Y134.736
G1 F1500 X134.722 Y135.11 E1193.91199
G0 F9000 X135.012 Y135.47
G0 X133.595 Y136.235
G0 X133.477 Y135.789
G1 F1500 X135.786 Y133.48 E1193.97716
G0 F9000 X135.918 Y132.783
G1 F1500 X132.785 Y135.915 E1194.06556
G0 F9000 X132.198 Y135.937
G1 F1500 X135.939 Y132.196 E1194.17114
G0 F9000 X135.939 Y131.63
G1 F1500 X131.632 Y135.937 E1194.2927
G0 F9000 X131.066 Y135.937
G1 F1500 X133.08 Y133.923 E1194.34954
G0 F9000 X132.386 Y134.052
G1 F1500 X130.501 Y135.937 E1194.40273
G0 F9000 X129.935 Y135.937
G1 F1500 X131.82 Y134.052 E1194.45593
G0 F9000 X131.255 Y134.052
G1 F1500 X129.369 Y135.937 E1194.50915
G0 F9000 X128.804 Y135.937
G1 F1500 X130.689 Y134.052 E1194.56234
G0 F9000 X130.123 Y134.052
G1 F1500 X128.238 Y135.937 E1194.61554
G0 F9000 X127.672 Y135.937
G1 F1500 X129.558 Y134.052 E1194.66876
G0 F9000 X128.992 Y134.052
G1 F1500 X127.107 Y135.937 E1194.72195
G0 F9000 X126.541 Y135.937
G1 F1500 X128.426 Y134.052 E1194.77515
G0 F9000 X127.86 Y134.052
G1 F1500 X125.975 Y135.938 E1194.82837
G0 F9000 X125.409 Y135.938
G1 F1500 X127.295 Y134.052 E1194.88159
G0 F9000 X126.729 Y134.052
G1 F1500 X124.843 Y135.938 E1194.93482
G0 F9000 X124.278 Y135.938
G1 F1500 X126.163 Y134.053 E1194.98802
G0 F9000 X125.597 Y134.053
G1 F1500 X123.712 Y135.938 E1195.04122
G0 F9000 X123.146 Y135.938
G1 F1500 X125.031 Y134.053 E1195.09442
G0 F9000 X124.466 Y134.053
G1 F1500 X122.58 Y135.938 E1195.14763
G0 F9000 X122.015 Y135.938
G1 F1500 X123.9 Y134.053 E1195.20083
G0 F9000 X123.334 Y134.053
G1 F1500 X121.449 Y135.938 E1195.25403
G0 F9000 X120.883 Y135.938
G1 F1500 X122.769 Y134.053 E1195.30724
G0 F9000 X122.203 Y134.053
G1 F1500 X120.317 Y135.938 E1195.36045
G0 F9000 X119.751 Y135.938
G1 F1500 X121.637 Y134.053 E1195.41367
G0 F9000 X121.072 Y134.053
G1 F1500 X119.186 Y135.938 E1195.46688
G0 F9000 X118.62 Y135.938
G1 F1500 X120.505 Y134.053 E1195.52008
G0 F9000 X119.939 Y134.053
G1 F1500 X118.054 Y135.938 E1195.57328
G0 F9000 X117.489 Y135.938
G1 F1500 X119.374 Y134.053 E1195.62648
G0 F9000 X118.808 Y134.053
G1 F1500 X116.923 Y135.938 E1195.67967
G0 F9000 X116.357 Y135.938
G1 F1500 X118.242 Y134.053 E1195.73287
G0 F9000 X117.677 Y134.053
G1 F1500 X115.792 Y135.938 E1195.78607
G0 F9000 X115.226 Y135.938
G1 F1500 X117.111 Y134.053 E1195.83927
G0 F9000 X116.545 Y134.053
G1 F1500 X114.66 Y135.938 E1195.89247
G0 F9000 X114.094 Y135.939
G1 F1500 X115.98 Y134.053 E1195.9457
G0 F9000 X115.414 Y134.053
G1 F1500 X113.528 Y135.939 E1195.99892
G0 F9000 X112.962 Y135.939
G1 F1500 X114.848 Y134.053 E1196.05215
G0 F9000 X114.282 Y134.054
G1 F1500 X112.397 Y135.939 E1196.10535
G0 F9000 X111.831 Y135.939
G1 F1500 X113.716 Y134.054 E1196.15855
G0 F9000 X113.151 Y134.054
G1 F1500 X111.265 Y135.939 E1196.21176
G0 F9000 X110.7 Y135.939
G1 F1500 X112.585 Y134.054 E1196.26496
G0 F9000 X112.019 Y134.054
G1 F1500 X110.134 Y135.939 E1196.31816
G0 F9000 X109.568 Y135.939
G1 F1500 X111.453 Y134.054 E1196.37136
G0 F9000 X110.888 Y134.054
G1 F1500 X109.003 Y135.939 E1196.42456
G0 F9000 X108.436 Y135.94
G1 F1500 X110.322 Y134.054 E1196.47778
G0 F9000 X109.756 Y134.054
G1 F1500 X107.871 Y135.94 E1196.531
G0 F9000 X107.305 Y135.94
G1 F1500 X109.191 Y134.054 E1196.58422
G0 F9000 X108.625 Y134.054
G1 F1500 X106.739 Y135.94 E1196.63745
G0 F9000 X106.173 Y135.94
G1 F1500 X108.059 Y134.055 E1196.69066
G0 F9000 X107.493 Y134.055
G1 F1500 X105.608 Y135.94 E1196.74386
G0 F9000 X105.042 Y135.94
G1 F1500 X106.927 Y134.055 E1196.79706
G0 F9000 X106.362 Y134.055
G1 F1500 X104.476 Y135.94 E1196.85027
G0 F9000 X103.911 Y135.94
G1 F1500 X105.796 Y134.055 E1196.90347
G0 F9000 X105.23 Y134.055
G1 F1500 X103.345 Y135.94 E1196.95667
G0 F9000 X102.779 Y135.94
G1 F1500 X104.665 Y134.055 E1197.00988
G0 F9000 X104.099 Y134.055
G1 F1500 X102.236 Y135.918 E1197.06246
G0 F9000 X101.741 Y135.847
G1 F1500 X103.533 Y134.055 E1197.11303
G0 F9000 X102.967 Y134.055
G1 F1500 X101.307 Y135.715 E1197.15988
G0 F9000 X100.915 Y135.541
G1 F1500 X102.401 Y134.055 E1197.20182
G0 F9000 X101.942 Y133.949
G1 F1500 X100.561 Y135.33 E1197.2408
G0 F9000 X100.24 Y135.085
G1 F1500 X101.567 Y133.758 E1197.27825
G0 F9000 X101.299 Y133.46
G1 F1500 X99.953 Y134.806 E1197.31623
G0 F9000 X99.703 Y134.49
G1 F1500 X101.075 Y133.119 E1197.35494
G0 F9000 X100.955 Y132.673
G1 F1500 X99.486 Y134.142 E1197.3964
G0 F9000 X99.307 Y133.755
G1 F1500 X100.94 Y132.122 E1197.44249
G0 F9000 X100.94 Y131.557
G1 F1500 X99.168 Y133.329 E1197.4925
G0 F9000 X99.083 Y132.848
G1 F1500 X100.94 Y130.991 E1197.5449
G0 F9000 X100.94 Y130.425
G1 F1500 X99.061 Y132.305 E1197.59795
G0 F9000 X99.061 Y131.739
G1 F1500 X100.94 Y129.859 E1197.65099
G0 F9000 X100.94 Y129.294
G1 F1500 X99.061 Y131.173 E1197.70402
G0 F9000 X99.061 Y130.608
G1 F1500 X100.94 Y128.728 E1197.75706
G0 F9000 X100.94 Y128.162
G1 F1500 X99.061 Y130.042 E1197.81011
G0 F9000 X99.061 Y129.476
G1 F1500 X100.94 Y127.597 E1197.86314
G0 F9000 X100.94 Y127.031
G1 F1500 X99.061 Y128.911 E1197.91618
G0 F9000 X99.061 Y128.345
G1 F1500 X100.94 Y126.465 E1197.96922
G0 F9000 X100.94 Y125.9
G1 F1500 X99.061 Y127.779 E1198.02225
G0 F9000 X99.061 Y127.213
G1 F1500 X100.94 Y125.334 E1198.07528
G0 F9000 X100.94 Y124.768
G1 F1500 X99.061 Y126.648 E1198.12833
G0 F9000 X99.061 Y126.082
G1 F1500 X100.94 Y124.203 E1198.18136
G0 F9000 X100.94 Y123.637
G1 F1500 X99.061 Y125.516 E1198.23439
G0 F9000 X99.061 Y124.951
G1 F1500 X100.94 Y123.071 E1198.28743
G0 F9000 X100.94 Y122.506
G1 F1500 X99.061 Y124.385 E1198.34046
G0 F9000 X99.061 Y123.819
G1 F1500 X100.94 Y121.94 E1198.39349
G0 F9000 X100.94 Y121.374
G1 F1500 X99.061 Y123.254 E1198.44653
G0 F9000 X99.061 Y122.688
G1 F1500 X100.94 Y120.808 E1198.49958
G0 F9000 X100.94 Y120.243
G1 F1500 X99.061 Y122.122 E1198.55261
G0 F9000 X99.061 Y121.557
G1 F1500 X100.94 Y119.677 E1198.60565
G0 F9000 X100.94 Y119.111
G1 F1500 X99.061 Y120.991 E1198.65869
G0 F9000 X99.061 Y120.425
G1 F1500 X100.94 Y118.546 E1198.71172
G0 F9000 X100.94 Y117.98
G1 F1500 X99.061 Y119.86 E1198.76477
G0 F9000 X99.061 Y119.294
G1 F1500 X100.94 Y117.414 E1198.81781
G0 F9000 X100.94 Y116.849
G1 F1500 X99.061 Y118.728 E1198.87084
G0 F9000 X99.061 Y118.162
G1 F1500 X100.94 Y116.283 E1198.92387
G0 F9000 X100.94 Y115.717
G1 F1500 X99.061 Y117.597 E1198.97691
G0 F9000 X99.061 Y117.031
G1 F1500 X100.94 Y115.152 E1199.02994
G0 F9000 X100.94 Y114.586
G1 F1500 X99.061 Y116.465 E1199.08297
G0 F9000 X99.061 Y115.9
G1 F1500 X100.94 Y114.02 E1199.13601
G0 F9000 X100.94 Y113.455
G1 F1500 X99.061 Y115.334 E1199.18904
G0 F9000 X99.061 Y114.768
G1 F1500 X100.94 Y112.889 E1199.24207
G0 F9000 X100.94 Y112.323
G1 F1500 X99.061 Y114.203 E1199.29512
G0 F9000 X99.061 Y113.637
G1 F1500 X100.94 Y111.758 E1199.34815
G0 F9000 X100.94 Y111.192
G1 F1500 X99.061 Y113.071 E1199.40117
G0 F9000 X99.061 Y112.506
G1 F1500 X100.94 Y110.626 E1199.45422
G0 F9000 X100.94 Y110.06
G1 F1500 X99.061 Y111.94 E1199.50726
G0 F9000 X99.061 Y111.374
G1 F1500 X100.94 Y109.495 E1199.56029
G0 F9000 X100.94 Y108.929
G1 F1500 X99.061 Y110.809 E1199.61334
G0 F9000 X99.061 Y110.243
G1 F1500 X100.94 Y108.363 E1199.66638
G0 F9000 X100.94 Y107.798
G1 F1500 X99.061 Y109.677 E1199.71941
G0 F9000 X99.061 Y109.112
G1 F1500 X100.94 Y107.232 E1199.77245
G0 F9000 X100.94 Y106.666
G1 F1500 X99.061 Y108.546 E1199.8255
G0 F9000 X99.061 Y107.98
G1 F1500 X100.94 Y106.101 E1199.87852
G0 F9000 X100.94 Y105.535
G1 F1500 X99.061 Y107.414 E1199.93155
G0 F9000 X99.061 Y106.849
G1 F1500 X100.94 Y104.969 E1199.9846
G0 F9000 X100.94 Y104.404
G1 F1500 X99.061 Y106.283 E1200.03763
G0 F9000 X99.061 Y105.717
G1 F1500 X100.94 Y103.838 E1200.09066
G0 F9000 X100.94 Y103.272
G1 F1500 X99.061 Y105.152 E1200.1437
G0 F9000 X99.061 Y104.586
G1 F1500 X100.94 Y102.707 E1200.19673
G0 F9000 X101.011 Y102.07
G1 F1500 X99.061 Y104.02 E1200.25176
G0 F9000 X99.061 Y103.455
G1 F1500 X103.455 Y99.061 E1200.37577
G0 F9000 X104.02 Y99.061
G1 F1500 X102.077 Y101.005 E1200.43062
G0 F9000 X102.707 Y100.94
G1 F1500 X104.586 Y99.061 E1200.48365
G0 F9000 X105.152 Y99.061
G1 F1500 X103.272 Y100.94 E1200.53669
G0 F9000 X103.838 Y100.94
G1 F1500 X105.717 Y99.061 E1200.58972
G0 F9000 X106.283 Y99.061
G1 F1500 X104.404 Y100.94 E1200.64275
G0 F9000 X104.969 Y100.94
G1 F1500 X106.849 Y99.061 E1200.6958
G0 F9000 X107.414 Y99.061
G1 F1500 X105.535 Y100.94 E1200.74883
G0 F9000 X106.101 Y100.94
G1 F1500 X107.98 Y99.061 E1200.80185
G0 F9000 X108.546 Y99.061
G1 F1500 X106.666 Y100.94 E1200.8549
G0 F9000 X107.232 Y100.94
G1 F1500 X109.112 Y99.061 E1200.90794
G0 F9000 X109.677 Y99.061
G1 F1500 X107.798 Y100.94 E1200.96097
G0 F9000 X108.363 Y100.94
G1 F1500 X110.243 Y99.061 E1201.01401
G0 F9000 X110.809 Y99.061
G1 F1500 X108.929 Y100.94 E1201.06706
G0 F9000 X109.495 Y100.94
G1 F1500 X111.374 Y99.061 E1201.12009
G0 F9000 X111.94 Y99.061
G1 F1500 X110.06 Y100.94 E1201.17313
G0 F9000 X110.626 Y100.94
G1 F1500 X112.506 Y99.061 E1201.22618
G0 F9000 X113.071 Y99.061
G1 F1500 X111.192 Y100.94 E1201.2792
G0 F9000 X111.758 Y100.94
G1 F1500 X113.637 Y99.061 E1201.33223
G0 F9000 X114.203 Y99.061
G1 F1500 X112.323 Y100.94 E1201.38528
G0 F9000 X112.889 Y100.94
G1 F1500 X114.768 Y99.061 E1201.43831
G0 F9000 X115.334 Y99.061
G1 F1500 X113.455 Y100.94 E1201.49134
G0 F9000 X114.02 Y100.94
G1 F1500 X115.9 Y99.061 E1201.54438
G0 F9000 X116.465 Y99.061
G1 F1500 X114.586 Y100.94 E1201.59741
G0 F9000 X115.152 Y100.94
G1 F1500 X117.031 Y99.061 E1201.65044
G0 F9000 X117.598 Y99.06
G1 F1500 X115.717 Y100.94 E1201.70351
G0 F9000 X116.283 Y100.94
G1 F1500 X118.163 Y99.06 E1201.75657
G0 F9000 X118.729 Y99.06
G1 F1500 X116.849 Y100.94 E1201.80963
G0 F9000 X117.414 Y100.94
G1 F1500 X119.295 Y99.06 E1201.8627
G0 F9000 X119.86 Y99.06
G1 F1500 X117.98 Y100.94 E1201.91576
G0 F9000 X118.546 Y100.94
G1 F1500 X120.426 Y99.06 E1201.96881
G0 F9000 X120.992 Y99.06
G1 F1500 X119.111 Y100.94 E1202.02188
G0 F9000 X119.677 Y100.94
G1 F1500 X121.557 Y99.06 E1202.07494
G0 F9000 X122.123 Y99.06
G1 F1500 X120.243 Y100.94 E1202.128
G0 F9000 X120.808 Y100.94
G1 F1500 X122.689 Y99.06 E1202.18107
G0 F9000 X123.254 Y99.06
G1 F1500 X121.374 Y100.94 E1202.23413
G0 F9000 X121.94 Y100.94
G1 F1500 X123.82 Y99.06 E1202.28719
G0 F9000 X124.386 Y99.06
G1 F1500 X122.506 Y100.94 E1202.34024
G0 F9000 X123.071 Y100.94
G1 F1500 X124.951 Y99.06 E1202.3933
G0 F9000 X125.517 Y99.06
G1 F1500 X123.637 Y100.94 E1202.44636
G0 F9000 X124.203 Y100.94
G1 F1500 X126.083 Y99.06 E1202.49942
G0 F9000 X126.648 Y99.06
G1 F1500 X124.768 Y100.94 E1202.55248
G0 F9000 X125.334 Y100.94
G1 F1500 X127.214 Y99.06 E1202.60553
G0 F9000 X127.78 Y99.06
G1 F1500 X125.9 Y100.94 E1202.65859
G0 F9000 X126.465 Y100.94
G1 F1500 X128.346 Y99.06 E1202.71166
G0 F9000 X128.911 Y99.06
G1 F1500 X127.031 Y100.94 E1202.76472
G0 F9000 X127.597 Y100.94
G1 F1500 X129.477 Y99.06 E1202.81778
G0 F9000 X130.043 Y99.06
G1 F1500 X128.162 Y100.94 E1202.87085
G0 F9000 X128.728 Y100.94
G1 F1500 X130.608 Y99.06 E1202.92391
G0 F9000 X131.174 Y99.06
G1 F1500 X129.294 Y100.94 E1202.97697
G0 F9000 X129.859 Y100.94
G1 F1500 X131.74 Y99.06 E1203.03004
G0 F9000 X132.305 Y99.06
G1 F1500 X130.425 Y100.94 E1203.08309
G0 F9000 X130.991 Y100.94
G1 F1500 X132.851 Y99.081 E1203.13557
G0 F9000 X133.329 Y99.167
G1 F1500 X131.557 Y100.94 E1203.1856
G0 F9000 X132.122 Y100.94
G1 F1500 X133.755 Y99.307 E1203.23168
G0 F9000 X134.145 Y99.484
G1 F1500 X132.672 Y100.956 E1203.27324
G0 F9000 X133.134 Y101.06
G1 F1500 X134.494 Y99.7 E1203.31162
G0 F9000 X134.806 Y99.954
G1 F1500 X133.478 Y101.281 E1203.34909
G0 F9000 X133.737 Y101.589
G1 F1500 X135.084 Y100.242 E1203.3871
G0 F9000 X135.33 Y100.561
G1 F1500 X133.947 Y101.944 E1203.42613
G0 F9000 X134.057 Y102.4
G1 F1500 X135.54 Y100.917 E1203.46799
G0 F9000 X135.715 Y101.307
G1 F1500 X134.057 Y102.965 E1203.51478
G0 F9000 X134.057 Y103.531
G1 F1500 X135.849 Y101.739 E1203.56535
G0 F9000 X135.919 Y102.234
G1 F1500 X134.057 Y104.097 E1203.61792
G0 F9000 X134.057 Y104.662
G1 F1500 X135.936 Y102.783 E1203.67095
G0 F9000 X135.936 Y103.349
G1 F1500 X134.057 Y105.228 E1203.72398
G0 F9000 X134.057 Y105.794
G1 F1500 X135.936 Y103.914 E1203.77702
G0 F9000 X135.936 Y104.48
G1 F1500 X134.057 Y106.359 E1203.83005
G0 F9000 X134.057 Y106.925
G1 F1500 X135.936 Y105.046 E1203.88308
G0 F9000 X135.936 Y105.611
G1 F1500 X134.057 Y107.491 E1203.93612
G0 F9000 X134.057 Y108.057
G1 F1500 X135.936 Y106.177 E1203.98917
G0 F9000 X135.936 Y106.743
G1 F1500 X134.058 Y108.622 E1204.04218
G0 F9000 X134.058 Y109.187
G1 F1500 X135.936 Y107.308 E1204.0952
G0 F9000 X135.936 Y107.874
G1 F1500 X134.058 Y109.753 E1204.14821
G0 F9000 X134.058 Y110.319
G1 F1500 X135.936 Y108.44 E1204.20123
G0 F9000 X135.937 Y109.005
G1 F1500 X134.058 Y110.884 E1204.25426
G0 F9000 X134.058 Y111.45
G1 F1500 X135.937 Y109.57 E1204.3073
G0 F9000 X135.937 Y110.136
G1 F1500 X134.058 Y112.016 E1204.36034
G0 F9000 X134.058 Y112.581
G1 F1500 X135.937 Y110.702 E1204.41337
G0 F9000 X135.937 Y111.267
G1 F1500 X134.058 Y113.147 E1204.46642
G0 F9000 X134.058 Y113.713
G1 F1500 X135.937 Y111.833 E1204.51946
G0 F9000 X135.937 Y112.399
G1 F1500 X134.058 Y114.278 E1204.57249
G0 F9000 X134.058 Y114.843
G1 F1500 X135.937 Y112.965 E1204.62551
G0 F9000 X135.937 Y113.53
G1 F1500 X134.058 Y115.409 E1204.67854
G0 F9000 X134.058 Y115.975
G1 F1500 X135.937 Y114.096 E1204.73156
G0 F9000 X135.938 Y114.661
G1 F1500 X134.058 Y116.54 E1204.78461
G0 F9000 X134.058 Y117.106
G1 F1500 X135.938 Y115.227 E1204.83765
G0 F9000 X135.938 Y115.792
G1 F1500 X134.058 Y117.672 E1204.89071
G0 F9000 X134.058 Y118.237
G1 F1500 X135.938 Y116.358 E1204.94375
G0 F9000 X135.938 Y116.924
G1 F1500 X134.058 Y118.803 E1204.9968
G0 F9000 X134.058 Y119.369
G1 F1500 X135.938 Y117.489 E1205.04985
G0 F9000 X135.938 Y118.055
G1 F1500 X134.058 Y119.935 E1205.10291
G0 F9000 X134.059 Y120.499
G1 F1500 X135.938 Y118.621 E1205.15593
G0 F9000 X135.938 Y119.186
G1 F1500 X134.059 Y121.065 E1205.20896
G0 F9000 X134.059 Y121.631
G1 F1500 X135.938 Y119.752 E1205.26199
G0 F9000 X135.938 Y120.318
G1 F1500 X134.059 Y122.197 E1205.31502
G0 F9000 X134.059 Y122.762
G1 F1500 X135.938 Y120.883 E1205.36805
G0 F9000 X135.938 Y121.448
G1 F1500 X134.059 Y123.328 E1205.42109
G0 F9000 X134.059 Y123.894
G1 F1500 X135.938 Y122.014 E1205.47413
G0 F9000 X135.938 Y122.58
G1 F1500 X134.059 Y124.459 E1205.52716
G0 F9000 X134.059 Y125.025
G1 F1500 X135.938 Y123.145 E1205.58021
G0 F9000 X135.938 Y123.711
G1 F1500 X134.059 Y125.591 E1205.63325
G0 F9000 X134.059 Y126.156
G1 F1500 X135.938 Y124.277 E1205.68628
G0 F9000 X135.938 Y124.843
G1 F1500 X134.06 Y126.721 E1205.73928
G0 F9000 X134.06 Y127.287
G1 F1500 X135.938 Y125.408 E1205.79229
G0 F9000 X135.938 Y125.974
G1 F1500 X134.06 Y127.853 E1205.84531
G0 F9000 X134.06 Y128.418
G1 F1500 X135.939 Y126.539 E1205.89834
G0 F9000 X135.939 Y127.105
G1 F1500 X134.06 Y128.984 E1205.95137
G0 F9000 X134.06 Y129.55
G1 F1500 X135.939 Y127.67 E1206.00441
G0 F9000 X135.939 Y128.236
G1 F1500 X134.06 Y130.115 E1206.05744
G0 F9000 X134.06 Y130.681
G1 F1500 X135.939 Y128.802 E1206.11047
G0 F9000 X135.939 Y129.367
G1 F1500 X134.06 Y131.247 E1206.16352
G0 F9000 X134.06 Y131.812
G1 F1500 X135.939 Y129.933 E1206.21654
G0 F9000 X135.939 Y130.499
G1 F1500 X134.06 Y132.378 E1206.26957
G0 F9000 X133.939 Y133.064
G1 F1500 X135.939 Y131.064 E1206.32602
G1 F2700 E1201.32602
G0 F9000 X136.4 Y131.064
G0 X136.312 Y102.092
G0 X136.151 Y101.323
G0 X135.816 Y100.577
G0 X135.353 Y99.94
G0 X134.753 Y99.393
G0 X134.077 Y99.005
G0 X133.297 Y98.744
G0 X132.821 Y98.697
G0 X102.89 Y98.601
G1 F2700 E1206.32602
G0 F9000 X102.889 Y99.061
G1 F1500 X99.061 Y102.889 E1206.43405
G0 F9000 X99.073 Y102.311
G1 F1500 X102.311 Y99.073 E1206.52544
G0 F9000 X101.652 Y99.166
G1 F1500 X99.17 Y101.649 E1206.5955
G0 F9000 X98.727 Y101.531
G0 X99.227 Y100.392
G0 X99.61 Y100.643
G1 F1500 X100.643 Y99.609 E1206.62467
;TIME_ELAPSED:3015.546507
G1 F2700 E1201.62467
M140 S0
M107
G91 ;Relative positioning
G1 E-2 F2700 ;Retract a bit
G1 E-2 Z0.2 F2400 ;Retract and raise Z
G1 X5 Y5 F3000 ;Wipe out
G1 Z10 ;Raise Z more
G90 ;Absolute positioning

G1 X0 Y235 ;Present print
M106 S0 ;Turn-off fan
M104 S0 ;Turn-off hotend
M140 S0 ;Turn-off bed

M84 X Y E ;Disable all steppers but Z

M82 ;absolute extrusion mode
M104 S0
;End of Gcode
;SETTING_3 {"global_quality": "[general]\\nversion = 4\\nname = Super Quality #2
;SETTING_3 \\ndefinition = creality_ender3\\n\\n[metadata]\\ntype = quality_chan
;SETTING_3 ges\\nquality_type = super\\nsetting_version = 25\\n\\n[values]\\nsup
;SETTING_3 port_structure = tree\\n\\n", "extruder_quality": ["[general]\\nversi
;SETTING_3 on = 4\\nname = Super Quality #2\\ndefinition = creality_ender3\\n\\n
;SETTING_3 [metadata]\\ntype = quality_changes\\nquality_type = super\\nsetting_
;SETTING_3 version = 25\\nposition = 0\\n\\n[values]\\nsupport_type = buildplate
;SETTING_3 \\n\\n"]}
